# Blender 5.1.0
# www.blender.org
mtllib foco.mtl
o Lamp
v 0.219498 1.451549 -0.004051
v 0.220723 1.447020 -0.005276
v 0.222125 1.443102 -0.006677
v 0.232989 1.434829 0.002647
v 0.235708 1.430564 0.002647
v 0.236558 1.422392 0.002647
v 0.232943 1.415222 0.002647
v 0.226259 1.409735 0.002647
v 0.222071 1.407897 0.002647
v 0.218050 1.406830 0.002873
v 0.224347 1.439186 -0.008899
v 0.222272 1.451549 0.002647
v 0.224005 1.447020 0.002647
v 0.225987 1.443102 0.002647
v 0.229129 1.439186 0.002647
v 0.231452 1.434829 0.010372
v 0.233964 1.430564 0.011413
v 0.235056 1.426345 0.011865
v 0.234749 1.422392 0.011738
v 0.233478 1.418660 0.011211
v 0.231410 1.415222 0.010355
v 0.228626 1.412208 0.009202
v 0.225235 1.409735 0.007797
v 0.221366 1.407897 0.006194
v 0.218170 1.406925 0.004874
v 0.206104 1.451549 0.009344
v 0.204878 1.447020 0.010569
v 0.203477 1.443102 0.011970
v 0.201255 1.439186 0.014192
v 0.216425 1.451549 -0.006104
v 0.227076 1.434829 0.016922
v 0.228999 1.430564 0.018844
v 0.229834 1.426345 0.019680
v 0.229599 1.422392 0.019445
v 0.228626 1.418660 0.018472
v 0.227043 1.415222 0.016889
v 0.224913 1.412208 0.014759
v 0.222317 1.409735 0.012163
v 0.219356 1.407897 0.009202
v 0.216667 1.406830 0.006219
v 0.217089 1.447020 -0.007705
v 0.217847 1.443102 -0.009535
v 0.219049 1.439186 -0.012438
v 0.212801 1.451549 -0.006825
v 0.212801 1.447020 -0.008558
v 0.220526 1.434829 0.021298
v 0.221567 1.430564 0.023810
v 0.222019 1.426345 0.024901
v 0.221892 1.422392 0.024595
v 0.221366 1.418660 0.023324
v 0.220509 1.415222 0.021256
v 0.219356 1.412208 0.018472
v 0.217951 1.409735 0.015081
v 0.216348 1.407897 0.011211
v 0.214783 1.406830 0.007432
v 0.212801 1.443102 -0.010539
v 0.212801 1.439186 -0.013681
v 0.212801 1.439186 0.018975
v 0.212801 1.443102 0.015832
v 0.212801 1.447020 0.013851
v 0.212801 1.434829 0.022834
v 0.212801 1.430564 0.025554
v 0.212801 1.426345 0.026735
v 0.212801 1.422392 0.026403
v 0.212801 1.418660 0.025027
v 0.212801 1.415222 0.022789
v 0.212801 1.412208 0.019776
v 0.212801 1.409735 0.016105
v 0.212801 1.407897 0.011917
v 0.212593 1.406830 0.007907
v 0.212801 1.451549 0.012118
v 0.227886 1.439186 -0.003602
v 0.224983 1.443102 -0.002399
v 0.223152 1.447020 -0.001641
v 0.221551 1.451549 -0.000978
v 0.205075 1.434829 0.021298
v 0.204035 1.430564 0.023810
v 0.203583 1.426345 0.024901
v 0.203710 1.422392 0.024595
v 0.204236 1.418660 0.023324
v 0.205093 1.415222 0.021256
v 0.206246 1.412208 0.018472
v 0.207651 1.409735 0.015081
v 0.209253 1.407897 0.011211
v 0.210580 1.406925 0.008018
v 0.219498 1.451549 0.009344
v 0.220723 1.447020 0.010569
v 0.222125 1.443102 0.011970
v 0.224347 1.439186 0.014192
v 0.206104 1.451549 -0.004051
v 0.198526 1.434829 0.016922
v 0.196603 1.430564 0.018844
v 0.195768 1.426345 0.019680
v 0.196002 1.422392 0.019445
v 0.196975 1.418660 0.018472
v 0.198558 1.415222 0.016889
v 0.200689 1.412208 0.014759
v 0.203284 1.409735 0.012163
v 0.206246 1.407897 0.009202
v 0.209250 1.406830 0.006519
v 0.204878 1.447020 -0.005276
v 0.203477 1.443102 -0.006677
v 0.201255 1.439186 -0.008899
v 0.227886 1.439186 0.008895
v 0.224983 1.443102 0.007693
v 0.194150 1.434829 0.010372
v 0.191637 1.430564 0.011413
v 0.190546 1.426345 0.011865
v 0.190853 1.422392 0.011738
v 0.192124 1.418660 0.011211
v 0.194192 1.415222 0.010355
v 0.196975 1.412208 0.009202
v 0.200367 1.409735 0.007797
v 0.204236 1.407897 0.006194
v 0.208038 1.406830 0.004619
v 0.223152 1.447020 0.006934
v 0.221551 1.451549 0.006271
v 0.197716 1.439186 0.008895
v 0.200619 1.443102 0.007693
v 0.202449 1.447020 0.006934
v 0.192613 1.434829 0.002647
v 0.189894 1.430564 0.002647
v 0.188713 1.426345 0.002647
v 0.189044 1.422392 0.002647
v 0.190420 1.418660 0.002647
v 0.192659 1.415222 0.002647
v 0.195671 1.412208 0.002647
v 0.199342 1.409735 0.002647
v 0.203530 1.407897 0.002647
v 0.207552 1.406830 0.002420
v 0.204050 1.451549 0.006271
v 0.196473 1.439186 0.002647
v 0.199615 1.443102 0.002647
v 0.201597 1.447020 0.002647
v 0.203329 1.451549 0.002647
v 0.194150 1.434829 -0.005079
v 0.191637 1.430564 -0.006119
v 0.190546 1.426345 -0.006571
v 0.190853 1.422392 -0.006445
v 0.192124 1.418660 -0.005918
v 0.194192 1.415222 -0.005061
v 0.196975 1.412208 -0.003908
v 0.200367 1.409735 -0.002504
v 0.204236 1.407897 -0.000901
v 0.207432 1.406925 0.000419
v 0.215856 1.406640 0.003966
v 0.216425 1.451549 0.011397
v 0.217089 1.447020 0.012998
v 0.217847 1.443102 0.014829
v 0.219049 1.439186 0.017732
v 0.206552 1.439186 0.017732
v 0.198526 1.434829 -0.011628
v 0.196603 1.430564 -0.013551
v 0.195768 1.426345 -0.014386
v 0.196002 1.422392 -0.014152
v 0.196975 1.418660 -0.013179
v 0.198558 1.415222 -0.011596
v 0.200689 1.412208 -0.009466
v 0.203284 1.409735 -0.006870
v 0.206246 1.407897 -0.003908
v 0.208934 1.406830 -0.000926
v 0.207755 1.443102 0.014829
v 0.208513 1.447020 0.012998
v 0.209176 1.451549 0.011397
v 0.206552 1.439186 -0.012438
v 0.207755 1.443102 -0.009535
v 0.205075 1.434829 -0.016004
v 0.204035 1.430564 -0.018517
v 0.203583 1.426345 -0.019608
v 0.203710 1.422392 -0.019302
v 0.204236 1.418660 -0.018030
v 0.205093 1.415222 -0.015962
v 0.206246 1.412208 -0.013179
v 0.207651 1.409735 -0.009787
v 0.209253 1.407897 -0.005918
v 0.210819 1.406830 -0.002138
v 0.208513 1.447020 -0.007705
v 0.209176 1.451549 -0.006104
v 0.204050 1.451549 -0.000978
v 0.202450 1.447020 -0.001641
v 0.200619 1.443102 -0.002399
v 0.212801 1.434829 -0.017541
v 0.212801 1.430564 -0.020260
v 0.212801 1.426345 -0.021442
v 0.212801 1.422392 -0.021110
v 0.212801 1.418660 -0.019734
v 0.212801 1.415222 -0.017495
v 0.212801 1.412208 -0.014483
v 0.212801 1.409735 -0.010812
v 0.212801 1.407897 -0.006624
v 0.213009 1.406830 -0.002613
v 0.197716 1.439186 -0.003602
v 0.219636 1.456640 -0.000185
v 0.218032 1.456640 -0.002585
v 0.215632 1.456640 -0.004188
v 0.212801 1.456640 -0.004752
v 0.220526 1.434829 -0.016004
v 0.221567 1.430564 -0.018517
v 0.222019 1.426345 -0.019608
v 0.221892 1.422392 -0.019302
v 0.221366 1.418660 -0.018030
v 0.220509 1.415222 -0.015962
v 0.219356 1.412208 -0.013179
v 0.217951 1.409735 -0.009787
v 0.216348 1.407897 -0.005918
v 0.215022 1.406925 -0.002725
v 0.209970 1.456640 -0.004188
v 0.207569 1.456640 -0.002585
v 0.205966 1.456640 -0.000185
v 0.205403 1.456640 0.002647
v 0.205966 1.456640 0.005478
v 0.227076 1.434829 -0.011628
v 0.228999 1.430564 -0.013551
v 0.229834 1.426345 -0.014386
v 0.229599 1.422392 -0.014152
v 0.228626 1.418660 -0.013179
v 0.227043 1.415222 -0.011596
v 0.224913 1.412208 -0.009466
v 0.222317 1.409735 -0.006870
v 0.219356 1.407897 -0.003908
v 0.216352 1.406830 -0.001225
v 0.207569 1.456640 0.007878
v 0.209970 1.456640 0.009482
v 0.212801 1.456640 0.010045
v 0.215632 1.456640 0.009482
v 0.218032 1.456640 0.007878
v 0.231452 1.434829 -0.005079
v 0.233964 1.430564 -0.006119
v 0.235056 1.426345 -0.006571
v 0.234749 1.422392 -0.006445
v 0.233478 1.418660 -0.005918
v 0.231410 1.415222 -0.005061
v 0.228626 1.412208 -0.003908
v 0.225235 1.409735 -0.002504
v 0.221366 1.407897 -0.000901
v 0.217563 1.406830 0.000674
v 0.219636 1.456640 0.005478
v 0.220199 1.456640 0.002647
v 0.209745 1.406640 0.001327
v 0.211803 1.406640 0.000239
v 0.236889 1.426345 0.002647
v 0.214028 1.406640 -0.000447
v 0.235182 1.418660 0.002647
v 0.210483 1.406640 0.003607
v 0.229930 1.412208 0.002647
v 0.212801 1.406640 0.002647
v 0.215119 1.406640 0.001687
v 0.211573 1.406640 0.005740
v 0.213798 1.406640 0.005055
v 0.204926 1.451549 -0.002615
v 0.234542 1.432682 0.002647
v 0.224220 1.408732 0.002647
v 0.219898 1.407248 0.002675
v 0.223764 1.443102 0.009972
v 0.207539 1.451549 0.010521
v 0.205476 1.443102 0.013610
v 0.201813 1.447020 0.000461
v 0.196788 1.439186 -0.000539
v 0.232887 1.432682 0.010967
v 0.234692 1.428438 0.011714
v 0.235052 1.424334 0.011864
v 0.234217 1.420497 0.011518
v 0.232539 1.416896 0.010822
v 0.230101 1.413654 0.009813
v 0.226999 1.410898 0.008528
v 0.223351 1.408732 0.007017
v 0.219421 1.407260 0.005390
v 0.232599 1.434829 0.006585
v 0.221893 1.407897 0.004455
v 0.226000 1.409735 0.005272
v 0.235266 1.430564 0.007115
v 0.218056 1.406846 0.003970
v 0.203485 1.447020 -0.003578
v 0.236100 1.422392 0.007281
v 0.199226 1.439186 -0.006424
v 0.232555 1.415222 0.006576
v 0.220126 1.443102 0.013610
v 0.210229 1.443102 -0.010285
v 0.207539 1.451549 -0.005228
v 0.205476 1.443102 -0.008316
v 0.210953 1.451549 0.011936
v 0.210229 1.443102 0.015578
v 0.228174 1.432682 0.018020
v 0.229555 1.428438 0.019401
v 0.229831 1.424334 0.019677
v 0.229192 1.420497 0.019038
v 0.227908 1.416896 0.017753
v 0.226042 1.413654 0.015888
v 0.223668 1.410898 0.013513
v 0.220876 1.408732 0.010721
v 0.217839 1.407248 0.007648
v 0.227043 1.412208 0.012163
v 0.229547 1.415222 0.013836
v 0.210953 1.451549 -0.006642
v 0.199869 1.443102 0.000074
v 0.223990 1.409735 0.010123
v 0.229585 1.434829 0.013862
v 0.220508 1.407897 0.007797
v 0.231846 1.430564 0.015372
v 0.217447 1.406846 0.005440
v 0.232828 1.426345 0.016029
v 0.226376 1.439186 0.011717
v 0.232553 1.422392 0.015844
v 0.206577 1.447020 0.011962
v 0.231409 1.418660 0.015080
v 0.203730 1.439186 0.016222
v 0.214649 1.451549 0.011936
v 0.215373 1.443102 0.015578
v 0.214649 1.451549 -0.006642
v 0.215373 1.443102 -0.010285
v 0.204926 1.451549 0.007908
v 0.221121 1.432682 0.022733
v 0.221868 1.428438 0.024538
v 0.222018 1.424334 0.024898
v 0.221672 1.420497 0.024063
v 0.220977 1.416896 0.022385
v 0.219967 1.413654 0.019947
v 0.218682 1.410898 0.016845
v 0.217171 1.408732 0.013197
v 0.215514 1.407248 0.009196
v 0.215783 1.406830 0.006908
v 0.225999 1.422392 0.022398
v 0.226183 1.426345 0.022674
v 0.206577 1.447020 -0.006669
v 0.209616 1.439186 -0.013367
v 0.225234 1.418660 0.021254
v 0.203730 1.439186 -0.010929
v 0.223990 1.415222 0.019393
v 0.210615 1.447020 0.013635
v 0.222317 1.412208 0.016888
v 0.209616 1.439186 0.018660
v 0.220278 1.409735 0.013836
v 0.224016 1.434829 0.019431
v 0.217951 1.407897 0.010354
v 0.225527 1.430564 0.021692
v 0.201838 1.443102 0.009972
v 0.222090 1.451549 0.004494
v 0.225732 1.443102 0.005219
v 0.203512 1.451549 0.004494
v 0.199869 1.443102 0.005219
v 0.212801 1.432682 0.024388
v 0.212801 1.428438 0.026341
v 0.212801 1.424334 0.026732
v 0.212801 1.420497 0.025828
v 0.212801 1.416896 0.024011
v 0.212801 1.413654 0.021373
v 0.212801 1.410898 0.018015
v 0.212801 1.408732 0.014066
v 0.212775 1.407248 0.009746
v 0.215426 1.409735 0.015846
v 0.216142 1.412208 0.019446
v 0.216739 1.434829 0.022445
v 0.203485 1.447020 0.008871
v 0.214609 1.407897 0.011738
v 0.217270 1.430564 0.025112
v 0.213706 1.406830 0.007769
v 0.217500 1.426345 0.026271
v 0.214987 1.447020 0.013635
v 0.217435 1.422392 0.025945
v 0.215986 1.439186 0.018660
v 0.217167 1.418660 0.024596
v 0.214987 1.447020 -0.008342
v 0.216730 1.415222 0.022401
v 0.215986 1.439186 -0.013367
v 0.218063 1.451549 -0.005228
v 0.220126 1.443102 -0.008316
v 0.222090 1.451549 0.000799
v 0.225732 1.443102 0.000074
v 0.220676 1.451549 -0.002615
v 0.204481 1.432682 0.022733
v 0.203733 1.428438 0.024538
v 0.203584 1.424334 0.024898
v 0.203930 1.420497 0.024063
v 0.204625 1.416896 0.022385
v 0.205635 1.413654 0.019947
v 0.206920 1.410898 0.016845
v 0.208431 1.408732 0.013197
v 0.210059 1.407260 0.009268
v 0.223789 1.447020 0.004832
v 0.199226 1.439186 0.011717
v 0.208435 1.418660 0.024596
v 0.208166 1.422392 0.025945
v 0.228814 1.439186 0.005832
v 0.208872 1.415222 0.022401
v 0.201813 1.447020 0.004832
v 0.209459 1.412208 0.019446
v 0.196788 1.439186 0.005832
v 0.210175 1.409735 0.015846
v 0.208863 1.434829 0.022445
v 0.210992 1.407897 0.011738
v 0.208332 1.430564 0.025112
v 0.211491 1.406846 0.007907
v 0.208102 1.426345 0.026271
v 0.223764 1.443102 -0.004678
v 0.220128 1.449196 -0.004681
v 0.223123 1.441191 -0.007675
v 0.223163 1.449196 0.002647
v 0.227399 1.441191 0.002647
v 0.197427 1.432682 0.018020
v 0.196046 1.428438 0.019401
v 0.195770 1.424334 0.019677
v 0.196409 1.420497 0.019038
v 0.197694 1.416896 0.017753
v 0.199560 1.413654 0.015888
v 0.201934 1.410898 0.013513
v 0.204726 1.408732 0.010721
v 0.207802 1.407248 0.007685
v 0.201586 1.434829 0.019431
v 0.222116 1.447020 -0.003578
v 0.207651 1.407897 0.010354
v 0.205324 1.409735 0.013836
v 0.200075 1.430564 0.021692
v 0.210020 1.406846 0.007298
v 0.199419 1.426345 0.022674
v 0.219025 1.447020 -0.006669
v 0.199603 1.422392 0.022398
v 0.221872 1.439186 -0.010929
v 0.200368 1.418660 0.021254
v 0.223789 1.447020 0.000461
v 0.201611 1.415222 0.019393
v 0.228814 1.439186 -0.000539
v 0.203285 1.412208 0.016888
v 0.205473 1.449196 0.009974
v 0.202479 1.441191 0.012969
v 0.216766 1.449196 -0.006927
v 0.218387 1.441191 -0.010840
v 0.212801 1.449196 -0.007716
v 0.192714 1.432682 0.010967
v 0.190910 1.428438 0.011714
v 0.190549 1.424334 0.011864
v 0.191384 1.420497 0.011518
v 0.193063 1.416896 0.010822
v 0.195500 1.413654 0.009813
v 0.198603 1.410898 0.008528
v 0.202251 1.408732 0.007017
v 0.206255 1.407248 0.005358
v 0.194193 1.418660 0.015080
v 0.193049 1.422392 0.015844
v 0.225733 1.437032 -0.010285
v 0.221354 1.445014 -0.005907
v 0.196054 1.415222 0.013836
v 0.224897 1.445014 0.002647
v 0.198559 1.412208 0.012163
v 0.231090 1.437032 0.002647
v 0.201611 1.409735 0.010123
v 0.196016 1.434829 0.013862
v 0.205093 1.407897 0.007797
v 0.193756 1.430564 0.015372
v 0.208564 1.406830 0.005628
v 0.192773 1.426345 0.016029
v 0.226376 1.439186 -0.006424
v 0.212801 1.441191 -0.011951
v 0.212801 1.441191 0.017244
v 0.212801 1.449196 0.013009
v 0.226287 1.441191 -0.002940
v 0.222375 1.449196 -0.001319
v 0.191059 1.432682 0.002647
v 0.189106 1.428438 0.002647
v 0.188716 1.424334 0.002647
v 0.189620 1.420497 0.002647
v 0.191437 1.416896 0.002647
v 0.194075 1.413654 0.002647
v 0.197433 1.410898 0.002647
v 0.201381 1.408732 0.002647
v 0.205703 1.407248 0.002618
v 0.203709 1.407897 0.004455
v 0.199602 1.409735 0.005272
v 0.190335 1.430564 0.007115
v 0.193002 1.434829 0.006585
v 0.207696 1.406830 0.003535
v 0.189177 1.426345 0.007346
v 0.204247 1.445014 0.011200
v 0.189502 1.422392 0.007281
v 0.199869 1.437032 0.015579
v 0.190852 1.418660 0.007013
v 0.217430 1.445014 -0.008529
v 0.193047 1.415222 0.006576
v 0.219800 1.437032 -0.014250
v 0.196002 1.412208 0.005988
v 0.212801 1.445014 -0.009450
v 0.220128 1.449196 0.009974
v 0.223123 1.441191 0.012969
v 0.205473 1.449196 -0.004681
v 0.202479 1.441191 -0.007675
v 0.226287 1.441191 0.008233
v 0.192714 1.432682 -0.005673
v 0.190910 1.428438 -0.006421
v 0.190549 1.424334 -0.006570
v 0.191384 1.420497 -0.006224
v 0.193063 1.416896 -0.005529
v 0.195500 1.413654 -0.004519
v 0.198603 1.410898 -0.003234
v 0.202251 1.408732 -0.001723
v 0.206180 1.407260 -0.000096
v 0.212686 1.406640 0.005456
v 0.212801 1.454054 0.011116
v 0.212801 1.445014 0.014743
v 0.193047 1.415222 -0.001283
v 0.190852 1.418660 -0.001719
v 0.223977 1.445014 -0.001982
v 0.196002 1.412208 -0.000695
v 0.220625 1.454054 -0.000594
v 0.199602 1.409735 0.000021
v 0.193002 1.434829 -0.001291
v 0.203709 1.407897 0.000838
v 0.190335 1.430564 -0.001822
v 0.207546 1.406846 0.001324
v 0.189177 1.426345 -0.002052
v 0.212801 1.437032 -0.015642
v 0.189502 1.422392 -0.001988
v 0.222375 1.449196 0.006612
v 0.199314 1.441191 0.008233
v 0.203227 1.449196 0.006612
v 0.198203 1.441191 0.002647
v 0.202438 1.449196 0.002647
v 0.197427 1.432682 -0.012727
v 0.196046 1.428438 -0.014108
v 0.195770 1.424334 -0.014384
v 0.196409 1.420497 -0.013745
v 0.197694 1.416896 -0.012460
v 0.199560 1.413654 -0.010594
v 0.201934 1.410898 -0.008220
v 0.204726 1.408732 -0.005428
v 0.207763 1.407248 -0.002355
v 0.193756 1.430564 -0.010079
v 0.196016 1.434829 -0.008568
v 0.208155 1.406846 -0.000147
v 0.205093 1.407897 -0.002503
v 0.192773 1.426345 -0.010735
v 0.221354 1.445014 0.011200
v 0.193049 1.422392 -0.010551
v 0.225733 1.437032 0.015579
v 0.194193 1.418660 -0.009787
v 0.204247 1.445014 -0.005907
v 0.196054 1.415222 -0.008543
v 0.199869 1.437032 -0.010285
v 0.198559 1.412208 -0.006869
v 0.223977 1.445014 0.007276
v 0.201611 1.409735 -0.004830
v 0.216766 1.449196 0.012220
v 0.218387 1.441191 0.016133
v 0.207215 1.441191 0.016133
v 0.208835 1.449196 0.012220
v 0.207215 1.441191 -0.010840
v 0.204481 1.432682 -0.017440
v 0.203733 1.428438 -0.019244
v 0.203584 1.424334 -0.019605
v 0.203930 1.420497 -0.018770
v 0.204625 1.416896 -0.017091
v 0.205635 1.413654 -0.014654
v 0.206920 1.410898 -0.011551
v 0.208431 1.408732 -0.007903
v 0.210088 1.407248 -0.003902
v 0.201611 1.415222 -0.014100
v 0.200368 1.418660 -0.015961
v 0.200704 1.445014 0.002647
v 0.204976 1.454054 0.005888
v 0.203285 1.412208 -0.011595
v 0.204332 1.454054 0.002647
v 0.205324 1.409735 -0.008543
v 0.201586 1.434829 -0.014138
v 0.207651 1.407897 -0.005061
v 0.200075 1.430564 -0.016399
v 0.209819 1.406830 -0.001615
v 0.199419 1.426345 -0.017381
v 0.220625 1.454054 0.005888
v 0.199603 1.422392 -0.017105
v 0.201625 1.445014 0.007276
v 0.208835 1.449196 -0.006927
v 0.203227 1.449196 -0.001319
v 0.199314 1.441191 -0.002940
v 0.204976 1.454054 -0.000594
v 0.205802 1.437032 -0.014250
v 0.212801 1.432682 -0.019095
v 0.212801 1.428438 -0.021048
v 0.212801 1.424334 -0.021438
v 0.212801 1.420497 -0.020534
v 0.212801 1.416896 -0.018717
v 0.212801 1.413654 -0.016079
v 0.212801 1.410898 -0.012721
v 0.212801 1.408732 -0.008773
v 0.212827 1.407248 -0.004452
v 0.211896 1.406830 -0.002475
v 0.210992 1.407897 -0.006445
v 0.208102 1.426345 -0.020977
v 0.208332 1.430564 -0.019819
v 0.217430 1.445014 0.013822
v 0.208166 1.422392 -0.020652
v 0.219800 1.437032 0.019543
v 0.208435 1.418660 -0.019303
v 0.208172 1.445014 0.013822
v 0.208872 1.415222 -0.017107
v 0.209560 1.454054 0.010471
v 0.209459 1.412208 -0.014153
v 0.208172 1.445014 -0.008529
v 0.210175 1.409735 -0.010552
v 0.208863 1.434829 -0.017152
v 0.205802 1.437032 0.019543
v 0.216042 1.454054 0.010471
v 0.194512 1.437032 0.002647
v 0.195904 1.437032 0.009646
v 0.229697 1.437032 0.009646
v 0.221121 1.432682 -0.017440
v 0.221868 1.428438 -0.019244
v 0.222018 1.424334 -0.019605
v 0.221672 1.420497 -0.018770
v 0.220977 1.416896 -0.017091
v 0.219967 1.413654 -0.014654
v 0.218682 1.410898 -0.011551
v 0.217171 1.408732 -0.007903
v 0.215543 1.407260 -0.003974
v 0.216142 1.412208 -0.014153
v 0.216730 1.415222 -0.017107
v 0.206812 1.454054 -0.003342
v 0.218790 1.454054 0.008635
v 0.215426 1.409735 -0.010552
v 0.216739 1.434829 -0.017152
v 0.214609 1.407897 -0.006445
v 0.217270 1.430564 -0.019819
v 0.214111 1.406846 -0.002614
v 0.217500 1.426345 -0.020977
v 0.209560 1.454054 -0.005178
v 0.217435 1.422392 -0.020652
v 0.201625 1.445014 -0.001982
v 0.217167 1.418660 -0.019303
v 0.195904 1.437032 -0.004352
v 0.229697 1.437032 -0.004352
v 0.220057 1.456640 0.001203
v 0.216911 1.456640 -0.003504
v 0.211358 1.456640 -0.004609
v 0.206650 1.456640 -0.001463
v 0.228174 1.432682 -0.012727
v 0.229555 1.428438 -0.014108
v 0.229831 1.424334 -0.014384
v 0.229192 1.420497 -0.013745
v 0.227908 1.416896 -0.012460
v 0.226042 1.413654 -0.010594
v 0.223668 1.410898 -0.008220
v 0.220876 1.408732 -0.005428
v 0.217799 1.407248 -0.002392
v 0.212801 1.437032 0.020935
v 0.215581 1.406846 -0.002004
v 0.225999 1.422392 -0.017105
v 0.226183 1.426345 -0.017381
v 0.212801 1.454054 -0.005823
v 0.225234 1.418660 -0.015961
v 0.216042 1.454054 -0.005178
v 0.223990 1.415222 -0.014100
v 0.206812 1.454054 0.008635
v 0.222317 1.412208 -0.011595
v 0.221270 1.454054 0.002647
v 0.220278 1.409735 -0.008543
v 0.224016 1.434829 -0.014138
v 0.217951 1.407897 -0.005061
v 0.225527 1.430564 -0.016399
v 0.205545 1.456640 0.004090
v 0.206650 1.456640 0.006757
v 0.208691 1.456640 0.008798
v 0.214244 1.456640 0.009902
v 0.216911 1.456640 0.008798
v 0.232887 1.432682 -0.005673
v 0.234692 1.428438 -0.006421
v 0.235052 1.424334 -0.006570
v 0.234217 1.420497 -0.006224
v 0.232539 1.416896 -0.005529
v 0.230101 1.413654 -0.004519
v 0.226999 1.410898 -0.003234
v 0.223351 1.408732 -0.001723
v 0.219347 1.407248 -0.000065
v 0.205545 1.456640 0.001203
v 0.208691 1.456640 -0.003504
v 0.223990 1.409735 -0.004830
v 0.227043 1.412208 -0.006869
v 0.229585 1.434829 -0.008568
v 0.220508 1.407897 -0.002503
v 0.231846 1.430564 -0.010079
v 0.217038 1.406830 -0.000335
v 0.232828 1.426345 -0.010735
v 0.218790 1.454054 -0.003342
v 0.232553 1.422392 -0.010551
v 0.218952 1.456640 -0.001463
v 0.231409 1.418660 -0.009787
v 0.214244 1.456640 -0.004609
v 0.229547 1.415222 -0.008543
v 0.236425 1.426345 -0.002052
v 0.234750 1.418660 -0.001719
v 0.211358 1.456640 0.009902
v 0.208803 1.406664 0.001943
v 0.229600 1.412208 -0.000695
v 0.218952 1.456640 0.006757
v 0.209376 1.406664 0.004065
v 0.210471 1.406664 0.005971
v 0.209494 1.406664 0.000255
v 0.210733 1.406640 0.000742
v 0.210057 1.406640 0.002452
v 0.211619 1.406640 0.003136
v 0.210998 1.406640 0.004725
v 0.218063 1.451549 0.010521
v 0.221872 1.439186 0.016222
v 0.220676 1.451549 0.007908
v 0.220057 1.456640 0.004090
v 0.236495 1.428438 0.002647
v 0.236886 1.424334 0.002647
v 0.235982 1.420497 0.002647
v 0.234165 1.416896 0.002647
v 0.231527 1.413654 0.002647
v 0.228169 1.410898 0.002647
v 0.212154 1.406664 0.006676
v 0.211355 1.406664 -0.000843
v 0.210615 1.447020 -0.008342
v 0.236425 1.426345 0.007346
v 0.234750 1.418660 0.007013
v 0.203512 1.451549 0.000799
v 0.229600 1.412208 0.005988
v 0.212916 1.406640 -0.000162
v 0.212286 1.406640 0.001403
v 0.213982 1.406640 0.002157
v 0.213316 1.406640 0.003890
v 0.214869 1.406640 0.004552
v 0.214246 1.406664 0.006136
v 0.213448 1.406664 -0.001383
v 0.215131 1.406664 -0.000678
v 0.214603 1.406640 0.000569
v 0.216226 1.406664 0.001228
v 0.215545 1.406640 0.002842
v 0.216799 1.406664 0.003350
v 0.216108 1.406664 0.005039
v 0.236100 1.422392 -0.001988
v 0.219025 1.447020 0.011962
v 0.201838 1.443102 -0.004678
v 0.232555 1.415222 -0.001283
v 0.222116 1.447020 0.008871
v 0.226000 1.409735 0.000021
v 0.232599 1.434829 -0.001291
v 0.221893 1.407897 0.000838
v 0.235266 1.430564 -0.001822
v 0.217905 1.406830 0.001759
v 0.206081 1.445014 0.012704
v 0.224000 1.408732 0.004874
v 0.234123 1.432682 0.006888
v 0.219779 1.407251 0.004067
v 0.236039 1.428438 0.007269
v 0.211104 1.406687 0.006797
v 0.236421 1.424334 0.007345
v 0.202744 1.445014 -0.004073
v 0.235535 1.420497 0.007169
v 0.200664 1.441191 -0.005463
v 0.233753 1.416896 0.006814
v 0.219521 1.445014 0.012704
v 0.231166 1.413654 0.006300
v 0.218558 1.449196 0.011262
v 0.227873 1.410898 0.005645
v 0.228370 1.413654 0.013050
v 0.228006 1.437032 0.012807
v 0.225578 1.410898 0.011184
v 0.207044 1.449196 0.011262
v 0.222295 1.408732 0.008991
v 0.230877 1.432682 0.014725
v 0.218739 1.407251 0.006578
v 0.232501 1.428438 0.015810
v 0.210377 1.406664 -0.000355
v 0.232825 1.424334 0.016027
v 0.221416 1.449196 0.008403
v 0.232074 1.420497 0.015525
v 0.222858 1.445014 0.009367
v 0.230563 1.416896 0.014515
v 0.224938 1.441191 0.010756
v 0.211138 1.406640 0.001910
v 0.226181 1.424334 0.022671
v 0.204691 1.441191 0.014783
v 0.225679 1.420497 0.021920
v 0.202641 1.437032 0.017852
v 0.224669 1.416896 0.020409
v 0.202638 1.449196 0.000625
v 0.223204 1.413654 0.018216
v 0.200938 1.445014 0.000287
v 0.221338 1.410898 0.015424
v 0.198485 1.441191 -0.000201
v 0.219145 1.408732 0.012141
v 0.224879 1.432682 0.020723
v 0.216752 1.407248 0.008535
v 0.225964 1.428438 0.022347
v 0.215799 1.410898 0.017718
v 0.209233 1.437032 -0.015289
v 0.215029 1.408732 0.013846
v 0.217042 1.432682 0.023969
v 0.214171 1.407248 0.009604
v 0.217423 1.428438 0.025885
v 0.212146 1.406640 0.004343
v 0.217499 1.424334 0.026267
v 0.194865 1.437032 -0.000921
v 0.217323 1.420497 0.025381
v 0.210779 1.449196 -0.007516
v 0.216969 1.416896 0.023599
v 0.210441 1.445014 -0.009217
v 0.216454 1.413654 0.021012
v 0.209953 1.441191 -0.011670
v 0.207044 1.449196 -0.005969
v 0.208279 1.420497 0.025381
v 0.206081 1.445014 -0.007411
v 0.208633 1.416896 0.023599
v 0.204691 1.441191 -0.009490
v 0.209148 1.413654 0.021012
v 0.202641 1.437032 -0.012559
v 0.209803 1.410898 0.017718
v 0.210779 1.449196 0.012809
v 0.210573 1.408732 0.013846
v 0.208560 1.432682 0.023969
v 0.211382 1.407251 0.009626
v 0.208179 1.428438 0.025885
v 0.213209 1.406664 0.006483
v 0.208102 1.424334 0.026267
v 0.215161 1.445014 0.014510
v 0.206457 1.408732 0.012141
v 0.200723 1.432682 0.020723
v 0.208871 1.407251 0.008586
v 0.199638 1.428438 0.022347
v 0.212392 1.406664 -0.001190
v 0.199421 1.424334 0.022671
v 0.210441 1.445014 0.014510
v 0.199923 1.420497 0.021920
v 0.209953 1.441191 0.016963
v 0.200932 1.416896 0.020409
v 0.209233 1.437032 0.020583
v 0.202398 1.413654 0.018216
v 0.214822 1.449196 0.012809
v 0.204263 1.410898 0.015424
v 0.193528 1.420497 0.015525
v 0.216369 1.437032 0.020583
v 0.195038 1.416896 0.014515
v 0.214822 1.449196 -0.007516
v 0.197232 1.413654 0.013050
v 0.215161 1.445014 -0.009217
v 0.200024 1.410898 0.011184
v 0.215649 1.441191 -0.011670
v 0.203307 1.408732 0.008991
v 0.194725 1.432682 0.014725
v 0.206916 1.407248 0.006598
v 0.193101 1.428438 0.015810
v 0.213456 1.406640 0.000950
v 0.192776 1.424334 0.016027
v 0.215649 1.441191 0.016963
v 0.201602 1.408732 0.004874
v 0.191478 1.432682 0.006888
v 0.205846 1.407248 0.004014
v 0.189563 1.428438 0.007269
v 0.214464 1.406640 0.003383
v 0.189180 1.424334 0.007345
v 0.216369 1.437032 -0.015289
v 0.190067 1.420497 0.007169
v 0.204185 1.449196 0.008403
v 0.191849 1.416896 0.006814
v 0.202744 1.445014 0.009367
v 0.194436 1.413654 0.006300
v 0.200664 1.441191 0.010756
v 0.197729 1.410898 0.005645
v 0.197595 1.437032 0.012807
v 0.224664 1.445014 0.005006
v 0.191849 1.416896 -0.001521
v 0.227117 1.441191 0.005494
v 0.194436 1.413654 -0.001006
v 0.230737 1.437032 0.006214
v 0.197729 1.410898 -0.000351
v 0.202638 1.449196 0.004668
v 0.201602 1.408732 0.000419
v 0.191478 1.432682 -0.001595
v 0.205822 1.407251 0.001226
v 0.189563 1.428438 -0.001976
v 0.209014 1.406664 0.003005
v 0.189180 1.424334 -0.002052
v 0.222964 1.449196 0.004668
v 0.190067 1.420497 -0.001875
v 0.194725 1.432682 -0.009431
v 0.206862 1.407251 -0.001285
v 0.193101 1.428438 -0.010516
v 0.208666 1.406687 0.000912
v 0.192776 1.424334 -0.010733
v 0.200938 1.445014 0.005006
v 0.193528 1.420497 -0.010231
v 0.198485 1.441191 0.005494
v 0.195038 1.416896 -0.009222
v 0.194865 1.437032 0.006214
v 0.197232 1.413654 -0.007756
v 0.218558 1.449196 -0.005969
v 0.200024 1.410898 -0.005891
v 0.219521 1.445014 -0.007411
v 0.203307 1.408732 -0.003697
v 0.200932 1.416896 -0.015116
v 0.222964 1.449196 0.000625
v 0.202398 1.413654 -0.012922
v 0.224664 1.445014 0.000287
v 0.204263 1.410898 -0.010130
v 0.227117 1.441191 -0.000201
v 0.206457 1.408732 -0.006848
v 0.200723 1.432682 -0.015430
v 0.208850 1.407248 -0.003241
v 0.199638 1.428438 -0.017053
v 0.215225 1.406664 0.005648
v 0.199421 1.424334 -0.017378
v 0.220910 1.441191 -0.009490
v 0.199923 1.420497 -0.016626
v 0.222961 1.437032 -0.012559
v 0.211431 1.407248 -0.004311
v 0.208179 1.428438 -0.020591
v 0.214498 1.406687 -0.001503
v 0.208102 1.424334 -0.020974
v 0.230737 1.437032 -0.000921
v 0.208279 1.420497 -0.020088
v 0.221416 1.449196 -0.003110
v 0.208633 1.416896 -0.018306
v 0.222858 1.445014 -0.004073
v 0.209148 1.413654 -0.015718
v 0.224938 1.441191 -0.005463
v 0.209803 1.410898 -0.012425
v 0.228006 1.437032 -0.007513
v 0.210573 1.408732 -0.008553
v 0.208560 1.432682 -0.018676
v 0.216454 1.413654 -0.015718
v 0.205759 1.454054 -0.002058
v 0.215799 1.410898 -0.012425
v 0.217506 1.454054 0.009688
v 0.215029 1.408732 -0.008553
v 0.217042 1.432682 -0.018676
v 0.214220 1.407251 -0.004332
v 0.217423 1.428438 -0.020591
v 0.215732 1.406664 0.000222
v 0.217499 1.424334 -0.020974
v 0.219842 1.454054 0.007352
v 0.217323 1.420497 -0.020088
v 0.208096 1.454054 0.009688
v 0.216969 1.416896 -0.018306
v 0.204495 1.454054 0.000995
v 0.216588 1.406664 0.002289
v 0.226181 1.424334 -0.017378
v 0.211149 1.454054 -0.005659
v 0.225679 1.420497 -0.016626
v 0.208096 1.454054 -0.004395
v 0.224669 1.416896 -0.015116
v 0.211149 1.454054 0.010953
v 0.223204 1.413654 -0.012922
v 0.214453 1.454054 0.010953
v 0.221338 1.410898 -0.010130
v 0.214453 1.454054 -0.005659
v 0.219145 1.408732 -0.006848
v 0.224879 1.432682 -0.015430
v 0.216731 1.407251 -0.003292
v 0.225964 1.428438 -0.017053
v 0.205759 1.454054 0.007352
v 0.225578 1.410898 -0.005891
v 0.221107 1.454054 0.004299
v 0.222295 1.408732 -0.003697
v 0.230877 1.432682 -0.009431
v 0.218686 1.407248 -0.001304
v 0.232501 1.428438 -0.010516
v 0.216935 1.406687 0.004381
v 0.232825 1.424334 -0.010733
v 0.204495 1.454054 0.004299
v 0.232074 1.420497 -0.010231
v 0.217506 1.454054 -0.004395
v 0.230563 1.416896 -0.009222
v 0.221107 1.454054 0.000995
v 0.228370 1.413654 -0.007756
v 0.236421 1.424334 -0.002052
v 0.204185 1.449196 -0.003110
v 0.235535 1.420497 -0.001875
v 0.197595 1.437032 -0.007513
v 0.233753 1.416896 -0.001521
v 0.220910 1.441191 0.014783
v 0.231166 1.413654 -0.001006
v 0.222961 1.437032 0.017852
v 0.227873 1.410898 -0.000351
v 0.219842 1.454054 -0.002058
v 0.224000 1.408732 0.000419
v 0.234123 1.432682 -0.001595
v 0.219756 1.407248 0.001279
v 0.236039 1.428438 -0.001976
v 0.209870 1.406664 0.005071
vn 0.6590 0.3625 -0.6590
vn 0.6528 0.3842 -0.6528
vn 0.5924 0.5460 -0.5924
vn 0.7865 0.6175 -0.0000
vn 0.9122 0.4098 -0.0000
vn 0.9742 -0.2256 -0.0000
vn 0.7786 -0.6275 -0.0000
vn 0.4842 -0.8749 -0.0000
vn 0.3271 -0.9450 -0.0003
vn 0.1767 -0.9842 -0.0055
vn 0.5288 0.6638 -0.5288
vn 0.9320 0.3625 -0.0000
vn 0.9233 0.3842 -0.0000
vn 0.8378 0.5460 -0.0000
vn 0.7479 0.6638 -0.0000
vn 0.7267 0.6175 0.3010
vn 0.8427 0.4098 0.3491
vn 0.9202 0.0891 0.3812
vn 0.9001 -0.2256 0.3728
vn 0.8269 -0.4460 0.3425
vn 0.7194 -0.6275 0.2980
vn 0.5893 -0.7702 0.2441
vn 0.4474 -0.8749 0.1853
vn 0.3033 -0.9446 0.1256
vn 0.1996 -0.9764 0.0826
vn -0.6590 0.3625 0.6590
vn -0.6528 0.3842 0.6528
vn -0.5924 0.5460 0.5924
vn -0.5288 0.6638 0.5288
vn 0.3567 0.3625 -0.8610
vn 0.5562 0.6175 0.5562
vn 0.6450 0.4098 0.6450
vn 0.7043 0.0891 0.7043
vn 0.6889 -0.2256 0.6889
vn 0.6329 -0.4460 0.6329
vn 0.5506 -0.6275 0.5506
vn 0.4510 -0.7702 0.4510
vn 0.3424 -0.8749 0.3424
vn 0.2312 -0.9449 0.2316
vn 0.1230 -0.9839 0.1297
vn 0.3533 0.3842 -0.8530
vn 0.3206 0.5460 -0.7740
vn 0.2862 0.6638 -0.6910
vn -0.0000 0.3625 -0.9320
vn -0.0000 0.3842 -0.9233
vn 0.3010 0.6175 0.7267
vn 0.3491 0.4098 0.8427
vn 0.3812 0.0891 0.9202
vn 0.3728 -0.2256 0.9001
vn 0.3425 -0.4460 0.8269
vn 0.2980 -0.6275 0.7194
vn 0.2441 -0.7702 0.5893
vn 0.1853 -0.8749 0.4474
vn 0.1250 -0.9451 0.3018
vn 0.0649 -0.9855 0.1568
vn -0.0000 0.5460 -0.8378
vn -0.0000 0.6638 -0.7479
vn -0.0000 0.6638 0.7479
vn -0.0000 0.5460 0.8378
vn -0.0000 0.3842 0.9233
vn -0.0000 0.6175 0.7865
vn -0.0000 0.4098 0.9122
vn -0.0000 0.0891 0.9960
vn -0.0000 -0.2256 0.9742
vn -0.0000 -0.4460 0.8950
vn -0.0000 -0.6275 0.7786
vn -0.0000 -0.7702 0.6379
vn -0.0000 -0.8749 0.4842
vn 0.0003 -0.9449 0.3272
vn 0.0047 -0.9839 0.1787
vn -0.0000 0.3625 0.9320
vn 0.6910 0.6638 -0.2862
vn 0.7740 0.5460 -0.3206
vn 0.8530 0.3842 -0.3533
vn 0.8610 0.3625 -0.3567
vn -0.3010 0.6175 0.7267
vn -0.3491 0.4098 0.8427
vn -0.3812 0.0891 0.9202
vn -0.3728 -0.2256 0.9001
vn -0.3425 -0.4460 0.8269
vn -0.2980 -0.6275 0.7194
vn -0.2441 -0.7702 0.5893
vn -0.1853 -0.8749 0.4474
vn -0.1256 -0.9446 0.3033
vn -0.0827 -0.9764 0.1996
vn 0.6590 0.3625 0.6590
vn 0.6528 0.3842 0.6528
vn 0.5924 0.5460 0.5924
vn 0.5288 0.6638 0.5288
vn -0.6590 0.3625 -0.6590
vn -0.5562 0.6175 0.5562
vn -0.6450 0.4098 0.6450
vn -0.7043 0.0891 0.7043
vn -0.6889 -0.2256 0.6889
vn -0.6329 -0.4460 0.6329
vn -0.5506 -0.6275 0.5506
vn -0.4510 -0.7702 0.4510
vn -0.3424 -0.8749 0.3424
vn -0.2316 -0.9450 0.2311
vn -0.1288 -0.9842 0.1211
vn -0.6528 0.3842 -0.6528
vn -0.5924 0.5460 -0.5924
vn -0.5288 0.6638 -0.5288
vn 0.6910 0.6638 0.2862
vn 0.7740 0.5460 0.3206
vn -0.7267 0.6175 0.3010
vn -0.8427 0.4098 0.3491
vn -0.9202 0.0891 0.3812
vn -0.9001 -0.2256 0.3728
vn -0.8269 -0.4460 0.3425
vn -0.7194 -0.6275 0.2980
vn -0.5893 -0.7702 0.2441
vn -0.4474 -0.8749 0.1853
vn -0.3016 -0.9452 0.1249
vn -0.1542 -0.9860 0.0639
vn 0.8530 0.3842 0.3533
vn 0.8610 0.3625 0.3567
vn -0.6910 0.6638 0.2862
vn -0.7740 0.5460 0.3206
vn -0.8530 0.3842 0.3533
vn -0.7865 0.6175 -0.0000
vn -0.9122 0.4098 -0.0000
vn -0.9960 0.0891 -0.0000
vn -0.9742 -0.2256 -0.0000
vn -0.8950 -0.4460 -0.0000
vn -0.7786 -0.6275 -0.0000
vn -0.6379 -0.7702 -0.0000
vn -0.4842 -0.8749 -0.0000
vn -0.3271 -0.9450 0.0003
vn -0.1767 -0.9842 0.0055
vn -0.8610 0.3625 0.3567
vn -0.7479 0.6638 -0.0000
vn -0.8378 0.5460 -0.0000
vn -0.9233 0.3842 -0.0000
vn -0.9320 0.3625 -0.0000
vn -0.7267 0.6175 -0.3010
vn -0.8427 0.4098 -0.3491
vn -0.9202 0.0891 -0.3812
vn -0.9001 -0.2256 -0.3728
vn -0.8269 -0.4460 -0.3425
vn -0.7194 -0.6275 -0.2980
vn -0.5893 -0.7702 -0.2441
vn -0.4474 -0.8749 -0.1853
vn -0.3033 -0.9446 -0.1256
vn -0.1996 -0.9764 -0.0826
vn 0.0180 -0.9998 0.0074
vn 0.3567 0.3625 0.8610
vn 0.3533 0.3842 0.8530
vn 0.3206 0.5460 0.7740
vn 0.2862 0.6638 0.6910
vn -0.2862 0.6638 0.6910
vn -0.5562 0.6175 -0.5562
vn -0.6450 0.4098 -0.6450
vn -0.7043 0.0891 -0.7043
vn -0.6889 -0.2256 -0.6889
vn -0.6329 -0.4460 -0.6329
vn -0.5506 -0.6275 -0.5506
vn -0.4510 -0.7702 -0.4510
vn -0.3424 -0.8749 -0.3424
vn -0.2312 -0.9449 -0.2316
vn -0.1230 -0.9839 -0.1297
vn -0.3206 0.5460 0.7740
vn -0.3533 0.3842 0.8530
vn -0.3567 0.3625 0.8610
vn -0.2862 0.6638 -0.6910
vn -0.3206 0.5460 -0.7740
vn -0.3010 0.6175 -0.7267
vn -0.3491 0.4098 -0.8427
vn -0.3812 0.0891 -0.9202
vn -0.3728 -0.2256 -0.9001
vn -0.3425 -0.4460 -0.8269
vn -0.2980 -0.6275 -0.7194
vn -0.2441 -0.7702 -0.5893
vn -0.1853 -0.8749 -0.4474
vn -0.1250 -0.9451 -0.3018
vn -0.0649 -0.9855 -0.1568
vn -0.3533 0.3842 -0.8530
vn -0.3567 0.3625 -0.8610
vn -0.8610 0.3625 -0.3567
vn -0.8530 0.3842 -0.3533
vn -0.7740 0.5460 -0.3206
vn -0.0000 0.6175 -0.7865
vn -0.0000 0.4098 -0.9122
vn -0.0000 0.0891 -0.9960
vn -0.0000 -0.2256 -0.9742
vn -0.0000 -0.4460 -0.8950
vn -0.0000 -0.6275 -0.7786
vn -0.0000 -0.7702 -0.6379
vn -0.0000 -0.8749 -0.4842
vn -0.0003 -0.9449 -0.3272
vn -0.0047 -0.9839 -0.1787
vn -0.6910 0.6638 -0.2862
vn 0.8536 0.3826 -0.3536
vn 0.6533 0.3826 -0.6533
vn 0.3536 0.3826 -0.8536
vn -0.0000 0.3826 -0.9239
vn 0.3010 0.6175 -0.7267
vn 0.3491 0.4098 -0.8427
vn 0.3812 0.0891 -0.9202
vn 0.3728 -0.2256 -0.9001
vn 0.3425 -0.4460 -0.8269
vn 0.2980 -0.6275 -0.7194
vn 0.2441 -0.7702 -0.5893
vn 0.1853 -0.8749 -0.4474
vn 0.1256 -0.9446 -0.3033
vn 0.0827 -0.9764 -0.1996
vn -0.3536 0.3826 -0.8536
vn -0.6533 0.3826 -0.6533
vn -0.8536 0.3826 -0.3536
vn -0.9239 0.3826 -0.0000
vn -0.8536 0.3826 0.3536
vn 0.5562 0.6175 -0.5562
vn 0.6450 0.4098 -0.6450
vn 0.7043 0.0891 -0.7043
vn 0.6889 -0.2256 -0.6889
vn 0.6329 -0.4460 -0.6329
vn 0.5506 -0.6275 -0.5506
vn 0.4510 -0.7702 -0.4510
vn 0.3424 -0.8749 -0.3424
vn 0.2316 -0.9450 -0.2311
vn 0.1288 -0.9842 -0.1211
vn -0.6533 0.3826 0.6533
vn -0.3536 0.3826 0.8536
vn -0.0000 0.3826 0.9239
vn 0.3536 0.3826 0.8536
vn 0.6533 0.3826 0.6533
vn 0.7267 0.6175 -0.3010
vn 0.8427 0.4098 -0.3491
vn 0.9202 0.0891 -0.3812
vn 0.9001 -0.2256 -0.3728
vn 0.8269 -0.4460 -0.3425
vn 0.7194 -0.6275 -0.2980
vn 0.5893 -0.7702 -0.2441
vn 0.4474 -0.8749 -0.1853
vn 0.3016 -0.9452 -0.1249
vn 0.1542 -0.9860 -0.0639
vn 0.8536 0.3826 0.3536
vn 0.9239 0.3826 -0.0000
vn -0.0180 -0.9998 -0.0074
vn -0.0040 -0.9999 -0.0098
vn 0.9960 0.0891 -0.0000
vn 0.0075 -0.9998 -0.0179
vn 0.8950 -0.4460 -0.0000
vn -0.0095 -0.9999 0.0039
vn 0.6379 -0.7702 -0.0000
vn -0.0000 -1.0000 -0.0000
vn 0.0095 -0.9999 -0.0039
vn -0.0075 -0.9998 0.0179
vn 0.0040 -0.9999 0.0098
vn -0.7749 0.3625 -0.5178
vn 0.8476 0.5306 -0.0000
vn 0.4050 -0.9143 -0.0000
vn 0.2557 -0.9668 -0.0025
vn 0.6966 0.5460 0.4654
vn -0.5178 0.3625 0.7749
vn -0.4654 0.5460 0.6966
vn -0.9055 0.3841 -0.1801
vn -0.7335 0.6638 -0.1459
vn 0.7831 0.5306 0.3244
vn 0.8918 0.2610 0.3694
vn 0.9207 -0.0823 0.3814
vn 0.8683 -0.3417 0.3596
vn 0.7767 -0.5415 0.3217
vn 0.6564 -0.7037 0.2719
vn 0.5193 -0.8271 0.2151
vn 0.3742 -0.9143 0.1550
vn 0.2447 -0.9643 0.1013
vn 0.7714 0.6175 0.1534
vn 0.3217 -0.9447 0.0635
vn 0.4749 -0.8749 0.0945
vn 0.8946 0.4098 0.1780
vn 0.1868 -0.9817 0.0359
vn -0.7677 0.3841 -0.5129
vn 0.9555 -0.2256 0.1901
vn -0.6219 0.6638 -0.4155
vn 0.7637 -0.6275 0.1519
vn 0.4654 0.5460 0.6966
vn -0.1634 0.5460 -0.8217
vn -0.5178 0.3625 -0.7749
vn -0.4654 0.5460 -0.6966
vn -0.1818 0.3625 0.9141
vn -0.1634 0.5460 0.8217
vn 0.5994 0.5306 0.5994
vn 0.6826 0.2610 0.6826
vn 0.7047 -0.0823 0.7047
vn 0.6645 -0.3417 0.6645
vn 0.5945 -0.5415 0.5945
vn 0.5024 -0.7037 0.5024
vn 0.3975 -0.8271 0.3975
vn 0.2864 -0.9143 0.2864
vn 0.1797 -0.9666 0.1828
vn 0.5304 -0.7701 0.3544
vn 0.6474 -0.6275 0.4326
vn -0.1818 0.3625 -0.9141
vn -0.8217 0.5460 -0.1634
vn 0.4026 -0.8749 0.2690
vn 0.6540 0.6175 0.4370
vn 0.2724 -0.9447 0.1826
vn 0.7584 0.4098 0.5068
vn 0.1585 -0.9816 0.1069
vn 0.8282 0.0891 0.5534
vn 0.6219 0.6638 0.4155
vn 0.8100 -0.2256 0.5412
vn -0.5129 0.3841 0.7677
vn 0.7442 -0.4460 0.4973
vn -0.4155 0.6638 0.6219
vn 0.1818 0.3625 0.9141
vn 0.1634 0.5460 0.8217
vn 0.1818 0.3625 -0.9141
vn 0.1634 0.5460 -0.8217
vn -0.7749 0.3625 0.5178
vn 0.3244 0.5306 0.7831
vn 0.3694 0.2610 0.8918
vn 0.3814 -0.0823 0.9207
vn 0.3596 -0.3417 0.8683
vn 0.3217 -0.5415 0.7767
vn 0.2719 -0.7037 0.6564
vn 0.2151 -0.8271 0.5193
vn 0.1550 -0.9143 0.3742
vn 0.0966 -0.9676 0.2333
vn 0.0930 -0.9851 0.1447
vn 0.5412 -0.2256 0.8100
vn 0.5534 0.0891 0.8282
vn -0.5129 0.3841 -0.7677
vn -0.1459 0.6638 -0.7335
vn 0.4973 -0.4460 0.7442
vn -0.4155 0.6638 -0.6219
vn 0.4326 -0.6275 0.6474
vn -0.1801 0.3841 0.9055
vn 0.3544 -0.7701 0.5304
vn -0.1459 0.6638 0.7335
vn 0.2690 -0.8749 0.4026
vn 0.4370 0.6175 0.6540
vn 0.1814 -0.9451 0.2718
vn 0.5068 0.4098 0.7584
vn -0.6966 0.5460 0.4654
vn 0.9141 0.3625 0.1818
vn 0.8217 0.5460 0.1634
vn -0.9141 0.3625 0.1818
vn -0.8217 0.5460 0.1634
vn -0.0000 0.5306 0.8476
vn -0.0000 0.2610 0.9653
vn -0.0000 -0.0823 0.9966
vn -0.0000 -0.3417 0.9398
vn -0.0000 -0.5415 0.8407
vn -0.0000 -0.7037 0.7105
vn -0.0000 -0.8271 0.5621
vn -0.0000 -0.9143 0.4050
vn 0.0022 -0.9666 0.2564
vn 0.0945 -0.8749 0.4749
vn 0.1244 -0.7701 0.6256
vn 0.1534 0.6175 0.7714
vn -0.7677 0.3841 0.5129
vn 0.0639 -0.9451 0.3205
vn 0.1780 0.4098 0.8946
vn 0.0366 -0.9851 0.1681
vn 0.1943 0.0891 0.9769
vn 0.1801 0.3841 0.9055
vn 0.1901 -0.2256 0.9555
vn 0.1459 0.6638 0.7335
vn 0.1746 -0.4460 0.8778
vn 0.1801 0.3841 -0.9055
vn 0.1519 -0.6275 0.7637
vn 0.1459 0.6638 -0.7335
vn 0.5178 0.3625 -0.7749
vn 0.4654 0.5460 -0.6966
vn 0.9141 0.3625 -0.1818
vn 0.8217 0.5460 -0.1634
vn 0.7749 0.3625 -0.5178
vn -0.3244 0.5306 0.7831
vn -0.3694 0.2610 0.8918
vn -0.3814 -0.0823 0.9207
vn -0.3596 -0.3417 0.8683
vn -0.3217 -0.5415 0.7767
vn -0.2719 -0.7037 0.6564
vn -0.2151 -0.8271 0.5193
vn -0.1550 -0.9143 0.3742
vn -0.1014 -0.9643 0.2446
vn 0.9055 0.3841 0.1801
vn -0.6219 0.6638 0.4155
vn -0.1746 -0.4460 0.8778
vn -0.1901 -0.2256 0.9555
vn 0.7335 0.6638 0.1459
vn -0.1519 -0.6275 0.7637
vn -0.9055 0.3841 0.1801
vn -0.1244 -0.7701 0.6256
vn -0.7335 0.6638 0.1459
vn -0.0945 -0.8749 0.4749
vn -0.1534 0.6175 0.7714
vn -0.0635 -0.9447 0.3217
vn -0.1780 0.4098 0.8946
vn -0.0365 -0.9816 0.1876
vn -0.1943 0.0891 0.9769
vn 0.6966 0.5460 -0.4654
vn 0.6604 0.3575 -0.6604
vn 0.5520 0.6251 -0.5520
vn 0.9339 0.3575 -0.0000
vn 0.7806 0.6251 -0.0000
vn -0.5994 0.5306 0.5994
vn -0.6826 0.2610 0.6826
vn -0.7047 -0.0823 0.7047
vn -0.6645 -0.3417 0.6645
vn -0.5945 -0.5415 0.5945
vn -0.5024 -0.7037 0.5024
vn -0.3975 -0.8271 0.3975
vn -0.2864 -0.9143 0.2864
vn -0.1826 -0.9668 0.1790
vn -0.4370 0.6175 0.6540
vn 0.7677 0.3841 -0.5129
vn -0.1826 -0.9447 0.2724
vn -0.2690 -0.8749 0.4026
vn -0.5068 0.4098 0.7584
vn -0.1067 -0.9817 0.1575
vn -0.5534 0.0891 0.8282
vn 0.5129 0.3841 -0.7677
vn -0.5412 -0.2256 0.8100
vn 0.4155 0.6638 -0.6219
vn -0.4973 -0.4460 0.7442
vn 0.9055 0.3841 -0.1801
vn -0.4326 -0.6275 0.6474
vn 0.7335 0.6638 -0.1459
vn -0.3544 -0.7701 0.5304
vn -0.6604 0.3575 0.6604
vn -0.5520 0.6251 0.5520
vn 0.3574 0.3575 -0.8628
vn 0.2987 0.6251 -0.7212
vn -0.0000 0.3575 -0.9339
vn -0.7831 0.5306 0.3244
vn -0.8918 0.2610 0.3694
vn -0.9207 -0.0823 0.3814
vn -0.8683 -0.3417 0.3596
vn -0.7767 -0.5415 0.3217
vn -0.6564 -0.7037 0.2719
vn -0.5193 -0.8271 0.2151
vn -0.3742 -0.9143 0.1550
vn -0.2322 -0.9679 0.0962
vn -0.7442 -0.4460 0.4973
vn -0.8100 -0.2256 0.5412
vn 0.5296 0.6625 -0.5296
vn 0.6308 0.4517 -0.6308
vn -0.6474 -0.6275 0.4326
vn 0.8922 0.4517 -0.0000
vn -0.5304 -0.7701 0.3544
vn 0.7490 0.6625 -0.0000
vn -0.4026 -0.8749 0.2690
vn -0.6540 0.6175 0.4370
vn -0.2717 -0.9451 0.1813
vn -0.7584 0.4098 0.5068
vn -0.1429 -0.9855 0.0911
vn -0.8282 0.0891 0.5534
vn 0.6219 0.6638 -0.4155
vn -0.0000 0.6251 -0.7806
vn -0.0000 0.6251 0.7806
vn -0.0000 0.3575 0.9339
vn 0.7212 0.6251 -0.2987
vn 0.8628 0.3575 -0.3574
vn -0.8476 0.5306 -0.0000
vn -0.9653 0.2610 -0.0000
vn -0.9966 -0.0823 -0.0000
vn -0.9398 -0.3417 -0.0000
vn -0.8407 -0.5415 -0.0000
vn -0.7105 -0.7037 -0.0000
vn -0.5621 -0.8271 -0.0000
vn -0.4050 -0.9143 -0.0000
vn -0.2557 -0.9668 0.0025
vn -0.3204 -0.9451 0.0639
vn -0.4749 -0.8749 0.0945
vn -0.8946 0.4098 0.1780
vn -0.7714 0.6175 0.1534
vn -0.1655 -0.9855 0.0366
vn -0.9769 0.0891 0.1943
vn -0.6308 0.4517 0.6308
vn -0.9555 -0.2256 0.1901
vn -0.5296 0.6625 0.5296
vn -0.8778 -0.4460 0.1746
vn 0.3414 0.4517 -0.8242
vn -0.7637 -0.6275 0.1519
vn 0.2866 0.6625 -0.6920
vn -0.6256 -0.7701 0.1244
vn -0.0000 0.4517 -0.8922
vn 0.6604 0.3575 0.6604
vn 0.5520 0.6251 0.5520
vn -0.6604 0.3575 -0.6604
vn -0.5520 0.6251 -0.5520
vn 0.7212 0.6251 0.2987
vn -0.7831 0.5306 -0.3244
vn -0.8918 0.2610 -0.3694
vn -0.9207 -0.0823 -0.3814
vn -0.8683 -0.3417 -0.3596
vn -0.7767 -0.5415 -0.3217
vn -0.6564 -0.7037 -0.2719
vn -0.5193 -0.8271 -0.2151
vn -0.3742 -0.9143 -0.1550
vn -0.2447 -0.9643 -0.1013
vn 0.0029 -0.9999 0.0106
vn -0.0000 0.3768 0.9263
vn -0.0000 0.4517 0.8922
vn -0.7637 -0.6275 -0.1519
vn -0.8778 -0.4460 -0.1746
vn 0.8242 0.4517 -0.3414
vn -0.6256 -0.7701 -0.1244
vn 0.8558 0.3768 -0.3545
vn -0.4749 -0.8749 -0.0945
vn -0.7714 0.6175 -0.1534
vn -0.3217 -0.9447 -0.0635
vn -0.8946 0.4098 -0.1780
vn -0.1868 -0.9817 -0.0359
vn -0.9769 0.0891 -0.1943
vn -0.0000 0.6625 -0.7490
vn -0.9555 -0.2256 -0.1901
vn 0.8628 0.3575 0.3574
vn -0.7212 0.6251 0.2987
vn -0.8628 0.3575 0.3574
vn -0.7806 0.6251 -0.0000
vn -0.9339 0.3575 -0.0000
vn -0.5994 0.5306 -0.5994
vn -0.6826 0.2610 -0.6826
vn -0.7047 -0.0823 -0.7047
vn -0.6645 -0.3417 -0.6645
vn -0.5945 -0.5415 -0.5945
vn -0.5024 -0.7037 -0.5024
vn -0.3975 -0.8271 -0.3975
vn -0.2864 -0.9143 -0.2864
vn -0.1797 -0.9666 -0.1828
vn -0.7584 0.4098 -0.5068
vn -0.6540 0.6175 -0.4370
vn -0.1585 -0.9816 -0.1069
vn -0.2724 -0.9447 -0.1826
vn -0.8282 0.0891 -0.5534
vn 0.6308 0.4517 0.6308
vn -0.8100 -0.2256 -0.5412
vn 0.5296 0.6625 0.5296
vn -0.7442 -0.4460 -0.4973
vn -0.6308 0.4517 -0.6308
vn -0.6474 -0.6275 -0.4326
vn -0.5296 0.6625 -0.5296
vn -0.5304 -0.7701 -0.3544
vn 0.8242 0.4517 0.3414
vn -0.4026 -0.8749 -0.2690
vn 0.3574 0.3575 0.8628
vn 0.2987 0.6251 0.7212
vn -0.2987 0.6251 0.7212
vn -0.3574 0.3575 0.8628
vn -0.2987 0.6251 -0.7212
vn -0.3244 0.5306 -0.7831
vn -0.3694 0.2610 -0.8918
vn -0.3814 -0.0823 -0.9207
vn -0.3596 -0.3417 -0.8683
vn -0.3217 -0.5415 -0.7767
vn -0.2719 -0.7037 -0.6564
vn -0.2151 -0.8271 -0.5193
vn -0.1550 -0.9143 -0.3742
vn -0.0966 -0.9676 -0.2333
vn -0.4326 -0.6275 -0.6474
vn -0.4973 -0.4460 -0.7442
vn -0.8922 0.4517 -0.0000
vn -0.8558 0.3768 0.3545
vn -0.3544 -0.7701 -0.5304
vn -0.9263 0.3768 -0.0000
vn -0.2690 -0.8749 -0.4026
vn -0.4370 0.6175 -0.6540
vn -0.1814 -0.9451 -0.2718
vn -0.5068 0.4098 -0.7584
vn -0.0930 -0.9851 -0.1447
vn -0.5534 0.0891 -0.8282
vn 0.8558 0.3768 0.3545
vn -0.5412 -0.2256 -0.8100
vn -0.8242 0.4517 0.3414
vn -0.3574 0.3575 -0.8628
vn -0.8628 0.3575 -0.3574
vn -0.7212 0.6251 -0.2987
vn -0.8558 0.3768 -0.3545
vn -0.2866 0.6625 -0.6920
vn -0.0000 0.5306 -0.8476
vn -0.0000 0.2610 -0.9653
vn -0.0000 -0.0823 -0.9966
vn -0.0000 -0.3417 -0.9398
vn -0.0000 -0.5415 -0.8407
vn -0.0000 -0.7037 -0.7105
vn -0.0000 -0.8271 -0.5621
vn -0.0000 -0.9143 -0.4050
vn -0.0022 -0.9666 -0.2564
vn -0.0366 -0.9851 -0.1681
vn -0.0639 -0.9451 -0.3205
vn -0.1943 0.0891 -0.9769
vn -0.1780 0.4098 -0.8946
vn 0.3414 0.4517 0.8242
vn -0.1901 -0.2256 -0.9555
vn 0.2866 0.6625 0.6920
vn -0.1746 -0.4460 -0.8778
vn -0.3414 0.4517 0.8242
vn -0.1519 -0.6275 -0.7637
vn -0.3545 0.3768 0.8558
vn -0.1244 -0.7701 -0.6256
vn -0.3414 0.4517 -0.8242
vn -0.0945 -0.8749 -0.4749
vn -0.1534 0.6175 -0.7714
vn -0.2866 0.6625 0.6920
vn 0.3545 0.3768 0.8558
vn -0.7490 0.6625 -0.0000
vn -0.6920 0.6625 0.2866
vn 0.6920 0.6625 0.2866
vn 0.3244 0.5306 -0.7831
vn 0.3694 0.2610 -0.8918
vn 0.3814 -0.0823 -0.9207
vn 0.3596 -0.3417 -0.8683
vn 0.3217 -0.5415 -0.7767
vn 0.2719 -0.7037 -0.6564
vn 0.2151 -0.8271 -0.5193
vn 0.1550 -0.9143 -0.3742
vn 0.1014 -0.9643 -0.2446
vn 0.1244 -0.7701 -0.6256
vn 0.1519 -0.6275 -0.7637
vn -0.6550 0.3768 -0.6550
vn 0.6550 0.3768 0.6550
vn 0.0945 -0.8749 -0.4749
vn 0.1534 0.6175 -0.7714
vn 0.0635 -0.9447 -0.3217
vn 0.1780 0.4098 -0.8946
vn 0.0365 -0.9816 -0.1876
vn 0.1943 0.0891 -0.9769
vn -0.3545 0.3768 -0.8558
vn 0.1901 -0.2256 -0.9555
vn -0.8242 0.4517 -0.3414
vn 0.1746 -0.4460 -0.8778
vn -0.6920 0.6625 -0.2866
vn 0.6920 0.6625 -0.2866
vn 0.9062 0.3825 -0.1803
vn 0.5133 0.3825 -0.7682
vn -0.1803 0.3825 -0.9062
vn -0.7682 0.3825 -0.5133
vn 0.5994 0.5306 -0.5994
vn 0.6826 0.2610 -0.6826
vn 0.7047 -0.0823 -0.7047
vn 0.6645 -0.3417 -0.6645
vn 0.5945 -0.5415 -0.5945
vn 0.5024 -0.7037 -0.5024
vn 0.3975 -0.8271 -0.3975
vn 0.2864 -0.9143 -0.2864
vn 0.1826 -0.9668 -0.1790
vn -0.0000 0.6625 0.7490
vn 0.1067 -0.9817 -0.1575
vn 0.5412 -0.2256 -0.8100
vn 0.5534 0.0891 -0.8282
vn -0.0000 0.3768 -0.9263
vn 0.4973 -0.4460 -0.7442
vn 0.3545 0.3768 -0.8558
vn 0.4326 -0.6275 -0.6474
vn -0.6550 0.3768 0.6550
vn 0.3544 -0.7701 -0.5304
vn 0.9263 0.3768 -0.0000
vn 0.2690 -0.8749 -0.4026
vn 0.4370 0.6175 -0.6540
vn 0.1826 -0.9447 -0.2724
vn 0.5068 0.4098 -0.7584
vn -0.9062 0.3825 0.1803
vn -0.7682 0.3825 0.5133
vn -0.5133 0.3825 0.7682
vn 0.1803 0.3825 0.9062
vn 0.5133 0.3825 0.7682
vn 0.7831 0.5306 -0.3244
vn 0.8918 0.2610 -0.3694
vn 0.9207 -0.0823 -0.3814
vn 0.8683 -0.3417 -0.3596
vn 0.7767 -0.5415 -0.3217
vn 0.6564 -0.7037 -0.2719
vn 0.5193 -0.8271 -0.2151
vn 0.3742 -0.9143 -0.1550
vn 0.2322 -0.9679 -0.0962
vn -0.9062 0.3825 -0.1803
vn -0.5133 0.3825 -0.7682
vn 0.4026 -0.8749 -0.2690
vn 0.5304 -0.7701 -0.3544
vn 0.6540 0.6175 -0.4370
vn 0.2717 -0.9451 -0.1813
vn 0.7584 0.4098 -0.5068
vn 0.1429 -0.9855 -0.0911
vn 0.8282 0.0891 -0.5534
vn 0.6550 0.3768 -0.6550
vn 0.8100 -0.2256 -0.5412
vn 0.7682 0.3825 -0.5133
vn 0.7442 -0.4460 -0.4973
vn 0.1803 0.3825 -0.9062
vn 0.6474 -0.6275 -0.4326
vn 0.9769 0.0891 -0.1943
vn 0.8778 -0.4460 -0.1746
vn -0.1803 0.3825 0.9062
vn -0.0804 -0.9968 0.0007
vn 0.6256 -0.7701 -0.1244
vn 0.7682 0.3825 0.5133
vn -0.0643 -0.9976 0.0266
vn -0.0573 -0.9968 0.0563
vn -0.0579 -0.9966 -0.0579
vn -0.0054 -0.9999 -0.0095
vn -0.0103 -0.9999 0.0030
vn -0.0094 -0.9999 0.0052
vn 0.5178 0.3625 0.7749
vn 0.4155 0.6638 0.6219
vn 0.7749 0.3625 0.5178
vn 0.9062 0.3825 0.1803
vn 0.9653 0.2610 -0.0000
vn 0.9966 -0.0823 -0.0000
vn 0.9398 -0.3417 -0.0000
vn 0.8407 -0.5415 -0.0000
vn 0.7105 -0.7037 -0.0000
vn 0.5621 -0.8271 -0.0000
vn -0.0000 -0.9966 0.0819
vn -0.0275 -0.9974 -0.0664
vn -0.1801 0.3841 -0.9055
vn 0.9769 0.0891 0.1943
vn 0.8778 -0.4460 0.1746
vn -0.9141 0.3625 -0.1818
vn 0.6256 -0.7701 0.1244
vn -0.0029 -0.9999 -0.0106
vn 0.0054 -0.9999 0.0095
vn 0.0275 -0.9974 0.0664
vn -0.0000 -0.9966 -0.0819
vn 0.0573 -0.9968 -0.0563
vn 0.0094 -0.9999 -0.0052
vn 0.0643 -0.9976 -0.0266
vn 0.0103 -0.9999 -0.0030
vn 0.0804 -0.9968 -0.0007
vn 0.0579 -0.9966 0.0579
vn 0.9555 -0.2256 -0.1901
vn 0.5129 0.3841 0.7677
vn -0.6966 0.5460 -0.4654
vn 0.7637 -0.6275 -0.1519
vn 0.7677 0.3841 0.5129
vn 0.4749 -0.8749 -0.0945
vn 0.7714 0.6175 -0.1534
vn 0.3204 -0.9451 -0.0639
vn 0.8946 0.4098 -0.1780
vn 0.1655 -0.9855 -0.0366
vn -0.4957 0.4517 0.7418
vn 0.3972 -0.9143 0.0790
vn 0.8313 0.5306 0.1654
vn 0.2566 -0.9653 0.0476
vn 0.9468 0.2610 0.1883
vn -0.0432 -0.9937 0.1039
vn 0.9775 -0.0823 0.1944
vn -0.7418 0.4517 -0.4957
vn 0.9217 -0.3417 0.1833
vn -0.6491 0.6250 -0.4337
vn 0.8246 -0.5415 0.1640
vn 0.4957 0.4517 0.7418
vn 0.6968 -0.7037 0.1386
vn 0.5189 0.3575 0.7765
vn 0.5513 -0.8271 0.1097
vn 0.5907 -0.7037 0.3947
vn 0.6228 0.6625 0.4162
vn 0.4674 -0.8271 0.3123
vn -0.5189 0.3575 0.7765
vn 0.3368 -0.9143 0.2250
vn 0.7048 0.5306 0.4709
vn 0.2155 -0.9653 0.1478
vn 0.8026 0.2610 0.5363
vn -0.0389 -0.9973 -0.0630
vn 0.8287 -0.0823 0.5537
vn 0.7765 0.3575 0.5189
vn 0.7814 -0.3417 0.5221
vn 0.7418 0.4517 0.4957
vn 0.6990 -0.5415 0.4671
vn 0.6491 0.6250 0.4337
vn 0.5537 -0.0823 0.8287
vn -0.4337 0.6250 0.6491
vn 0.5221 -0.3417 0.7814
vn -0.4162 0.6625 0.6228
vn 0.4671 -0.5415 0.6990
vn -0.9160 0.3575 -0.1822
vn 0.3947 -0.7037 0.5907
vn -0.8750 0.4517 -0.1741
vn 0.3123 -0.8271 0.4674
vn -0.7656 0.6250 -0.1523
vn 0.2250 -0.9143 0.3368
vn 0.4709 0.5306 0.7048
vn 0.1399 -0.9673 0.2114
vn 0.5363 0.2610 0.8026
vn 0.1097 -0.8271 0.5513
vn -0.1461 0.6625 -0.7347
vn 0.0790 -0.9143 0.3972
vn 0.1654 0.5306 0.8313
vn 0.0506 -0.9673 0.2484
vn 0.1883 0.2610 0.9468
vn 0.1944 -0.0823 0.9775
vn -0.7347 0.6625 -0.1461
vn 0.1833 -0.3417 0.9217
vn -0.1822 0.3575 -0.9160
vn 0.1640 -0.5415 0.8246
vn -0.1741 0.4517 -0.8750
vn 0.1386 -0.7037 0.6968
vn -0.1523 0.6250 -0.7656
vn -0.5189 0.3575 -0.7765
vn -0.1833 -0.3417 0.9217
vn -0.4957 0.4517 -0.7418
vn -0.1640 -0.5415 0.8246
vn -0.4337 0.6250 -0.6491
vn -0.1386 -0.7037 0.6968
vn -0.4162 0.6625 -0.6228
vn -0.1097 -0.8271 0.5513
vn -0.1822 0.3575 0.9160
vn -0.0790 -0.9143 0.3972
vn -0.1654 0.5306 0.8313
vn -0.0479 -0.9653 0.2569
vn -0.1883 0.2610 0.9468
vn 0.0170 -0.9973 0.0721
vn -0.1944 -0.0823 0.9775
vn 0.1741 0.4517 0.8750
vn -0.2250 -0.9143 0.3368
vn -0.4709 0.5306 0.7048
vn -0.1478 -0.9653 0.2151
vn -0.5363 0.2610 0.8026
vn -0.0170 -0.9973 -0.0721
vn -0.5537 -0.0823 0.8287
vn -0.1741 0.4517 0.8750
vn -0.5221 -0.3417 0.7814
vn -0.1523 0.6250 0.7656
vn -0.4671 -0.5415 0.6990
vn -0.1461 0.6625 0.7347
vn -0.3947 -0.7037 0.5907
vn 0.1822 0.3575 0.9160
vn -0.3123 -0.8271 0.4674
vn -0.7814 -0.3417 0.5221
vn 0.1461 0.6625 0.7347
vn -0.6990 -0.5415 0.4671
vn 0.1822 0.3575 -0.9160
vn -0.5907 -0.7037 0.3947
vn 0.1741 0.4517 -0.8750
vn -0.4674 -0.8271 0.3123
vn 0.1523 0.6250 -0.7656
vn -0.3368 -0.9143 0.2250
vn -0.7048 0.5306 0.4709
vn -0.2107 -0.9676 0.1391
vn -0.8026 0.2610 0.5363
vn -0.8287 -0.0823 0.5537
vn 0.1523 0.6250 0.7656
vn -0.3972 -0.9143 0.0790
vn -0.8313 0.5306 0.1654
vn -0.2474 -0.9676 0.0506
vn -0.9468 0.2610 0.1883
vn -0.9775 -0.0823 0.1944
vn 0.1461 0.6625 -0.7347
vn -0.9217 -0.3417 0.1833
vn -0.7765 0.3575 0.5189
vn -0.8246 -0.5415 0.1640
vn -0.7418 0.4517 0.4957
vn -0.6968 -0.7037 0.1386
vn -0.6491 0.6250 0.4337
vn -0.5513 -0.8271 0.1097
vn -0.6228 0.6625 0.4162
vn 0.8750 0.4517 0.1741
vn -0.8246 -0.5415 -0.1640
vn 0.7656 0.6250 0.1523
vn -0.6968 -0.7037 -0.1386
vn 0.7347 0.6625 0.1461
vn -0.5513 -0.8271 -0.1097
vn -0.9160 0.3575 0.1822
vn -0.3972 -0.9143 -0.0790
vn -0.8313 0.5306 -0.1654
vn -0.2566 -0.9653 -0.0476
vn -0.9468 0.2610 -0.1883
vn -0.0699 -0.9974 0.0171
vn -0.9775 -0.0823 -0.1944
vn 0.9160 0.3575 0.1822
vn -0.9217 -0.3417 -0.1833
vn -0.7048 0.5306 -0.4709
vn -0.2155 -0.9653 -0.1478
vn -0.8026 0.2610 -0.5363
vn -0.1040 -0.9937 -0.0429
vn -0.8287 -0.0823 -0.5537
vn -0.8750 0.4517 0.1741
vn -0.7814 -0.3417 -0.5221
vn -0.7656 0.6250 0.1523
vn -0.6990 -0.5415 -0.4671
vn -0.7347 0.6625 0.1461
vn -0.5907 -0.7037 -0.3947
vn 0.5189 0.3575 -0.7765
vn -0.4674 -0.8271 -0.3123
vn 0.4957 0.4517 -0.7418
vn -0.3368 -0.9143 -0.2250
vn -0.4671 -0.5415 -0.6990
vn 0.9160 0.3575 -0.1822
vn -0.3947 -0.7037 -0.5907
vn 0.8750 0.4517 -0.1741
vn -0.3123 -0.8271 -0.4674
vn 0.7656 0.6250 -0.1523
vn -0.2250 -0.9143 -0.3368
vn -0.4709 0.5306 -0.7048
vn -0.1399 -0.9673 -0.2114
vn -0.5363 0.2610 -0.8026
vn 0.0389 -0.9973 0.0630
vn -0.5537 -0.0823 -0.8287
vn 0.4337 0.6250 -0.6491
vn -0.5221 -0.3417 -0.7814
vn 0.4162 0.6625 -0.6228
vn -0.0506 -0.9673 -0.2484
vn -0.1883 0.2610 -0.9468
vn 0.0432 -0.9937 -0.1039
vn -0.1944 -0.0823 -0.9775
vn 0.7347 0.6625 -0.1461
vn -0.1833 -0.3417 -0.9217
vn 0.7765 0.3575 -0.5189
vn -0.1640 -0.5415 -0.8246
vn 0.7418 0.4517 -0.4957
vn -0.1386 -0.7037 -0.6968
vn 0.6491 0.6250 -0.4337
vn -0.1097 -0.8271 -0.5513
vn 0.6228 0.6625 -0.4162
vn -0.0790 -0.9143 -0.3972
vn -0.1654 0.5306 -0.8313
vn 0.1386 -0.7037 -0.6968
vn -0.7702 0.3768 -0.5146
vn 0.1097 -0.8271 -0.5513
vn 0.5146 0.3768 0.7702
vn 0.0790 -0.9143 -0.3972
vn 0.1654 0.5306 -0.8313
vn 0.0479 -0.9653 -0.2569
vn 0.1883 0.2610 -0.9468
vn 0.0615 -0.9974 -0.0373
vn 0.1944 -0.0823 -0.9775
vn 0.7702 0.3768 0.5146
vn 0.1833 -0.3417 -0.9217
vn -0.5146 0.3768 0.7702
vn 0.1640 -0.5415 -0.8246
vn -0.9085 0.3768 -0.1807
vn 0.0699 -0.9974 -0.0171
vn 0.5537 -0.0823 -0.8287
vn -0.1807 0.3768 -0.9085
vn 0.5221 -0.3417 -0.7814
vn -0.5146 0.3768 -0.7702
vn 0.4671 -0.5415 -0.6990
vn -0.1807 0.3768 0.9085
vn 0.3947 -0.7037 -0.5907
vn 0.1807 0.3768 0.9085
vn 0.3123 -0.8271 -0.4674
vn 0.1807 0.3768 -0.9085
vn 0.2250 -0.9143 -0.3368
vn 0.4709 0.5306 -0.7048
vn 0.1478 -0.9653 -0.2151
vn 0.5363 0.2610 -0.8026
vn -0.7702 0.3768 0.5146
vn 0.4674 -0.8271 -0.3123
vn 0.9085 0.3768 0.1807
vn 0.3368 -0.9143 -0.2250
vn 0.7048 0.5306 -0.4709
vn 0.2107 -0.9676 -0.1391
vn 0.8026 0.2610 -0.5363
vn 0.1040 -0.9937 0.0429
vn 0.8287 -0.0823 -0.5537
vn -0.9085 0.3768 0.1807
vn 0.7814 -0.3417 -0.5221
vn 0.5146 0.3768 -0.7702
vn 0.6990 -0.5415 -0.4671
vn 0.9085 0.3768 -0.1807
vn 0.5907 -0.7037 -0.3947
vn 0.9775 -0.0823 -0.1944
vn -0.7765 0.3575 -0.5189
vn 0.9217 -0.3417 -0.1833
vn -0.6228 0.6625 -0.4162
vn 0.8246 -0.5415 -0.1640
vn 0.4337 0.6250 0.6491
vn 0.6968 -0.7037 -0.1386
vn 0.4162 0.6625 0.6228
vn 0.5513 -0.8271 -0.1097
vn 0.7702 0.3768 -0.5146
vn 0.3972 -0.9143 -0.0790
vn 0.8313 0.5306 -0.1654
vn 0.2474 -0.9676 -0.0506
vn 0.9468 0.2610 -0.1883
vn -0.0615 -0.9974 0.0373
vt 0.375000 0.625000
vt 0.406250 0.625000
vt 0.406250 0.625000
vt 0.375000 0.625000
vt 0.437500 0.625000
vt 0.437500 0.625000
vt 0.437500 0.625000
vt 0.406250 0.625000
vt 0.750000 0.125000
vt 0.750000 0.156250
vt 0.718750 0.156250
vt 0.718750 0.125000
vt 0.750000 0.187500
vt 0.718750 0.187500
vt 0.687500 0.187500
vt 0.687500 0.156250
vt 0.687500 0.125000
vt 0.750000 0.562500
vt 0.750000 0.592448
vt 0.718750 0.592448
vt 0.718750 0.562500
vt 0.750000 0.614583
vt 0.718750 0.614583
vt 0.687500 0.614583
vt 0.687500 0.592448
vt 0.687500 0.562500
vt 0.739335 0.072917
vt 0.748667 0.095052
vt 0.717661 0.095221
vt 0.709387 0.073809
vt 0.718750 0.125000
vt 0.687500 0.125000
vt 0.687500 0.095727
vt 0.687500 0.078125
vt 0.750000 0.500000
vt 0.750000 0.531250
vt 0.718750 0.531250
vt 0.718750 0.500000
vt 0.687500 0.531250
vt 0.687500 0.500000
vt 0.437500 0.078125
vt 0.415613 0.073809
vt 0.437500 0.065056
vt 0.459387 0.073809
vt 0.385665 0.072917
vt 0.408141 0.063802
vt 0.437500 0.062500
vt 0.466859 0.063802
vt 0.489335 0.072917
vt 0.750000 0.437500
vt 0.750000 0.468750
vt 0.718750 0.468750
vt 0.718750 0.437500
vt 0.687500 0.468750
vt 0.687500 0.437500
vt 0.125000 0.625000
vt 0.156250 0.625000
vt 0.125000 0.625000
vt 0.187500 0.625000
vt 0.187500 0.625000
vt 0.187500 0.625000
vt 0.156250 0.625000
vt 0.125000 0.625000
vt 0.750000 0.375000
vt 0.750000 0.406250
vt 0.718750 0.406250
vt 0.718750 0.375000
vt 0.687500 0.406250
vt 0.687500 0.375000
vt 0.125000 0.625000
vt 0.156250 0.625000
vt 0.125000 0.625000
vt 0.187500 0.625000
vt 0.750000 0.312500
vt 0.750000 0.343750
vt 0.718750 0.343750
vt 0.718750 0.312500
vt 0.687500 0.343750
vt 0.687500 0.312500
vt 0.562500 0.625000
vt 0.593750 0.625000
vt 0.593750 0.625000
vt 0.562500 0.625000
vt 0.625000 0.625000
vt 0.625000 0.625000
vt 0.625000 0.625000
vt 0.562500 0.625000
vt 0.750000 0.250000
vt 0.750000 0.281250
vt 0.718750 0.281250
vt 0.718750 0.250000
vt 0.687500 0.281250
vt 0.687500 0.250000
vt 0.625000 0.625000
vt 0.562500 0.625000
vt 0.750000 0.218750
vt 0.718750 0.218750
vt 0.687500 0.218750
vt 0.656250 0.281250
vt 0.656250 0.250000
vt 0.656250 0.312500
vt 0.625000 0.312500
vt 0.625000 0.281250
vt 0.625000 0.250000
vt 0.625000 0.614583
vt 0.656250 0.614583
vt 0.656250 0.623698
vt 0.625000 0.623698
vt 0.687500 0.623698
vt 0.687500 0.625000
vt 0.656250 0.625000
vt 0.656250 0.218750
vt 0.656250 0.187500
vt 0.625000 0.218750
vt 0.625000 0.187500
vt 0.375000 0.625000
vt 0.437500 0.625000
vt 0.437500 0.625000
vt 0.375000 0.625000
vt 0.656250 0.156250
vt 0.656250 0.125000
vt 0.625000 0.156250
vt 0.625000 0.125000
vt 0.656250 0.592448
vt 0.656250 0.562500
vt 0.656250 0.614583
vt 0.625000 0.592448
vt 0.625000 0.562500
vt 0.657118 0.095004
vt 0.664714 0.072941
vt 0.656250 0.125000
vt 0.625000 0.125000
vt 0.624985 0.094184
vt 0.625000 0.062500
vt 0.656250 0.531250
vt 0.656250 0.500000
vt 0.625000 0.531250
vt 0.625000 0.500000
vt 0.312500 0.062500
vt 0.220502 0.063802
vt 0.217180 0.063802
vt 0.330357 0.062500
vt 0.155506 0.072917
vt 0.133277 0.072917
vt 0.111607 0.072917
vt 0.214270 0.063802
vt 0.348214 0.062500
vt 0.656250 0.468750
vt 0.656250 0.437500
vt 0.625000 0.468750
vt 0.625000 0.437500
vt 0.656250 0.625000
vt 0.656250 0.625000
vt 0.687500 0.625000
vt 0.687500 0.625000
vt 0.687500 0.625000
vt 0.656250 0.406250
vt 0.656250 0.375000
vt 0.625000 0.406250
vt 0.625000 0.375000
vt 0.656250 0.343750
vt 0.625000 0.343750
vt 0.625000 0.625000
vt 0.687500 0.625000
vt 0.383929 0.062500
vt 0.348214 0.062500
vt 0.370536 0.062500
vt 0.410714 0.062500
vt 0.312500 0.062500
vt 0.348214 0.062500
vt 0.392857 0.062500
vt 0.437500 0.062500
vt 0.593750 0.468750
vt 0.593750 0.437500
vt 0.593750 0.500000
vt 0.562500 0.500000
vt 0.562500 0.468750
vt 0.562500 0.437500
vt 0.406250 0.625000
vt 0.375000 0.625000
vt 0.437500 0.625000
vt 0.593750 0.406250
vt 0.593750 0.375000
vt 0.562500 0.406250
vt 0.562500 0.375000
vt 0.375000 0.614583
vt 0.406250 0.614583
vt 0.406250 0.623698
vt 0.375000 0.623698
vt 0.437500 0.614583
vt 0.437500 0.623698
vt 0.593750 0.343750
vt 0.593750 0.312500
vt 0.562500 0.343750
vt 0.562500 0.312500
vt 0.218750 0.625000
vt 0.218750 0.625000
vt 0.187500 0.625000
vt 0.250000 0.625000
vt 0.250000 0.625000
vt 0.250000 0.625000
vt 0.218750 0.625000
vt 0.187500 0.625000
vt 0.593750 0.281250
vt 0.593750 0.250000
vt 0.562500 0.281250
vt 0.562500 0.250000
vt 0.250000 0.625000
vt 0.593750 0.218750
vt 0.593750 0.187500
vt 0.562500 0.218750
vt 0.562500 0.187500
vt 0.218750 0.625000
vt 0.250000 0.625000
vt 0.593750 0.156250
vt 0.593750 0.125000
vt 0.562500 0.156250
vt 0.562500 0.125000
vt 0.593750 0.592448
vt 0.593750 0.562500
vt 0.593750 0.614583
vt 0.562500 0.614583
vt 0.562500 0.592448
vt 0.562500 0.562500
vt 0.592580 0.094835
vt 0.583519 0.072049
vt 0.562500 0.125000
vt 0.561074 0.095052
vt 0.551091 0.072917
vt 0.593750 0.531250
vt 0.562500 0.531250
vt 0.531250 0.218750
vt 0.531250 0.187500
vt 0.531250 0.250000
vt 0.500000 0.250000
vt 0.500000 0.218750
vt 0.500000 0.187500
vt 0.000000 0.625000
vt 0.031250 0.625000
vt 0.031250 0.625000
vt 0.000000 0.625000
vt 0.062500 0.625000
vt 0.062500 0.625000
vt 0.062500 0.625000
vt 0.031250 0.625000
vt 0.531250 0.156250
vt 0.531250 0.125000
vt 0.500000 0.156250
vt 0.500000 0.125000
vt 0.531250 0.592448
vt 0.531250 0.562500
vt 0.531250 0.614583
vt 0.500000 0.614583
vt 0.500000 0.592448
vt 0.500000 0.562500
vt 0.551091 0.072917
vt 0.561074 0.095052
vt 0.529859 0.095052
vt 0.520120 0.072917
vt 0.498667 0.095052
vt 0.489335 0.072917
vt 0.531250 0.531250
vt 0.531250 0.500000
vt 0.500000 0.531250
vt 0.500000 0.500000
vt 0.408885 0.062500
vt 0.437500 0.062500
vt 0.466115 0.062500
vt 0.383928 0.062500
vt 0.464286 0.062500
vt 0.491071 0.062500
vt 0.531250 0.468750
vt 0.531250 0.437500
vt 0.500000 0.468750
vt 0.500000 0.437500
vt 0.218750 0.625000
vt 0.531250 0.406250
vt 0.531250 0.375000
vt 0.500000 0.406250
vt 0.500000 0.375000
vt 0.031250 0.625000
vt 0.031250 0.625000
vt 0.062500 0.625000
vt 0.062500 0.625000
vt 0.062500 0.625000
vt 0.531250 0.343750
vt 0.531250 0.312500
vt 0.500000 0.343750
vt 0.500000 0.312500
vt 0.000000 0.625000
vt 0.531250 0.281250
vt 0.500000 0.281250
vt 0.031250 0.625000
vt 0.062500 0.625000
vt 0.093750 0.625000
vt 0.093750 0.625000
vt 0.125000 0.625000
vt 0.125000 0.625000
vt 0.093750 0.625000
vt 0.468750 0.406250
vt 0.468750 0.375000
vt 0.468750 0.437500
vt 0.437500 0.437500
vt 0.437500 0.406250
vt 0.437500 0.375000
vt 0.468750 0.343750
vt 0.468750 0.312500
vt 0.437500 0.343750
vt 0.437500 0.312500
vt 0.093750 0.625000
vt 0.468750 0.281250
vt 0.468750 0.250000
vt 0.437500 0.281250
vt 0.437500 0.250000
vt 0.093750 0.625000
vt 0.468750 0.218750
vt 0.468750 0.187500
vt 0.437500 0.218750
vt 0.437500 0.187500
vt 0.437500 0.625000
vt 0.468750 0.625000
vt 0.468750 0.625000
vt 0.500000 0.625000
vt 0.500000 0.625000
vt 0.500000 0.625000
vt 0.468750 0.625000
vt 0.437500 0.625000
vt 0.468750 0.156250
vt 0.468750 0.125000
vt 0.437500 0.156250
vt 0.437500 0.125000
vt 0.468750 0.592448
vt 0.468750 0.562500
vt 0.468750 0.614583
vt 0.437500 0.614583
vt 0.437500 0.592448
vt 0.437500 0.562500
vt 0.489335 0.072917
vt 0.498667 0.095052
vt 0.467661 0.095221
vt 0.500000 0.125000
vt 0.437500 0.095727
vt 0.468750 0.531250
vt 0.468750 0.500000
vt 0.437500 0.531250
vt 0.437500 0.500000
vt 0.496625 0.063802
vt 0.520120 0.072917
vt 0.526646 0.063802
vt 0.551091 0.072917
vt 0.468750 0.468750
vt 0.437500 0.468750
vt 0.500000 0.625000
vt 0.531250 0.625000
vt 0.531250 0.625000
vt 0.562500 0.625000
vt 0.406250 0.156250
vt 0.406250 0.125000
vt 0.406250 0.187500
vt 0.375000 0.187500
vt 0.375000 0.156250
vt 0.375000 0.125000
vt 0.406250 0.592448
vt 0.406250 0.562500
vt 0.406250 0.614583
vt 0.375000 0.592448
vt 0.375000 0.562500
vt 0.407339 0.095221
vt 0.415613 0.073809
vt 0.406250 0.125000
vt 0.376333 0.095052
vt 0.385665 0.072917
vt 0.406250 0.531250
vt 0.406250 0.500000
vt 0.375000 0.531250
vt 0.375000 0.500000
vt 0.214681 0.063585
vt 0.355128 0.062500
vt 0.085627 0.072049
vt 0.000000 0.062500
vt 0.218750 0.062500
vt 0.437500 0.062500
vt 0.406250 0.468750
vt 0.406250 0.437500
vt 0.375000 0.468750
vt 0.375000 0.437500
vt 0.468750 0.625000
vt 0.406250 0.406250
vt 0.406250 0.375000
vt 0.375000 0.406250
vt 0.375000 0.375000
vt 0.468750 0.625000
vt 0.500000 0.625000
vt 0.406250 0.343750
vt 0.406250 0.312500
vt 0.375000 0.343750
vt 0.375000 0.312500
vt 0.468750 0.614583
vt 0.468750 0.623698
vt 0.500000 0.623698
vt 0.500000 0.625000
vt 0.406250 0.281250
vt 0.406250 0.250000
vt 0.375000 0.281250
vt 0.375000 0.250000
vt 0.500000 0.625000
vt 0.406250 0.218750
vt 0.375000 0.218750
vt 0.343750 0.406250
vt 0.343750 0.375000
vt 0.343750 0.437500
vt 0.312500 0.437500
vt 0.312500 0.406250
vt 0.312500 0.375000
vt 0.531250 0.614583
vt 0.531250 0.623698
vt 0.562500 0.614583
vt 0.562500 0.623698
vt 0.343750 0.343750
vt 0.343750 0.312500
vt 0.312500 0.343750
vt 0.312500 0.312500
vt 0.937500 0.625000
vt 0.968750 0.625000
vt 0.968750 0.625000
vt 0.937500 0.625000
vt 1.000000 0.625000
vt 1.000000 0.625000
vt 0.937500 0.625000
vt 0.343750 0.281250
vt 0.343750 0.250000
vt 0.312500 0.281250
vt 0.312500 0.250000
vt 0.968750 0.625000
vt 0.968750 0.625000
vt 0.937500 0.625000
vt 0.343750 0.218750
vt 0.343750 0.187500
vt 0.312500 0.218750
vt 0.312500 0.187500
vt 0.937500 0.625000
vt 0.968750 0.625000
vt 1.000000 0.625000
vt 1.000000 0.625000
vt 0.343750 0.156250
vt 0.343750 0.125000
vt 0.312500 0.156250
vt 0.312500 0.125000
vt 0.343750 0.592448
vt 0.343750 0.562500
vt 0.343750 0.614583
vt 0.312500 0.614583
vt 0.312500 0.592448
vt 0.312500 0.562500
vt 0.376333 0.095052
vt 0.345141 0.095052
vt 0.354880 0.072917
vt 0.313926 0.095052
vt 0.323909 0.072917
vt 0.343750 0.531250
vt 0.343750 0.500000
vt 0.312500 0.531250
vt 0.312500 0.500000
vt 0.433718 0.062500
vt 0.482143 0.062500
vt 0.526786 0.062500
vt 0.343750 0.468750
vt 0.312500 0.468750
vt 0.281250 0.156250
vt 0.281250 0.125000
vt 0.281250 0.187500
vt 0.250000 0.187500
vt 0.250000 0.156250
vt 0.250000 0.125000
vt 0.312500 0.562500
vt 0.312500 0.592448
vt 0.281250 0.592665
vt 0.281250 0.562500
vt 0.312500 0.614583
vt 0.281250 0.615451
vt 0.250000 0.593533
vt 0.250000 0.562500
vt 0.282587 0.095052
vt 0.291946 0.072917
vt 0.250899 0.095052
vt 0.257192 0.072917
vt 0.281250 0.531250
vt 0.281250 0.500000
vt 0.281250 0.562500
vt 0.250000 0.562500
vt 0.250000 0.531250
vt 0.250000 0.500000
vt 0.491071 0.062500
vt 0.504464 0.062500
vt 0.526786 0.062500
vt 0.544643 0.062500
vt 0.562500 0.062500
vt 0.281250 0.468750
vt 0.281250 0.437500
vt 0.250000 0.468750
vt 0.250000 0.437500
vt 0.937500 0.614583
vt 0.968750 0.615451
vt 0.968750 0.623915
vt 0.937500 0.623698
vt 0.281250 0.406250
vt 0.281250 0.375000
vt 0.250000 0.406250
vt 0.250000 0.375000
vt 0.312500 0.625000
vt 0.343750 0.625000
vt 0.343750 0.625000
vt 0.312500 0.625000
vt 0.343750 0.625000
vt 0.312500 0.625000
vt 0.281250 0.343750
vt 0.281250 0.312500
vt 0.250000 0.343750
vt 0.250000 0.312500
vt 0.312500 0.625000
vt 0.343750 0.625000
vt 0.343750 0.625000
vt 0.281250 0.281250
vt 0.281250 0.250000
vt 0.250000 0.281250
vt 0.250000 0.250000
vt 0.343750 0.625000
vt 0.281250 0.218750
vt 0.250000 0.218750
vt 0.343750 0.614583
vt 0.343750 0.623698
vt 0.312500 0.623698
vt 0.718750 0.625000
vt 0.718750 0.625000
vt 0.750000 0.625000
vt 0.750000 0.625000
vt 0.750000 0.625000
vt 0.718750 0.625000
vt 0.218750 0.343750
vt 0.218750 0.312500
vt 0.218750 0.375000
vt 0.187500 0.375000
vt 0.187500 0.343750
vt 0.187500 0.312500
vt 0.718750 0.625000
vt 0.218750 0.281250
vt 0.218750 0.250000
vt 0.187500 0.281250
vt 0.187500 0.250000
vt 0.718750 0.614583
vt 0.718750 0.623698
vt 0.750000 0.614583
vt 0.750000 0.623698
vt 0.218750 0.218750
vt 0.218750 0.187500
vt 0.187500 0.218750
vt 0.187500 0.187500
vt 0.250000 0.625000
vt 0.281250 0.625000
vt 0.281250 0.625000
vt 0.312500 0.625000
vt 0.281250 0.625000
vt 0.218750 0.156250
vt 0.218750 0.125000
vt 0.187500 0.156250
vt 0.187500 0.125000
vt 0.218750 0.593750
vt 0.218750 0.562500
vt 0.187500 0.593750
vt 0.187500 0.562500
vt 0.250899 0.095052
vt 0.219013 0.095221
vt 0.220035 0.073809
vt 0.250000 0.125000
vt 0.188320 0.095727
vt 0.192708 0.078125
vt 0.218750 0.531250
vt 0.218750 0.500000
vt 0.218750 0.562500
vt 0.187500 0.562500
vt 0.187500 0.531250
vt 0.187500 0.500000
vt 0.323909 0.072917
vt 0.291946 0.072917
vt 0.315139 0.063802
vt 0.348354 0.063802
vt 0.257192 0.072917
vt 0.274042 0.063802
vt 0.218750 0.468750
vt 0.218750 0.437500
vt 0.187500 0.468750
vt 0.187500 0.437500
vt 0.218750 0.406250
vt 0.187500 0.406250
vt 0.156250 0.593750
vt 0.156250 0.562500
vt 0.156250 0.625000
vt 0.125000 0.593750
vt 0.125000 0.562500
vt 0.158722 0.095221
vt 0.176508 0.073809
vt 0.156250 0.125000
vt 0.125000 0.125000
vt 0.128813 0.095052
vt 0.156250 0.531250
vt 0.156250 0.500000
vt 0.156250 0.562500
vt 0.125000 0.562500
vt 0.125000 0.531250
vt 0.125000 0.500000
vt 0.220035 0.073809
vt 0.220397 0.065056
vt 0.156250 0.468750
vt 0.156250 0.437500
vt 0.125000 0.468750
vt 0.125000 0.437500
vt 0.156250 0.406250
vt 0.156250 0.375000
vt 0.125000 0.406250
vt 0.125000 0.375000
vt 0.156250 0.343750
vt 0.156250 0.312500
vt 0.125000 0.343750
vt 0.125000 0.312500
vt 0.281250 0.615452
vt 0.281250 0.623915
vt 0.156250 0.281250
vt 0.156250 0.250000
vt 0.125000 0.281250
vt 0.125000 0.250000
vt 0.875000 0.625000
vt 0.906250 0.625000
vt 0.906250 0.625000
vt 0.875000 0.625000
vt 0.906250 0.625000
vt 0.875000 0.625000
vt 0.156250 0.218750
vt 0.156250 0.187500
vt 0.125000 0.218750
vt 0.125000 0.187500
vt 0.875000 0.625000
vt 0.906250 0.625000
vt 0.156250 0.156250
vt 0.156250 0.125000
vt 0.125000 0.156250
vt 0.093750 0.343750
vt 0.093750 0.312500
vt 0.093750 0.375000
vt 0.062500 0.375000
vt 0.062500 0.343750
vt 0.062500 0.312500
vt 0.750000 0.625000
vt 0.781250 0.625000
vt 0.781250 0.625000
vt 0.812500 0.625000
vt 0.812500 0.625000
vt 0.812500 0.625000
vt 0.750000 0.625000
vt 0.093750 0.281250
vt 0.093750 0.250000
vt 0.062500 0.281250
vt 0.062500 0.250000
vt 0.781250 0.625000
vt 0.812500 0.625000
vt 0.812500 0.625000
vt 0.093750 0.218750
vt 0.093750 0.187500
vt 0.062500 0.218750
vt 0.062500 0.187500
vt 0.812500 0.625000
vt 0.812500 0.625000
vt 0.093750 0.156250
vt 0.093750 0.125000
vt 0.062500 0.156250
vt 0.062500 0.125000
vt 0.093750 0.593750
vt 0.093750 0.562500
vt 0.062500 0.593750
vt 0.062500 0.562500
vt 0.155506 0.072917
vt 0.128813 0.095052
vt 0.098691 0.095052
vt 0.133277 0.072917
vt 0.068638 0.095052
vt 0.111607 0.072917
vt 0.093750 0.531250
vt 0.093750 0.500000
vt 0.093750 0.562500
vt 0.062500 0.562500
vt 0.062500 0.531250
vt 0.062500 0.500000
vt 0.559222 0.063585
vt 0.583519 0.072049
vt 0.593750 0.062500
vt 0.093750 0.468750
vt 0.093750 0.437500
vt 0.062500 0.468750
vt 0.062500 0.437500
vt 0.093750 0.406250
vt 0.062500 0.406250
vt 0.906250 0.615452
vt 0.906250 0.623915
vt 0.068638 0.095052
vt 0.037288 0.094835
vt 0.062500 0.125000
vt 0.031250 0.125000
vt 0.000000 0.125000
vt 0.000000 0.093750
vt 0.062500 0.500000
vt 0.062500 0.531250
vt 0.031250 0.531250
vt 0.031250 0.500000
vt 0.031250 0.562500
vt 0.000000 0.562500
vt 0.000000 0.531250
vt 0.000000 0.500000
vt 0.812500 0.062500
vt 0.906250 0.062500
vt 0.905057 0.064839
vt 0.850911 0.063802
vt 1.000000 0.062500
vt 0.951003 0.072941
vt 0.932292 0.078125
vt 0.904965 0.073809
vt 0.867807 0.072917
vt 0.062500 0.437500
vt 0.062500 0.468750
vt 0.031250 0.468750
vt 0.031250 0.437500
vt 0.000000 0.468750
vt 0.000000 0.437500
vt 0.781250 0.615451
vt 0.781250 0.623915
vt 0.750000 0.623698
vt 0.062500 0.375000
vt 0.062500 0.406250
vt 0.031250 0.406250
vt 0.031250 0.375000
vt 0.000000 0.406250
vt 0.000000 0.375000
vt 0.843750 0.625000
vt 0.843750 0.625000
vt 0.843750 0.625000
vt 0.062500 0.312500
vt 0.062500 0.343750
vt 0.031250 0.343750
vt 0.031250 0.312500
vt 0.000000 0.343750
vt 0.000000 0.312500
vt 0.843750 0.625000
vt 0.062500 0.250000
vt 0.062500 0.281250
vt 0.031250 0.281250
vt 0.031250 0.250000
vt 0.000000 0.281250
vt 0.000000 0.250000
vt 0.843750 0.625000
vt 0.062500 0.187500
vt 0.062500 0.218750
vt 0.031250 0.218750
vt 0.031250 0.187500
vt 0.000000 0.218750
vt 0.000000 0.187500
vt 0.875000 0.625000
vt 0.062500 0.156250
vt 0.031250 0.156250
vt 0.000000 0.156250
vt 0.031250 0.593750
vt 0.000000 0.593750
vt 1.000000 0.250000
vt 1.000000 0.281250
vt 0.968750 0.281250
vt 0.968750 0.250000
vt 1.000000 0.312500
vt 0.968750 0.312500
vt 0.937500 0.312500
vt 0.937500 0.281250
vt 0.937500 0.250000
vt 0.156250 0.625000
vt 0.187500 0.625000
vt 1.000000 0.187500
vt 1.000000 0.218750
vt 0.968750 0.218750
vt 0.968750 0.187500
vt 0.937500 0.218750
vt 0.937500 0.187500
vt 0.593750 0.625000
vt 1.000000 0.125000
vt 1.000000 0.156250
vt 0.968750 0.156250
vt 0.968750 0.125000
vt 0.937500 0.156250
vt 0.937500 0.125000
vt 1.000000 0.562500
vt 1.000000 0.593750
vt 0.968750 0.592665
vt 0.968750 0.562500
vt 0.968750 0.615452
vt 0.937500 0.614583
vt 0.937500 0.592448
vt 0.937500 0.562500
vt 1.000000 0.093750
vt 0.966918 0.095004
vt 0.936680 0.095727
vt 1.000000 0.500000
vt 1.000000 0.531250
vt 0.968750 0.531250
vt 0.968750 0.500000
vt 0.937500 0.531250
vt 0.937500 0.500000
vt 0.741071 0.062500
vt 0.776786 0.062500
vt 0.809861 0.063802
vt 0.776600 0.063802
vt 0.833054 0.072917
vt 0.801091 0.072917
vt 1.000000 0.437500
vt 1.000000 0.468750
vt 0.968750 0.468750
vt 0.968750 0.437500
vt 0.937500 0.468750
vt 0.937500 0.437500
vt 0.656250 0.625000
vt 0.687500 0.625000
vt 1.000000 0.375000
vt 1.000000 0.406250
vt 0.968750 0.406250
vt 0.968750 0.375000
vt 0.937500 0.406250
vt 0.937500 0.375000
vt 0.375000 0.625000
vt 0.437500 0.625000
vt 0.437500 0.625000
vt 0.406250 0.625000
vt 1.000000 0.343750
vt 0.968750 0.343750
vt 0.937500 0.343750
vt 0.687500 0.062500
vt 0.714286 0.062500
vt 0.746439 0.063802
vt 0.716797 0.063802
vt 0.770120 0.072917
vt 0.739335 0.072917
vt 0.937500 0.437500
vt 0.906250 0.468750
vt 0.906250 0.437500
vt 0.937500 0.500000
vt 0.906250 0.500000
vt 0.875000 0.500000
vt 0.875000 0.468750
vt 0.875000 0.437500
vt 0.937500 0.375000
vt 0.906250 0.406250
vt 0.906250 0.375000
vt 0.875000 0.406250
vt 0.875000 0.375000
vt 0.093750 0.625000
vt 0.937500 0.312500
vt 0.906250 0.343750
vt 0.906250 0.312500
vt 0.875000 0.343750
vt 0.875000 0.312500
vt 0.500000 0.625000
vt 0.937500 0.250000
vt 0.906250 0.281250
vt 0.906250 0.250000
vt 0.875000 0.281250
vt 0.875000 0.250000
vt 0.937500 0.187500
vt 0.906250 0.218750
vt 0.906250 0.187500
vt 0.875000 0.218750
vt 0.875000 0.187500
vt 0.937500 0.125000
vt 0.906250 0.156250
vt 0.906250 0.125000
vt 0.875000 0.156250
vt 0.875000 0.125000
vt 0.906250 0.592665
vt 0.906250 0.562500
vt 0.875000 0.593533
vt 0.875000 0.562500
vt 0.905987 0.095221
vt 0.904965 0.073809
vt 0.875000 0.125000
vt 0.874101 0.095052
vt 0.867807 0.072917
vt 0.937500 0.531250
vt 0.906250 0.531250
vt 0.937500 0.562500
vt 0.906250 0.562500
vt 0.875000 0.562500
vt 0.875000 0.531250
vt 0.343750 0.625000
vt 0.375000 0.625000
vt 0.843750 0.218750
vt 0.843750 0.187500
vt 0.843750 0.250000
vt 0.812500 0.250000
vt 0.812500 0.218750
vt 0.812500 0.187500
vt 0.718750 0.625000
vt 0.750000 0.625000
vt 0.843750 0.156250
vt 0.843750 0.125000
vt 0.812500 0.156250
vt 0.812500 0.125000
vt 0.843750 0.593750
vt 0.843750 0.562500
vt 0.812500 0.593533
vt 0.812500 0.562500
vt 0.867808 0.072917
vt 0.874101 0.095052
vt 0.842413 0.095052
vt 0.833054 0.072917
vt 0.811074 0.095052
vt 0.801091 0.072917
vt 0.843750 0.531250
vt 0.843750 0.500000
vt 0.843750 0.562500
vt 0.812500 0.562500
vt 0.812500 0.531250
vt 0.812500 0.500000
vt 0.656250 0.062500
vt 0.687217 0.064839
vt 0.709387 0.073809
vt 0.843750 0.468750
vt 0.843750 0.437500
vt 0.812500 0.468750
vt 0.812500 0.437500
vt 0.281250 0.625000
vt 0.843750 0.406250
vt 0.843750 0.375000
vt 0.812500 0.406250
vt 0.812500 0.375000
vt 0.843750 0.343750
vt 0.843750 0.312500
vt 0.812500 0.343750
vt 0.812500 0.312500
vt 0.843750 0.281250
vt 0.812500 0.281250
vt 0.781250 0.468750
vt 0.781250 0.437500
vt 0.781250 0.500000
vt 0.781250 0.406250
vt 0.781250 0.375000
vt 0.781250 0.343750
vt 0.781250 0.312500
vt 0.562500 0.625000
vt 0.781250 0.281250
vt 0.781250 0.250000
vt 0.593750 0.623698
vt 0.562500 0.623698
vt 0.781250 0.218750
vt 0.781250 0.187500
vt 0.781250 0.156250
vt 0.781250 0.125000
vt 0.781250 0.592665
vt 0.781250 0.562500
vt 0.781250 0.615451
vt 0.750000 0.614583
vt 0.750000 0.592448
vt 0.750000 0.562500
vt 0.779859 0.095052
vt 0.770120 0.072917
vt 0.748667 0.095052
vt 0.781250 0.531250
vt 0.781250 0.562500
vt 0.354880 0.072917
vt 0.378375 0.063802
s 1
usemtl Lamp
f 28/1/28 256/2/256 738/3/734 472/4/472
f 256/2/256 162/5/162 591/6/591 738/3/734
f 738/3/734 591/6/591 163/7/163 304/8/304
f 472/4/472 738/3/734 304/8/304 27/4/27
f 9/9/9 252/10/252 739/11/735 269/12/269
f 252/10/252 8/13/8 270/14/270 739/11/735
f 739/11/735 270/14/270 23/15/23 266/16/266
f 269/12/269 739/11/735 266/16/266 24/17/24
f 5/18/5 251/19/251 740/20/736 271/21/271
f 251/19/251 4/22/4 268/23/268 740/20/736
f 740/20/736 268/23/268 16/24/16 259/25/259
f 271/21/271 740/20/736 259/25/259 17/26/17
f 10/27/10 253/28/253 741/29/737 272/30/272
f 253/28/253 9/9/9 269/31/269 741/29/737
f 741/29/737 269/31/269 24/32/24 267/33/267
f 272/30/272 741/29/737 267/33/267 25/34/25
f 241/35/241 702/36/701 742/37/738 711/38/710
f 702/36/701 5/18/5 271/21/271 742/37/738
f 742/37/738 271/21/271 17/26/17 260/39/260
f 711/38/710 742/37/738 260/39/260 18/40/18
f 85/41/85 413/42/413 743/43/739 392/44/392
f 413/42/413 100/45/100 692/46/692 743/43/739
f 743/43/739 692/46/692 248/47/248 708/48/707
f 392/44/392 743/43/739 708/48/707 70/49/70
f 6/50/6 703/51/702 744/52/740 274/53/274
f 703/51/702 241/35/241 711/38/710 744/52/740
f 744/52/740 711/38/710 18/40/18 261/54/261
f 274/53/274 744/52/740 261/54/261 19/55/19
f 102/56/102 730/57/726 745/57/741 534/58/534
f 730/57/726 181/59/181 624/60/624 745/57/741
f 745/57/741 624/60/624 180/61/180 273/62/273
f 534/58/534 745/57/741 273/62/273 101/63/101
f 243/64/243 704/65/703 746/66/742 712/67/711
f 704/65/703 6/50/6 274/53/274 746/66/742
f 746/66/742 274/53/274 19/55/19 262/68/262
f 712/67/711 746/66/742 262/68/262 20/69/20
f 103/70/103 275/71/275 747/57/743 484/72/484
f 275/71/275 192/73/192 571/60/571 747/57/743
f 747/57/743 571/60/571 181/59/181 730/57/726
f 484/72/484 747/57/743 730/57/726 102/56/102
f 7/74/7 705/75/704 748/76/744 276/77/276
f 705/75/704 243/64/243 712/67/711 748/76/744
f 748/76/744 712/67/711 20/69/20 263/78/263
f 276/77/276 748/76/744 263/78/263 21/79/21
f 149/80/149 277/81/277 749/82/745 587/83/587
f 277/81/277 88/84/88 530/85/530 749/82/745
f 749/82/745 530/85/530 87/86/87 729/81/725
f 587/83/587 749/82/745 729/81/725 148/87/148
f 245/88/245 706/89/705 750/90/746 714/91/713
f 706/89/705 7/74/7 276/77/276 750/90/746
f 750/90/746 276/77/276 21/79/21 264/92/264
f 714/91/713 750/90/746 264/92/264 22/93/22
f 148/87/148 729/81/725 751/82/747 540/80/540
f 729/81/725 87/86/87 481/85/481 751/82/747
f 751/82/747 481/85/481 86/94/86 698/81/697
f 540/80/540 751/82/747 698/81/697 147/95/147
f 8/13/8 707/96/706 752/97/748 270/14/270
f 707/96/706 245/88/245 714/91/713 752/97/748
f 752/97/748 714/91/713 22/93/22 265/98/265
f 270/14/270 752/97/748 265/98/265 23/15/23
f 22/93/22 264/92/264 753/99/749 292/100/292
f 264/92/264 21/79/21 293/101/293 753/99/749
f 753/99/749 293/101/293 36/102/36 288/103/288
f 292/100/292 753/99/749 288/103/288 37/104/37
f 31/105/31 297/106/297 754/107/750 532/108/532
f 297/106/297 16/24/16 602/109/602 754/107/750
f 754/107/750 602/109/602 104/110/104 302/111/302
f 532/108/532 754/107/750 302/111/302 89/94/89
f 23/15/23 265/98/265 755/112/751 296/113/296
f 265/98/265 22/93/22 292/100/292 755/112/751
f 755/112/751 292/100/292 37/104/37 289/114/289
f 296/113/296 755/112/751 289/114/289 38/115/38
f 27/4/27 304/8/304 756/8/752 423/116/423
f 304/8/304 163/7/163 543/117/543 756/8/752
f 756/8/752 543/117/543 164/118/164 255/8/255
f 423/116/423 756/8/752 255/8/255 26/119/26
f 24/17/24 266/16/266 757/120/753 298/121/298
f 266/16/266 23/15/23 296/113/296 757/120/753
f 757/120/753 296/113/296 38/115/38 290/122/290
f 298/121/298 757/120/753 290/122/290 39/123/39
f 17/26/17 259/25/259 758/124/754 299/125/299
f 259/25/259 16/24/16 297/126/297 758/124/754
f 758/124/754 297/126/297 31/105/31 283/127/283
f 299/125/299 758/124/754 283/127/283 32/128/32
f 25/34/25 267/33/267 759/129/755 300/130/300
f 267/33/267 24/32/24 298/131/298 759/129/755
f 759/129/755 298/131/298 39/132/39 291/133/291
f 300/130/300 759/129/755 291/133/291 40/134/40
f 18/40/18 260/39/260 760/135/756 301/136/301
f 260/39/260 17/26/17 299/125/299 760/135/756
f 760/135/756 299/125/299 32/128/32 284/137/284
f 301/136/301 760/135/756 284/137/284 33/138/33
f 239/139/239 693/140/693 761/141/757 694/142/694
f 693/140/693 161/143/161 564/144/564 761/141/757
f 761/141/757 564/144/564 176/145/176 709/146/708
f 694/142/694 761/141/757 709/146/708 240/147/240
f 19/55/19 261/54/261 762/148/758 303/149/303
f 261/54/261 18/40/18 301/136/301 762/148/758
f 762/148/758 301/136/301 33/138/33 285/150/285
f 303/149/303 762/148/758 285/150/285 34/151/34
f 87/86/87 732/152/728 763/153/759 481/85/481
f 732/152/728 116/154/116 511/155/511 763/153/759
f 763/153/759 511/155/511 117/156/117 700/111/699
f 481/85/481 763/153/759 700/111/699 86/94/86
f 20/69/20 262/68/262 764/157/760 305/158/305
f 262/68/262 19/55/19 303/149/303 764/157/760
f 764/157/760 303/149/303 34/151/34 286/159/286
f 305/158/305 764/157/760 286/159/286 35/160/35
f 88/84/88 254/111/254 765/153/761 530/85/530
f 254/111/254 105/156/105 538/110/538 765/153/761
f 765/153/761 538/110/538 116/154/116 732/152/728
f 530/85/530 765/153/761 732/152/728 87/86/87
f 21/79/21 263/78/263 766/161/762 293/101/293
f 263/78/263 20/69/20 305/158/305 766/161/762
f 766/161/762 305/158/305 35/160/35 287/162/287
f 293/101/293 766/161/762 287/162/287 36/102/36
f 89/94/89 302/111/302 767/153/763 482/163/482
f 302/111/302 104/110/104 485/164/485 767/153/763
f 767/153/763 485/164/485 105/156/105 254/111/254
f 482/163/482 767/153/763 254/111/254 88/84/88
f 244/165/244 695/166/695 768/167/246 696/168/246
f 695/166/695 239/169/239 694/142/694 768/167/246
f 768/167/246 694/142/694 240/170/240 716/171/246
f 696/168/246 768/167/246 716/171/246 246/172/246
f 34/151/34 285/150/285 769/173/764 322/174/322
f 285/150/285 33/138/33 323/175/323 769/173/764
f 769/173/764 323/175/323 48/176/48 314/177/314
f 322/174/322 769/173/764 314/177/314 49/178/49
f 29/119/29 306/179/306 770/8/765 424/180/424
f 306/179/306 151/7/151 542/181/542 770/8/765
f 770/8/765 542/181/542 162/5/162 256/2/256
f 424/180/424 770/8/765 256/2/256 28/1/28
f 35/160/35 286/159/286 771/182/766 326/183/326
f 286/159/286 34/151/34 322/174/322 771/182/766
f 771/182/766 322/174/322 49/178/49 315/184/315
f 326/183/326 771/182/766 315/184/315 50/185/50
f 91/186/91 408/187/408 772/188/767 474/189/474
f 408/187/408 76/190/76 598/191/598 772/188/767
f 772/188/767 598/191/598 151/7/151 306/179/306
f 474/189/474 772/188/767 306/179/306 29/119/29
f 36/102/36 287/162/287 773/192/768 328/193/328
f 287/162/287 35/160/35 326/183/326 773/192/768
f 773/192/768 326/183/326 50/185/50 316/194/316
f 328/193/328 773/192/768 316/194/316 51/195/51
f 180/61/180 257/196/257 774/197/769 570/198/570
f 257/196/257 134/199/134 515/200/515 774/197/769
f 774/197/769 515/200/515 135/201/135 713/202/712
f 570/198/570 774/197/769 713/202/712 179/203/179
f 37/104/37 288/103/288 775/204/770 330/205/330
f 288/103/288 36/102/36 328/193/328 775/204/770
f 775/204/770 328/193/328 51/195/51 317/206/317
f 330/205/330 775/204/770 317/206/317 52/207/52
f 181/59/181 295/197/295 776/197/771 624/60/624
f 295/197/295 133/201/133 556/208/556 776/197/771
f 776/197/771 556/208/556 134/199/134 257/196/257
f 624/60/624 776/197/771 257/196/257 180/61/180
f 38/115/38 289/114/289 777/209/772 332/210/332
f 289/114/289 37/104/37 330/205/330 777/209/772
f 777/209/772 330/205/330 52/207/52 318/211/318
f 332/210/332 777/209/772 318/211/318 53/212/53
f 192/73/192 258/196/258 778/213/773 571/60/571
f 258/196/258 132/214/132 514/200/514 778/213/773
f 778/213/773 514/200/514 133/201/133 295/197/295
f 571/60/571 778/213/773 295/197/295 181/59/181
f 39/123/39 290/122/290 779/215/774 334/216/334
f 290/122/290 38/115/38 332/210/332 779/215/774
f 779/215/774 332/210/332 53/212/53 319/217/319
f 334/216/334 779/215/774 319/217/319 54/218/54
f 32/128/32 283/127/283 780/219/775 335/220/335
f 283/127/283 31/105/31 333/221/333 780/219/775
f 780/219/775 333/221/333 46/222/46 312/223/312
f 335/220/335 780/219/775 312/223/312 47/224/47
f 40/134/40 291/133/291 781/225/776 321/226/321
f 291/133/291 39/132/39 334/216/334 781/225/776
f 781/225/776 334/216/334 54/227/54 320/228/320
f 321/226/321 781/225/776 320/228/320 55/229/55
f 33/138/33 284/137/284 782/230/777 323/175/323
f 284/137/284 32/128/32 335/220/335 782/230/777
f 782/230/777 335/220/335 47/224/47 313/231/313
f 323/175/323 782/230/777 313/231/313 48/176/48
f 53/212/53 318/211/318 783/232/778 350/233/350
f 318/211/318 52/207/52 351/234/351 783/232/778
f 783/232/778 351/234/351 67/235/67 347/236/347
f 350/233/350 783/232/778 347/236/347 68/237/68
f 182/238/182 597/239/597 784/240/779 509/241/509
f 597/239/597 167/242/167 573/243/573 784/240/779
f 784/240/779 573/243/573 165/244/165 325/245/325
f 509/241/509 784/240/779 325/245/325 57/241/57
f 54/218/54 319/217/319 785/246/780 354/247/354
f 319/217/319 53/212/53 350/233/350 785/246/780
f 785/246/780 350/233/350 68/237/68 348/248/348
f 354/247/354 785/246/780 348/248/348 69/249/69
f 47/224/47 312/223/312 786/250/781 355/251/355
f 312/223/312 46/222/46 352/252/352 786/250/781
f 786/250/781 352/252/352 61/253/61 341/254/341
f 355/251/355 786/250/781 341/254/341 62/255/62
f 55/256/55 320/257/320 787/258/782 356/259/356
f 320/257/320 54/218/54 354/247/354 787/258/782
f 787/258/782 354/247/354 69/249/69 349/260/349
f 356/259/356 787/258/782 349/260/349 70/261/70
f 48/176/48 313/231/313 788/262/783 357/263/357
f 313/231/313 47/224/47 355/251/355 788/262/783
f 788/262/783 355/251/355 62/255/62 342/264/342
f 357/263/357 788/262/783 342/264/342 63/265/63
f 248/47/248 697/266/696 789/267/246 495/268/495
f 697/266/696 244/269/244 696/168/246 789/267/246
f 789/267/246 696/168/246 246/172/246 718/270/246
f 495/268/495 789/267/246 718/270/246 249/271/249
f 49/178/49 314/177/314 790/272/784 359/273/359
f 314/177/314 48/176/48 357/263/357 790/272/784
f 790/272/784 357/263/357 63/265/63 343/274/343
f 359/273/359 790/272/784 343/274/343 64/275/64
f 136/59/136 504/276/504 791/276/785 626/60/626
f 504/276/504 121/214/121 600/214/600 791/276/785
f 791/276/785 600/214/600 132/214/132 258/196/258
f 626/60/626 791/276/785 258/196/258 192/73/192
f 50/185/50 315/184/315 792/277/786 361/278/361
f 315/184/315 49/178/49 359/273/359 792/277/786
f 792/277/786 359/273/359 64/275/64 344/279/344
f 361/278/361 792/277/786 344/279/344 65/280/65
f 45/241/45 710/281/709 793/282/787 427/241/427
f 710/281/709 177/283/177 569/284/569 793/282/787
f 793/282/787 569/284/569 178/285/178 294/245/294
f 427/241/427 793/282/787 294/245/294 44/241/44
f 51/195/51 316/194/316 794/286/788 363/287/363
f 316/194/316 50/185/50 361/278/361 794/286/788
f 794/286/788 361/278/361 65/280/65 345/288/345
f 363/287/363 794/286/788 345/288/345 66/289/66
f 56/290/56 278/240/278 795/282/789 480/241/480
f 278/240/278 166/244/166 595/243/595 795/282/789
f 795/282/789 595/243/595 177/283/177 710/281/709
f 480/241/480 795/282/789 710/281/709 45/241/45
f 52/207/52 317/206/317 796/291/790 351/234/351
f 317/206/317 51/195/51 363/287/363 796/291/790
f 796/291/790 363/287/363 66/289/66 346/292/346
f 351/234/351 796/291/790 346/292/346 67/235/67
f 57/241/57 325/245/325 797/293/791 452/241/452
f 325/245/325 165/294/165 544/294/544 797/293/791
f 797/293/791 544/294/544 166/244/166 278/240/278
f 452/241/452 797/293/791 278/240/278 56/290/56
f 177/283/177 324/295/324 798/296/792 569/284/569
f 324/295/324 101/297/101 483/297/483 798/296/792
f 798/296/792 483/297/483 90/298/90 279/299/279
f 569/284/569 798/296/792 279/299/279 178/285/178
f 65/280/65 344/279/344 799/300/793 381/301/381
f 344/279/344 64/275/64 382/302/382 799/300/793
f 799/300/793 382/302/382 79/303/79 373/304/373
f 381/301/381 799/300/793 373/304/373 80/305/80
f 166/244/166 280/299/280 800/299/794 595/243/595
f 280/299/280 102/56/102 534/58/534 800/299/794
f 800/299/794 534/58/534 101/63/101 324/295/324
f 595/243/595 800/299/794 324/295/324 177/283/177
f 66/289/66 345/288/345 801/306/795 384/307/384
f 345/288/345 65/280/65 381/301/381 801/306/795
f 801/306/795 381/301/381 80/305/80 374/308/374
f 384/307/384 801/306/795 374/308/374 81/309/81
f 165/244/165 327/310/327 802/310/796 544/294/544
f 327/310/327 103/58/103 484/72/484 802/310/796
f 802/310/796 484/72/484 102/58/102 280/299/280
f 544/294/544 802/310/796 280/299/280 166/294/166
f 67/235/67 346/292/346 803/311/797 386/312/386
f 346/292/346 66/289/66 384/307/384 803/311/797
f 803/311/797 384/307/384 81/309/81 375/313/375
f 386/312/386 803/311/797 375/313/375 82/314/82
f 167/242/167 561/315/561 804/296/798 573/243/573
f 561/315/561 152/58/152 536/298/536 804/296/798
f 804/296/798 536/298/536 103/58/103 327/310/327
f 573/243/573 804/296/798 327/310/327 165/244/165
f 68/237/68 347/236/347 805/316/799 388/317/388
f 347/236/347 67/235/67 386/312/386 805/316/799
f 805/316/799 386/312/386 82/314/82 376/318/376
f 388/317/388 805/316/799 376/318/376 83/319/83
f 163/320/163 329/321/329 806/322/800 543/117/543
f 329/321/329 60/323/60 454/324/454 806/322/800
f 806/322/800 454/324/454 71/325/71 281/326/281
f 543/117/543 806/322/800 281/326/281 164/327/164
f 69/249/69 348/248/348 807/328/801 390/329/390
f 348/248/348 68/237/68 388/317/388 807/328/801
f 807/328/801 388/317/388 83/319/83 377/330/377
f 390/329/390 807/328/801 377/330/377 84/331/84
f 62/255/62 341/254/341 808/332/802 391/333/391
f 341/254/341 61/253/61 389/334/389 808/332/802
f 808/332/802 389/334/389 76/335/76 370/336/370
f 391/333/391 808/332/802 370/336/370 77/337/77
f 70/338/70 349/339/349 809/340/803 392/44/392
f 349/339/349 69/341/69 390/329/390 809/340/803
f 809/340/803 390/329/390 84/331/84 378/342/378
f 392/44/392 809/340/803 378/342/378 85/41/85
f 63/265/63 342/264/342 810/343/804 393/344/393
f 342/264/342 62/255/62 391/333/391 810/343/804
f 810/343/804 391/333/391 77/337/77 371/345/371
f 393/344/393 810/343/804 371/345/371 78/346/78
f 70/49/70 708/48/707 811/347/805 356/348/356
f 708/48/707 248/47/248 495/268/495 811/347/805
f 811/347/805 495/268/495 249/271/249 720/349/716
f 356/348/356 811/347/805 720/349/716 55/350/55
f 64/275/64 343/274/343 812/351/806 382/302/382
f 343/274/343 63/265/63 393/344/393 812/351/806
f 812/351/806 393/344/393 78/346/78 372/352/372
f 382/302/382 812/351/806 372/352/372 79/303/79
f 59/353/59 308/354/308 813/355/807 497/324/497
f 308/354/308 149/87/149 587/87/587 813/355/807
f 813/355/807 587/87/587 148/356/148 358/355/358
f 497/324/497 813/355/807 358/355/358 60/325/60
f 84/331/84 377/330/377 814/357/808 410/358/410
f 377/330/377 83/319/83 411/359/411 814/357/808
f 814/357/808 411/359/411 98/360/98 406/361/406
f 410/358/410 814/357/808 406/361/406 99/362/99
f 77/337/77 370/336/370 815/363/809 412/364/412
f 370/336/370 76/335/76 408/365/408 815/363/809
f 815/363/809 408/365/408 91/186/91 399/366/399
f 412/364/412 815/363/809 399/366/399 92/367/92
f 85/41/85 378/342/378 816/368/810 413/369/413
f 378/342/378 84/331/84 410/370/410 816/368/810
f 816/368/810 410/370/410 99/362/99 407/371/407
f 413/369/413 816/368/810 407/371/407 100/372/100
f 78/346/78 371/345/371 817/373/811 414/374/414
f 371/345/371 77/337/77 412/364/412 817/373/811
f 817/373/811 412/364/412 92/367/92 400/375/400
f 414/374/414 817/373/811 400/375/400 93/376/93
f 240/147/240 709/146/708 818/377/812 715/378/714
f 709/146/708 176/145/176 583/379/583 818/377/812
f 818/377/812 583/379/583 191/380/191 721/381/717
f 715/378/714 818/377/812 721/381/717 242/382/242
f 79/303/79 372/352/372 819/383/813 416/384/416
f 372/352/372 78/346/78 414/374/414 819/383/813
f 819/383/813 414/374/414 93/376/93 401/385/401
f 416/384/416 819/383/813 401/385/401 94/386/94
f 162/5/162 282/387/282 820/326/814 591/6/591
f 282/387/282 59/353/59 497/324/497 820/326/814
f 820/326/814 497/324/497 60/325/60 329/321/329
f 591/6/591 820/326/814 329/321/329 163/7/163
f 80/305/80 373/304/373 821/388/815 418/389/418
f 373/304/373 79/303/79 416/384/416 821/388/815
f 821/388/815 416/384/416 94/386/94 402/390/402
f 418/389/418 821/388/815 402/390/402 95/391/95
f 151/7/151 331/392/331 822/322/816 542/181/542
f 331/392/331 58/324/58 453/324/453 822/322/816
f 822/322/816 453/324/453 59/393/59 282/387/282
f 542/181/542 822/322/816 282/387/282 162/5/162
f 81/309/81 374/308/374 823/394/817 420/395/420
f 374/308/374 80/305/80 418/389/418 823/394/817
f 823/394/817 418/389/418 95/391/95 403/396/403
f 420/395/420 823/394/817 403/396/403 96/397/96
f 76/190/76 389/398/389 824/399/818 598/191/598
f 389/398/389 61/253/61 641/400/641 824/399/818
f 824/399/818 641/400/641 58/401/58 331/392/331
f 598/191/598 824/399/818 331/392/331 151/7/151
f 82/314/82 375/313/375 825/402/819 422/403/422
f 375/313/375 81/309/81 420/395/420 825/402/819
f 825/402/819 420/395/420 96/397/96 404/404/404
f 422/403/422 825/402/819 404/404/404 97/405/97
f 60/325/60 358/355/358 826/355/820 454/324/454
f 358/355/358 148/356/148 540/356/540 826/355/820
f 826/355/820 540/356/540 147/356/147 307/354/307
f 454/324/454 826/355/820 307/354/307 71/406/71
f 83/319/83 376/318/376 827/407/821 411/359/411
f 376/318/376 82/314/82 422/403/422 827/407/821
f 827/407/821 422/403/422 97/405/97 405/408/405
f 411/359/411 827/407/821 405/408/405 98/360/98
f 95/391/95 402/390/402 828/409/822 437/410/437
f 402/390/402 94/386/94 438/411/438 828/409/822
f 828/409/822 438/411/438 109/412/109 431/413/431
f 437/410/437 828/409/822 431/413/431 110/414/110
f 61/253/61 352/415/352 829/416/823 641/400/641
f 352/415/352 46/417/46 589/418/589 829/416/823
f 829/416/823 589/418/589 150/356/150 360/354/360
f 641/400/641 829/416/823 360/354/360 58/401/58
f 96/397/96 403/396/403 830/419/824 441/420/441
f 403/396/403 95/391/95 437/410/437 830/419/824
f 830/419/824 437/410/437 110/414/110 432/421/432
f 441/420/441 830/419/824 432/421/432 111/422/111
f 41/423/41 362/424/362 831/425/825 425/426/425
f 362/424/362 45/427/45 427/427/427 831/425/825
f 831/425/825 427/427/427 44/428/44 309/424/309
f 425/426/425 831/425/825 309/424/309 30/429/30
f 97/405/97 404/404/404 832/430/826 443/431/443
f 404/404/404 96/397/96 441/420/441 832/430/826
f 832/430/826 441/420/441 111/422/111 433/432/433
f 443/431/443 832/430/826 433/432/433 112/433/112
f 42/426/42 310/434/310 833/435/827 476/436/476
f 310/434/310 56/427/56 480/427/480 833/435/827
f 833/435/827 480/427/480 45/427/45 362/424/362
f 476/436/476 833/435/827 362/424/362 41/423/41
f 98/360/98 405/408/405 834/437/828 445/438/445
f 405/408/405 97/405/97 443/431/443 834/437/828
f 834/437/828 443/431/443 112/433/112 434/439/434
f 445/438/445 834/437/828 434/439/434 113/440/113
f 43/441/43 364/442/364 835/435/829 426/441/426
f 364/442/364 57/443/57 452/444/452 835/435/829
f 835/435/829 452/444/452 56/427/56 310/434/310
f 426/441/426 835/435/829 310/434/310 42/426/42
f 99/362/99 406/361/406 836/445/830 447/446/447
f 406/361/406 98/360/98 445/438/445 836/445/830
f 836/445/830 445/438/445 113/440/113 435/447/435
f 447/446/447 836/445/830 435/447/435 114/448/114
f 92/367/92 399/366/399 837/449/831 448/450/448
f 399/366/399 91/186/91 446/451/446 837/449/831
f 837/449/831 446/451/446 106/452/106 428/453/428
f 448/450/448 837/449/831 428/453/428 107/454/107
f 100/372/100 407/455/407 838/456/832 449/457/449
f 407/455/407 99/362/99 447/446/447 838/456/832
f 838/456/832 447/446/447 114/448/114 436/458/436
f 449/457/449 838/456/832 436/458/436 115/459/115
f 93/376/93 400/375/400 839/460/833 450/461/450
f 400/375/400 92/367/92 448/450/448 839/460/833
f 839/460/833 448/450/448 107/454/107 429/462/429
f 450/461/450 839/460/833 429/462/429 108/463/108
f 246/172/246 716/171/246 840/464/246 717/465/246
f 716/171/246 240/147/240 715/378/714 840/464/246
f 840/464/246 715/378/714 242/382/242 723/465/719
f 717/465/246 840/464/246 723/465/719 247/466/247
f 94/386/94 401/385/401 841/467/834 438/411/438
f 401/385/401 93/376/93 450/461/450 841/467/834
f 841/467/834 450/461/450 108/463/108 430/468/430
f 438/411/438 841/467/834 430/468/430 109/412/109
f 58/401/58 360/354/360 842/354/835 453/324/453
f 360/354/360 150/356/150 541/356/541 842/354/835
f 842/354/835 541/356/541 149/87/149 308/354/308
f 453/324/453 842/354/835 308/354/308 59/353/59
f 114/448/114 435/447/435 843/469/836 466/470/466
f 435/447/435 113/440/113 467/471/467 843/469/836
f 843/469/836 467/471/467 128/472/128 464/473/464
f 466/470/466 843/469/836 464/473/464 129/474/129
f 107/475/107 428/476/428 844/477/837 468/478/468
f 428/476/428 106/479/106 469/480/469 844/477/837
f 844/477/837 469/480/469 121/200/121 457/481/457
f 468/478/468 844/477/837 457/481/457 122/482/122
f 115/459/115 436/458/436 845/483/838 470/484/470
f 436/458/436 114/448/114 466/470/466 845/483/838
f 845/483/838 466/470/466 129/474/129 465/485/465
f 470/484/470 845/483/838 465/485/465 130/486/130
f 108/463/108 429/462/429 846/487/839 471/488/471
f 429/462/429 107/454/107 468/489/468 846/487/839
f 846/487/839 468/489/468 122/490/122 458/491/458
f 471/488/471 846/487/839 458/491/458 123/492/123
f 249/493/249 718/270/246 847/494/246 719/495/715
f 718/270/246 246/172/246 717/465/246 847/494/246
f 847/494/246 717/465/246 247/466/247 725/496/721
f 719/495/715 847/494/246 725/496/721 146/497/146
f 109/412/109 430/468/430 848/498/840 473/499/473
f 430/468/430 108/463/108 471/488/471 848/498/840
f 848/498/840 471/488/471 123/492/123 459/500/459
f 473/499/473 848/498/840 459/500/459 124/501/124
f 197/502/197 617/503/617 849/504/841 478/505/478
f 617/503/617 182/428/182 509/444/509 849/504/841
f 849/504/841 509/444/509 57/443/57 364/442/364
f 478/505/478 849/504/841 364/442/364 43/441/43
f 110/414/110 431/413/431 850/506/842 475/507/475
f 431/413/431 109/412/109 473/499/473 850/506/842
f 850/506/842 473/499/473 124/501/124 460/508/460
f 475/507/475 850/506/842 460/508/460 125/509/125
f 120/510/120 353/511/353 851/512/843 513/513/513
f 353/511/353 27/4/27 423/116/423 851/512/843
f 851/512/843 423/116/423 26/119/26 311/514/311
f 513/513/513 851/512/843 311/514/311 131/515/131
f 111/422/111 432/421/432 852/516/844 477/517/477
f 432/421/432 110/414/110 475/507/475 852/516/844
f 852/516/844 475/507/475 125/509/125 461/518/461
f 477/517/477 852/516/844 461/518/461 126/519/126
f 119/520/119 336/521/336 853/522/845 568/510/568
f 336/521/336 28/1/28 472/4/472 853/522/845
f 853/522/845 472/4/472 27/4/27 353/511/353
f 568/510/568 853/522/845 353/511/353 120/510/120
f 112/433/112 433/432/433 854/523/846 479/524/479
f 433/432/433 111/422/111 477/517/477 854/523/846
f 854/523/846 477/517/477 126/519/126 462/525/462
f 479/524/479 854/523/846 462/525/462 127/526/127
f 118/520/118 380/514/380 855/527/847 512/515/512
f 380/514/380 29/119/29 424/180/424 855/527/847
f 855/527/847 424/180/424 28/1/28 336/521/336
f 512/515/512 855/527/847 336/521/336 119/520/119
f 113/440/113 434/439/434 856/528/848 467/471/467
f 434/439/434 112/433/112 479/524/479 856/528/848
f 856/528/848 479/524/479 127/526/127 463/529/463
f 467/471/467 856/528/848 463/529/463 128/472/128
f 106/452/106 446/530/446 857/531/849 601/532/601
f 446/530/446 91/186/91 474/189/474 857/531/849
f 857/531/849 474/189/474 29/119/29 380/514/380
f 601/532/601 857/531/849 380/514/380 118/520/118
f 105/156/105 338/533/338 858/534/850 538/110/538
f 338/533/338 14/535/14 442/536/442 858/534/850
f 858/534/850 442/536/442 13/537/13 379/538/379
f 538/110/538 858/534/850 379/538/379 116/154/116
f 126/519/126 461/518/461 859/539/851 498/540/498
f 461/518/461 125/509/125 499/541/499 859/539/851
f 859/539/851 499/541/499 140/542/140 490/543/490
f 498/540/498 859/539/851 490/543/490 141/544/141
f 104/110/104 383/538/383 860/545/852 485/164/485
f 383/538/383 15/535/15 398/536/398 860/545/852
f 860/545/852 398/536/398 14/535/14 338/533/338
f 485/164/485 860/545/852 338/533/338 105/156/105
f 127/526/127 462/525/462 861/546/853 501/547/501
f 462/525/462 126/519/126 498/540/498 861/546/853
f 861/546/853 498/540/498 141/544/141 491/548/491
f 501/547/501 861/546/853 491/548/491 142/549/142
f 16/24/16 268/550/268 862/551/854 602/109/602
f 268/550/268 4/552/4 444/553/444 862/551/854
f 862/551/854 444/553/444 15/535/15 383/538/383
f 602/109/602 862/551/854 383/538/383 104/110/104
f 128/472/128 463/529/463 863/554/855 503/555/503
f 463/529/463 127/526/127 501/547/501 863/554/855
f 863/554/855 501/547/501 142/549/142 492/556/492
f 503/555/503 863/554/855 492/556/492 143/557/143
f 134/558/134 385/559/385 864/560/856 515/200/515
f 385/559/385 120/561/120 513/513/513 864/560/856
f 864/560/856 513/513/513 131/515/131 339/562/339
f 515/200/515 864/560/856 339/562/339 135/200/135
f 129/474/129 464/473/464 865/563/857 505/564/505
f 464/473/464 128/472/128 503/555/503 865/563/857
f 865/563/857 503/555/503 143/557/143 493/565/493
f 505/564/505 865/563/857 493/565/493 144/566/144
f 122/482/122 457/481/457 866/567/858 506/568/506
f 457/481/457 121/200/121 504/276/504 866/567/858
f 866/567/858 504/276/504 136/59/136 486/569/486
f 506/568/506 866/567/858 486/569/486 137/570/137
f 130/486/130 465/571/465 867/572/859 507/573/507
f 465/571/465 129/574/129 505/564/505 867/572/859
f 867/572/859 505/564/505 144/566/144 494/575/494
f 507/573/507 867/572/859 494/575/494 145/576/145
f 123/492/123 458/491/458 868/577/860 508/578/508
f 458/491/458 122/490/122 506/579/506 868/577/860
f 868/577/860 506/579/506 137/580/137 487/581/487
f 508/578/508 868/577/860 487/581/487 138/582/138
f 115/583/115 470/584/470 869/585/861 691/586/691
f 470/584/470 130/587/130 688/588/688 869/585/861
f 869/585/861 688/588/688 239/139/239 695/166/695
f 691/586/691 869/585/861 695/166/695 244/269/244
f 124/501/124 459/500/459 870/589/862 510/590/510
f 459/500/459 123/492/123 508/578/508 870/589/862
f 870/589/862 508/578/508 138/582/138 488/591/488
f 510/590/510 870/589/862 488/591/488 139/592/139
f 116/154/116 379/538/379 871/534/863 511/155/511
f 379/538/379 13/537/13 397/536/397 871/534/863
f 871/534/863 397/536/397 12/535/12 337/538/337
f 511/155/511 871/534/863 337/538/337 117/156/117
f 125/509/125 460/508/460 872/593/864 499/541/499
f 460/508/460 124/501/124 510/590/510 872/593/864
f 872/593/864 510/590/510 139/592/139 489/594/489
f 499/541/499 872/593/864 489/594/489 140/542/140
f 137/570/137 486/569/486 873/595/865 525/596/525
f 486/569/486 136/59/136 526/597/526 873/595/865
f 873/595/865 526/597/526 152/58/152 516/598/516
f 525/596/525 873/595/865 516/598/516 153/599/153
f 145/576/145 494/575/494 874/600/866 527/601/527
f 494/575/494 144/566/144 528/602/528 874/600/866
f 874/600/866 528/602/528 160/603/160 524/604/524
f 527/601/527 874/600/866 524/604/524 161/143/161
f 138/582/138 487/581/487 875/605/867 529/606/529
f 487/581/487 137/580/137 525/607/525 875/605/867
f 875/605/867 525/607/525 153/608/153 517/609/517
f 529/606/529 875/605/867 517/609/517 154/610/154
f 130/587/130 507/611/507 876/612/868 688/588/688
f 507/611/507 145/576/145 527/601/527 876/612/868
f 876/612/868 527/601/527 161/143/161 693/140/693
f 688/588/688 876/612/868 693/140/693 239/139/239
f 139/592/139 488/591/488 877/613/869 531/614/531
f 488/591/488 138/582/138 529/606/529 877/613/869
f 877/613/869 529/606/529 154/610/154 518/615/518
f 531/614/531 877/613/869 518/615/518 155/616/155
f 133/201/133 340/562/340 878/560/870 556/208/556
f 340/562/340 119/520/119 568/510/568 878/560/870
f 878/560/870 568/510/568 120/510/120 385/559/385
f 556/208/556 878/560/870 385/559/385 134/199/134
f 140/542/140 489/594/489 879/617/871 533/618/533
f 489/594/489 139/592/139 531/614/531 879/617/871
f 879/617/871 531/614/531 155/616/155 519/619/519
f 533/618/533 879/617/871 519/619/519 156/620/156
f 132/214/132 387/560/387 880/562/872 514/200/514
f 387/560/387 118/520/118 512/515/512 880/562/872
f 880/562/872 512/515/512 119/520/119 340/562/340
f 514/200/514 880/562/872 340/562/340 133/200/133
f 141/544/141 490/543/490 881/621/873 535/622/535
f 490/543/490 140/542/140 533/618/533 881/621/873
f 881/621/873 533/618/533 156/620/156 520/623/520
f 535/622/535 881/621/873 520/623/520 157/624/157
f 121/200/121 469/625/469 882/626/874 600/214/600
f 469/625/469 106/452/106 601/532/601 882/626/874
f 882/626/874 601/532/601 118/520/118 387/560/387
f 600/214/600 882/626/874 387/560/387 132/214/132
f 142/549/142 491/548/491 883/627/875 537/628/537
f 491/548/491 141/544/141 535/622/535 883/627/875
f 883/627/875 535/622/535 157/624/157 521/629/521
f 537/628/537 883/627/875 521/629/521 158/630/158
f 2/631/2 415/632/415 884/633/876 395/634/395
f 415/632/415 41/423/41 425/426/425 884/633/876
f 884/633/876 425/426/425 30/429/30 365/635/365
f 395/634/395 884/633/876 365/635/365 1/636/1
f 143/557/143 492/556/492 885/637/877 539/638/539
f 492/556/492 142/549/142 537/628/537 885/637/877
f 885/637/877 537/628/537 158/630/158 522/639/522
f 539/638/539 885/637/877 522/639/522 159/640/159
f 3/641/3 366/642/366 886/632/878 440/641/440
f 366/642/366 42/426/42 476/436/476 886/632/878
f 886/632/878 476/436/476 41/423/41 415/632/415
f 440/641/440 886/632/878 415/632/415 2/631/2
f 144/566/144 493/565/493 887/643/879 528/644/528
f 493/565/493 143/557/143 539/638/539 887/643/879
f 887/643/879 539/638/539 159/640/159 523/645/523
f 528/644/528 887/643/879 523/645/523 160/603/160
f 157/624/157 520/623/520 888/646/880 554/647/554
f 520/623/520 156/620/156 555/648/555 888/646/880
f 888/646/880 555/648/555 171/649/171 549/650/549
f 554/647/554 888/646/880 549/650/549 172/651/172
f 13/652/13 419/653/419 889/654/881 397/652/397
f 419/653/419 74/655/74 456/656/456 889/654/881
f 889/654/881 456/656/456 75/657/75 367/654/367
f 397/652/397 889/654/881 367/654/367 12/658/12
f 158/630/158 521/629/521 890/659/882 558/660/558
f 521/629/521 157/624/157 554/647/554 890/659/882
f 890/659/882 554/647/554 172/651/172 550/661/550
f 558/660/558 890/659/882 550/661/550 173/662/173
f 14/658/14 368/663/368 891/653/883 442/658/442
f 368/663/368 73/664/73 500/665/500 891/653/883
f 891/653/883 500/665/500 74/655/74 419/653/419
f 442/658/442 891/653/883 419/653/419 13/652/13
f 159/640/159 522/639/522 892/666/884 560/667/560
f 522/639/522 158/630/158 558/660/558 892/666/884
f 892/666/884 558/660/558 173/662/173 551/668/551
f 560/667/560 892/666/884 551/668/551 174/669/174
f 15/658/15 421/653/421 893/653/885 398/658/398
f 421/653/421 72/670/72 455/671/455 893/653/885
f 893/653/885 455/671/455 73/664/73 368/663/368
f 398/658/398 893/653/885 368/663/368 14/658/14
f 160/603/160 523/645/523 894/672/886 562/673/562
f 523/645/523 159/640/159 560/667/560 894/672/886
f 894/672/886 560/667/560 174/669/174 552/674/552
f 562/673/562 894/672/886 552/674/552 175/675/175
f 153/599/153 516/598/516 895/676/887 563/677/563
f 516/598/516 152/58/152 561/315/561 895/676/887
f 895/676/887 561/315/561 167/242/167 545/678/545
f 563/677/563 895/676/887 545/678/545 168/679/168
f 161/680/161 524/681/524 896/682/888 564/683/564
f 524/681/524 160/603/160 562/673/562 896/682/888
f 896/682/888 562/673/562 175/675/175 553/684/553
f 564/683/564 896/682/888 553/684/553 176/685/176
f 154/610/154 517/609/517 897/686/889 565/687/565
f 517/609/517 153/608/153 563/688/563 897/686/889
f 897/686/889 563/688/563 168/689/168 546/690/546
f 565/687/565 897/686/889 546/690/546 169/691/169
f 55/350/55 720/349/716 898/692/890 321/693/321
f 720/349/716 249/271/249 719/495/715 898/692/890
f 898/692/890 719/495/715 146/497/146 727/694/723
f 321/693/321 898/692/890 727/694/723 40/134/40
f 155/616/155 518/615/518 899/695/891 567/696/567
f 518/615/518 154/610/154 565/687/565 899/695/891
f 899/695/891 565/687/565 169/691/169 547/697/547
f 567/696/567 899/695/891 547/697/547 170/698/170
f 11/631/11 417/635/417 900/635/892 396/636/396
f 417/635/417 43/441/43 426/441/426 900/635/892
f 900/635/892 426/441/426 42/426/42 366/642/366
f 396/636/396 900/635/892 366/642/366 3/641/3
f 156/620/156 519/619/519 901/699/893 555/648/555
f 519/619/519 155/616/155 567/696/567 901/699/893
f 901/699/893 567/696/567 170/698/170 548/700/548
f 555/648/555 901/699/893 548/700/548 171/649/171
f 212/634/212 653/701/653 902/702/894 439/634/439
f 653/701/653 197/502/197 478/505/478 902/702/894
f 902/702/894 478/505/478 43/441/43 417/635/417
f 439/634/439 902/702/894 417/635/417 11/631/11
f 176/145/176 553/703/553 903/704/895 583/379/583
f 553/703/553 175/705/175 584/706/584 903/704/895
f 903/704/895 584/706/584 190/707/190 582/708/582
f 583/379/583 903/704/895 582/708/582 191/380/191
f 169/709/169 546/710/546 904/711/896 585/712/585
f 546/710/546 168/679/168 586/713/586 904/711/896
f 904/711/896 586/713/586 183/714/183 575/715/575
f 585/712/585 904/711/896 575/715/575 184/716/184
f 242/717/242 721/718/717 905/719/897 722/720/718
f 721/718/717 191/721/191 620/722/620 905/719/897
f 905/719/897 620/722/620 206/723/206 642/724/642
f 722/720/718 905/719/897 642/724/642 221/725/221
f 170/726/170 547/727/547 906/728/898 588/729/588
f 547/727/547 169/709/169 585/712/585 906/728/898
f 906/728/898 585/712/585 184/716/184 576/730/576
f 588/729/588 906/728/898 576/730/576 185/731/185
f 4/22/4 734/732/730 907/733/899 444/734/444
f 734/732/730 227/665/227 627/665/627 907/733/899
f 907/733/899 627/665/627 72/670/72 421/653/421
f 444/734/444 907/733/899 421/653/421 15/658/15
f 171/735/171 548/736/548 908/737/900 590/738/590
f 548/736/548 170/726/170 588/729/588 908/737/900
f 908/737/900 588/729/588 185/731/185 577/739/577
f 590/738/590 908/737/900 577/739/577 186/740/186
f 74/655/74 409/741/409 909/742/901 456/656/456
f 409/741/409 2/631/2 395/634/395 909/742/901
f 909/742/901 395/634/395 1/636/1 369/743/369
f 456/656/456 909/742/901 369/743/369 75/657/75
f 172/744/172 549/745/549 910/746/902 592/747/592
f 549/745/549 171/735/171 590/738/590 910/746/902
f 910/746/902 590/738/590 186/740/186 578/748/578
f 592/747/592 910/746/902 578/748/578 187/749/187
f 73/671/73 394/750/394 911/742/903 500/665/500
f 394/750/394 3/641/3 440/641/440 911/742/903
f 911/742/903 440/641/440 2/631/2 409/741/409
f 500/665/500 911/742/903 409/741/409 74/665/74
f 173/751/173 550/752/550 912/753/904 594/754/594
f 550/752/550 172/744/172 592/747/592 912/753/904
f 912/753/904 592/747/592 187/749/187 579/755/579
f 594/754/594 912/753/904 579/755/579 188/756/188
f 72/670/72 451/741/451 913/757/905 455/671/455
f 451/741/451 11/631/11 396/636/396 913/757/905
f 913/757/905 396/636/396 3/641/3 394/750/394
f 455/671/455 913/757/905 394/750/394 73/664/73
f 174/758/174 551/759/551 914/760/906 596/761/596
f 551/759/551 173/751/173 594/754/594 914/760/906
f 914/760/906 594/754/594 188/756/188 580/762/580
f 596/761/596 914/760/906 580/762/580 189/763/189
f 227/657/227 674/750/674 915/757/907 627/665/627
f 674/750/674 212/764/212 439/634/439 915/757/907
f 915/757/907 439/634/439 11/634/11 451/741/451
f 627/665/627 915/757/907 451/741/451 72/656/72
f 175/705/175 552/765/552 916/766/908 584/706/584
f 552/765/552 174/758/174 596/761/596 916/766/908
f 916/766/908 596/761/596 189/763/189 581/767/581
f 584/706/584 916/766/908 581/767/581 190/707/190
f 168/679/168 545/678/545 917/768/909 586/713/586
f 545/678/545 167/242/167 597/239/597 917/768/909
f 917/768/909 597/239/597 182/238/182 574/769/574
f 586/713/586 917/768/909 574/769/574 183/714/183
f 188/770/188 579/771/579 918/772/910 612/773/612
f 579/771/579 187/774/187 613/775/613 918/772/910
f 918/772/910 613/775/613 202/776/202 608/777/608
f 612/773/612 918/772/910 608/777/608 203/778/203
f 90/298/90 250/779/250 919/62/911 614/298/614
f 250/779/250 179/780/179 572/780/572 919/62/911
f 919/62/911 572/780/572 209/198/209 631/597/631
f 614/298/614 919/62/911 631/597/631 208/70/208
f 189/781/189 580/782/580 920/783/912 616/784/616
f 580/782/580 188/770/188 612/773/612 920/783/912
f 920/783/912 612/773/612 203/778/203 609/785/609
f 616/784/616 920/783/912 609/785/609 204/786/204
f 147/356/147 698/81/697 921/81/913 599/87/599
f 698/81/697 86/163/86 615/163/615 921/81/913
f 921/81/913 615/163/615 226/86/226 660/787/660
f 599/87/599 921/81/913 660/787/660 225/83/225
f 190/788/190 581/789/581 922/790/914 618/791/618
f 581/789/581 189/781/189 616/784/616 922/790/914
f 922/790/914 616/784/616 204/786/204 610/792/610
f 618/791/618 922/790/914 610/792/610 205/793/205
f 183/794/183 574/795/574 923/796/915 619/797/619
f 574/795/574 182/428/182 617/798/617 923/796/915
f 923/796/915 617/798/617 197/799/197 603/800/603
f 619/797/619 923/796/915 603/800/603 198/801/198
f 191/721/191 582/802/582 924/803/916 620/722/620
f 582/802/582 190/788/190 618/791/618 924/803/916
f 924/803/916 618/791/618 205/793/205 611/804/611
f 620/722/620 924/803/916 611/804/611 206/723/206
f 184/805/184 575/806/575 925/807/917 621/808/621
f 575/806/575 183/794/183 619/797/619 925/807/917
f 925/807/917 619/797/619 198/801/198 604/809/604
f 621/808/621 925/807/917 604/809/604 199/810/199
f 247/811/247 723/812/719 926/813/918 724/814/720
f 723/812/719 242/717/242 722/720/718 926/813/918
f 926/813/918 722/720/718 221/725/221 677/815/677
f 724/814/720 926/813/918 677/815/677 236/816/236
f 185/817/185 576/818/576 927/819/919 623/820/623
f 576/818/576 184/805/184 621/808/621 927/819/919
f 927/819/919 621/808/621 199/810/199 605/821/605
f 623/820/623 927/819/919 605/821/605 200/822/200
f 86/163/86 700/823/699 928/823/920 615/163/615
f 700/823/699 117/154/117 566/156/566 928/823/920
f 928/823/920 566/156/566 237/824/237 690/152/690
f 615/163/615 928/823/920 690/152/690 226/86/226
f 186/825/186 577/826/577 929/827/921 625/828/625
f 577/826/577 185/817/185 623/820/623 929/827/921
f 929/827/921 623/820/623 200/822/200 606/829/606
f 625/828/625 929/827/921 606/829/606 201/830/201
f 26/119/26 255/8/255 930/8/922 649/831/649
f 255/8/255 164/118/164 593/832/593 930/8/922
f 930/8/922 593/832/593 223/833/223 658/834/658
f 649/831/649 930/8/922 658/834/658 222/119/222
f 187/774/187 578/835/578 931/836/923 613/775/613
f 578/835/578 186/825/186 625/828/625 931/836/923
f 931/836/923 625/828/625 201/830/201 607/837/607
f 613/775/613 931/836/923 607/837/607 202/776/202
f 179/203/179 713/202/712 932/196/924 572/780/572
f 713/202/712 135/201/135 559/208/559 932/196/924
f 932/196/924 559/208/559 210/200/210 670/276/670
f 572/780/572 932/196/924 670/276/670 209/198/209
f 146/838/146 725/839/721 933/840/925 726/841/722
f 725/839/721 247/811/247 724/814/720 933/840/925
f 933/840/925 724/814/720 236/816/236 737/842/733
f 726/841/722 933/840/925 737/842/733 10/843/10
f 200/844/200 605/821/605 934/845/926 643/846/643
f 605/821/605 199/847/199 644/848/644 934/845/926
f 934/845/926 644/848/644 214/849/214 634/850/634
f 643/846/643 934/845/926 634/850/634 215/851/215
f 44/241/44 294/245/294 935/240/927 645/241/645
f 294/245/294 178/285/178 622/284/622 935/240/927
f 935/240/927 622/284/622 207/242/207 630/239/630
f 645/241/645 935/240/927 630/239/630 196/238/196
f 201/852/201 606/829/606 936/853/928 646/854/646
f 606/829/606 200/844/200 643/846/643 936/853/928
f 936/853/928 643/846/643 215/851/215 635/855/635
f 646/854/646 936/853/928 635/855/635 216/856/216
f 178/285/178 279/299/279 937/857/929 622/284/622
f 279/299/279 90/298/90 614/298/614 937/857/929
f 937/857/929 614/298/614 208/70/208 671/296/671
f 622/284/622 937/857/929 671/296/671 207/242/207
f 202/858/202 607/837/607 938/859/930 648/860/648
f 607/837/607 201/852/201 646/854/646 938/859/930
f 938/859/930 646/854/646 216/856/216 636/861/636
f 648/860/648 938/859/930 636/861/636 217/862/217
f 164/118/164 281/326/281 939/326/931 593/832/593
f 281/326/281 71/406/71 496/324/496 939/326/931
f 939/326/931 496/324/496 224/863/224 687/321/687
f 593/832/593 939/326/931 687/321/687 223/833/223
f 203/864/203 608/777/608 940/865/932 650/866/650
f 608/777/608 202/858/202 648/860/648 940/865/932
f 940/865/932 648/860/648 217/862/217 637/867/637
f 650/866/650 940/865/932 637/867/637 218/868/218
f 71/406/71 307/354/307 941/354/933 496/324/496
f 307/354/307 147/356/147 599/87/599 941/354/933
f 941/354/933 599/87/599 225/83/225 659/355/659
f 496/324/496 941/354/933 659/355/659 224/863/224
f 204/869/204 609/785/609 942/870/934 652/871/652
f 609/785/609 203/864/203 650/866/650 942/870/934
f 942/870/934 650/866/650 218/868/218 638/872/638
f 652/871/652 942/870/934 638/872/638 219/873/219
f 30/429/30 309/424/309 943/442/935 647/429/647
f 309/424/309 44/428/44 645/427/645 943/442/935
f 943/442/935 645/427/645 196/427/196 683/434/683
f 647/429/647 943/442/935 683/434/683 195/426/195
f 205/874/205 610/792/610 944/875/936 654/876/654
f 610/792/610 204/869/204 652/871/652 944/875/936
f 944/875/936 652/871/652 219/873/219 639/877/639
f 654/876/654 944/875/936 639/877/639 220/878/220
f 198/801/198 603/800/603 945/879/937 655/880/655
f 603/800/603 197/799/197 653/701/653 945/879/937
f 945/879/937 653/701/653 212/634/212 632/881/632
f 655/880/655 945/879/937 632/881/632 213/882/213
f 206/723/206 611/804/611 946/883/938 642/884/642
f 611/804/611 205/793/205 654/876/654 946/883/938
f 946/883/938 654/876/654 220/885/220 640/886/640
f 642/884/642 946/883/938 640/886/640 221/887/221
f 199/847/199 604/888/604 947/889/939 644/848/644
f 604/888/604 198/890/198 655/891/655 947/889/939
f 947/889/939 655/891/655 213/892/213 633/893/633
f 644/848/644 947/889/939 633/893/633 214/849/214
f 131/515/131 311/514/311 948/894/940 557/515/557
f 311/514/311 26/895/26 649/831/649 948/894/940
f 948/894/940 649/831/649 222/119/222 657/527/657
f 557/515/557 948/894/940 657/527/657 211/510/211
f 219/873/219 638/872/638 949/896/941 672/897/672
f 638/872/638 218/868/218 673/898/673 949/896/941
f 949/896/941 673/898/673 233/899/233 667/900/667
f 672/897/672 949/896/941 667/900/667 234/901/234
f 117/154/117 337/902/337 950/538/942 566/156/566
f 337/902/337 12/658/12 651/658/651 950/538/942
f 950/538/942 651/658/651 238/903/238 701/533/700
f 566/156/566 950/538/942 701/533/700 237/824/237
f 220/878/220 639/877/639 951/904/943 675/905/675
f 639/877/639 219/873/219 672/897/672 951/904/943
f 951/904/943 672/897/672 234/901/234 668/906/668
f 675/905/675 951/904/943 668/906/668 235/907/235
f 213/882/213 632/881/632 952/908/944 676/909/676
f 632/881/632 212/634/212 674/743/674 952/908/944
f 952/908/944 674/743/674 227/665/227 661/910/661
f 676/909/676 952/908/944 661/910/661 228/911/228
f 221/912/221 640/913/640 953/914/945 677/915/677
f 640/913/640 220/878/220 675/905/675 953/914/945
f 953/914/945 675/905/675 235/907/235 669/916/669
f 677/915/677 953/914/945 669/916/669 236/917/236
f 214/849/214 633/893/633 954/918/946 678/919/678
f 633/893/633 213/892/213 676/920/676 954/918/946
f 954/918/946 676/920/676 228/921/228 662/922/662
f 678/919/678 954/918/946 662/922/662 229/923/229
f 40/134/40 727/924/723 955/925/947 300/130/300
f 727/924/723 146/838/146 726/841/722 955/925/947
f 955/925/947 726/841/722 10/843/10 272/926/272
f 300/130/300 955/925/947 272/926/272 25/34/25
f 215/851/215 634/850/634 956/927/948 680/928/680
f 634/850/634 214/849/214 678/919/678 956/927/948
f 956/927/948 678/919/678 229/923/229 663/929/663
f 680/928/680 956/927/948 663/929/663 230/930/230
f 135/201/135 339/562/339 957/562/949 559/208/559
f 339/562/339 131/515/131 557/515/557 957/562/949
f 957/562/949 557/515/557 211/510/211 656/931/656
f 559/208/559 957/562/949 656/931/656 210/200/210
f 216/856/216 635/855/635 958/932/950 682/933/682
f 635/855/635 215/851/215 680/928/680 958/932/950
f 958/932/950 680/928/680 230/930/230 664/934/664
f 682/933/682 958/932/950 664/934/664 231/935/231
f 1/636/1 365/635/365 959/635/951 679/636/679
f 365/635/365 30/429/30 647/429/647 959/635/951
f 959/635/951 647/429/647 195/426/195 629/635/629
f 679/636/679 959/635/951 629/635/629 194/634/194
f 217/862/217 636/861/636 960/936/952 684/937/684
f 636/861/636 216/856/216 682/933/682 960/936/952
f 960/936/952 682/933/682 231/935/231 665/938/665
f 684/937/684 960/936/952 665/938/665 232/939/232
f 12/658/12 367/654/367 961/663/953 651/658/651
f 367/654/367 75/657/75 502/671/502 961/663/953
f 961/663/953 502/671/502 193/665/193 628/663/628
f 651/658/651 961/663/953 628/663/628 238/903/238
f 218/868/218 637/867/637 962/940/954 673/898/673
f 637/867/637 217/862/217 684/937/684 962/940/954
f 962/940/954 684/937/684 232/939/232 666/941/666
f 673/898/673 962/940/954 666/941/666 233/899/233
f 230/930/230 663/929/663 963/942/955 728/943/724
f 663/929/663 229/923/229 685/944/685 963/942/955
f 963/942/955 685/944/685 241/35/241 703/51/702
f 728/943/724 963/942/955 703/51/702 6/50/6
f 101/63/101 273/62/273 964/62/956 483/297/483
f 273/62/273 180/61/180 570/198/570 964/62/956
f 964/62/956 570/198/570 179/203/179 250/779/250
f 483/297/483 964/62/956 250/779/250 90/298/90
f 231/935/231 664/934/664 965/945/957 686/946/686
f 664/934/664 230/930/230 728/943/724 965/945/957
f 965/945/957 728/943/724 6/50/6 704/65/703
f 686/946/686 965/945/957 704/65/703 243/64/243
f 152/58/152 526/597/526 966/57/958 536/298/536
f 526/597/526 136/59/136 626/60/626 966/57/958
f 966/57/958 626/60/626 192/73/192 275/71/275
f 536/298/536 966/57/958 275/71/275 103/58/103
f 232/939/232 665/938/665 967/947/959 731/948/727
f 665/938/665 231/935/231 686/946/686 967/947/959
f 967/947/959 686/946/686 243/64/243 705/75/704
f 731/948/727 967/947/959 705/75/704 7/74/7
f 150/83/150 699/81/698 968/82/960 541/949/541
f 699/81/698 89/94/89 482/163/482 968/82/960
f 968/82/960 482/163/482 88/84/88 277/81/277
f 541/949/541 968/82/960 277/81/277 149/80/149
f 233/899/233 666/941/666 969/950/961 689/951/689
f 666/941/666 232/939/232 731/948/727 969/950/961
f 969/950/961 731/948/727 7/74/7 706/89/705
f 689/951/689 969/950/961 706/89/705 245/88/245
f 46/222/46 333/221/333 970/952/962 589/953/589
f 333/221/333 31/105/31 532/108/532 970/952/962
f 970/952/962 532/108/532 89/94/89 699/81/698
f 589/953/589 970/952/962 699/81/698 150/83/150
f 234/901/234 667/900/667 971/954/963 733/955/729
f 667/900/667 233/899/233 689/951/689 971/954/963
f 971/954/963 689/951/689 245/88/245 707/96/706
f 733/955/729 971/954/963 707/96/706 8/13/8
f 75/657/75 369/743/369 972/743/964 502/671/502
f 369/743/369 1/636/1 679/636/679 972/743/964
f 972/743/964 679/636/679 194/634/194 681/750/681
f 502/671/502 972/743/964 681/750/681 193/665/193
f 235/907/235 668/906/668 973/956/965 735/957/731
f 668/906/668 234/901/234 733/955/729 973/956/965
f 973/956/965 733/955/729 8/13/8 252/10/252
f 735/957/731 973/956/965 252/10/252 9/9/9
f 228/911/228 661/910/661 974/958/966 736/959/732
f 661/910/661 227/665/227 734/960/730 974/958/966
f 974/958/966 734/960/730 4/961/4 251/962/251
f 736/959/732 974/958/966 251/962/251 5/963/5
f 236/917/236 669/916/669 975/964/967 737/965/733
f 669/916/669 235/907/235 735/957/731 975/964/967
f 975/964/967 735/957/731 9/9/9 253/966/253
f 737/965/733 975/964/967 253/966/253 10/27/10
f 229/923/229 662/922/662 976/967/968 685/944/685
f 662/922/662 228/921/228 736/968/732 976/967/968
f 976/967/968 736/968/732 5/18/5 702/36/701
f 685/944/685 976/967/968 702/36/701 241/35/241
f 100/45/100 449/969/449 977/970/969 692/46/692
f 449/969/449 115/583/115 691/586/691 977/970/969
f 977/970/969 691/586/691 244/269/244 697/266/696
f 692/46/692 977/970/969 697/266/696 248/47/248
