# Blender 5.1.0
# www.blender.org
mtllib bolsa.mtl
o SM_sack
v -0.197829 0.247833 0.025041
v -0.201816 0.196534 0.025744
v -0.197315 0.196105 -0.002754
v -0.199374 0.247833 -0.003704
v -0.196329 0.195563 -0.032160
v -0.193995 0.247833 -0.031984
v -0.179571 0.195120 -0.056441
v -0.182005 0.247833 -0.058154
v -0.165203 0.194806 -0.082186
v -0.164100 0.247833 -0.080695
v -0.139535 0.194926 -0.096181
v -0.141321 0.247833 -0.098295
v -0.116436 0.195221 -0.116026
v -0.114992 0.247833 -0.109933
v -0.087388 0.195210 -0.121189
v -0.086643 0.247833 -0.114932
v -0.058825 0.194905 -0.110554
v -0.057921 0.247833 -0.113001
v -0.029911 0.194821 -0.106217
v -0.030496 0.247833 -0.104253
v -0.007645 0.195111 -0.086896
v -0.005962 0.247833 -0.089195
v 0.016370 0.195554 -0.069688
v 0.014256 0.247833 -0.068704
v 0.036797 0.196120 0.011308
v 0.038907 0.247833 0.012315
v 0.035817 0.195548 0.040723
v 0.033528 0.247833 0.040595
v 0.019133 0.195098 0.065091
v 0.021538 0.247833 0.066765
v 0.004786 0.194794 0.090845
v 0.003633 0.247833 0.089306
v -0.020897 0.194896 0.104783
v -0.019146 0.247833 0.106906
v -0.044036 0.195177 0.124586
v -0.045475 0.247833 0.118544
v -0.073086 0.195172 0.129727
v -0.073824 0.247833 0.123543
v -0.101624 0.194886 0.119071
v -0.102545 0.247833 0.121612
v -0.130535 0.194793 0.114766
v -0.129970 0.247833 0.112864
v -0.152842 0.195089 0.095482
v -0.154505 0.247833 0.097806
v -0.176854 0.195543 0.078286
v -0.174723 0.247833 0.077315
v -0.187819 0.196101 0.050968
v -0.189449 0.247833 0.052581
v -0.202748 0.161366 0.025909
v -0.196177 0.160900 -0.001952
v -0.196483 0.160058 -0.031567
v -0.178199 0.159501 -0.055194
v -0.164833 0.158917 -0.082061
v -0.138524 0.159107 -0.095534
v -0.117099 0.159443 -0.118215
v -0.087532 0.159428 -0.123510
v -0.059512 0.159076 -0.109699
v -0.030172 0.158930 -0.106100
v -0.008498 0.159486 -0.085353
v 0.016717 0.160051 -0.069203
v 0.035637 0.160921 0.010464
v 0.035956 0.160043 0.040092
v 0.017775 0.159471 0.063866
v 0.004452 0.158896 0.090751
v -0.021875 0.159061 0.104132
v -0.043372 0.159380 0.126750
v -0.072949 0.159373 0.131999
v -0.100929 0.159046 0.118159
v -0.130261 0.158892 0.114612
v -0.152002 0.159455 0.093917
v -0.177216 0.160033 0.077787
v -0.187022 0.160895 0.049816
v -0.200367 -0.042490 0.025488
v -0.189202 -0.043270 0.003922
v -0.190302 -0.046500 -0.024104
v -0.172002 -0.048769 -0.047535
v -0.157970 -0.051237 -0.075845
v -0.134369 -0.051373 -0.096499
v -0.117195 -0.050129 -0.122365
v -0.089148 -0.050212 -0.127631
v -0.063451 -0.051525 -0.109861
v -0.034068 -0.051325 -0.098700
v -0.011404 -0.048814 -0.076656
v 0.013605 -0.046454 -0.060241
v 0.028647 -0.043218 0.004387
v 0.029915 -0.046464 0.032430
v 0.011938 -0.048824 0.056285
v -0.001967 -0.051358 0.084670
v -0.025722 -0.051562 0.105119
v -0.043311 -0.050309 0.130797
v -0.071442 -0.050334 0.135889
v -0.097004 -0.051612 0.118026
v -0.126394 -0.051401 0.107034
v -0.149194 -0.048880 0.085117
v -0.174214 -0.046517 0.068750
v -0.182539 -0.043269 0.041913
v -0.128488 -0.094735 -0.103764
v -0.088960 -0.095035 0.122757
v -0.068164 -0.094501 0.139439
v 0.024683 -0.090326 0.010685
v -0.092511 -0.094376 -0.131170
v -0.115529 -0.094275 -0.126861
v -0.091159 -0.370175 -0.003237
v -0.129365 -0.349668 0.015402
v -0.091994 -0.369697 0.005420
v -0.130727 -0.348671 -0.014333
v -0.092577 -0.369636 0.013916
v -0.123163 -0.346212 -0.040971
v -0.091949 -0.368688 0.025053
v -0.108293 -0.343100 -0.061505
v -0.092260 -0.367498 0.035021
v -0.102912 -0.345747 -0.086876
v -0.091308 -0.366616 0.045636
v -0.107042 -0.349575 -0.109189
v -0.091202 -0.376421 -0.057281
v -0.108802 -0.352576 -0.123729
v -0.091656 -0.373789 -0.042833
v -0.098400 -0.352503 -0.125773
v -0.092386 -0.371040 -0.035156
v -0.094926 -0.349519 -0.111416
v -0.093380 -0.372519 -0.027257
v -0.090124 -0.346021 -0.090120
v -0.094076 -0.372175 -0.018743
v -0.073962 -0.343809 -0.073045
v -0.095257 -0.372161 -0.011509
v -0.055245 -0.345999 -0.055136
v -0.096096 -0.371626 -0.002853
v -0.029468 -0.348222 0.027237
v -0.096700 -0.371534 0.005813
v -0.031721 -0.343403 0.053594
v -0.096254 -0.370499 0.017110
v -0.039747 -0.332051 0.074453
v -0.096372 -0.369216 0.027586
v -0.050638 -0.320429 0.087952
v -0.095425 -0.368247 0.038892
v -0.045457 -0.312693 0.106375
v -0.093475 -0.377040 -0.060441
v -0.041584 -0.314976 0.118527
v -0.094379 -0.374486 -0.047279
v -0.054248 -0.314802 0.118217
v -0.095355 -0.372607 -0.042929
v -0.067581 -0.312947 0.110012
v -0.097307 -0.373729 -0.033179
v -0.078241 -0.321026 0.093994
v -0.098816 -0.373942 -0.025875
v -0.087184 -0.332103 0.082807
v -0.100085 -0.374372 -0.018581
v -0.105526 -0.344191 0.066852
v -0.100904 -0.374148 -0.009894
v -0.120838 -0.348436 0.043820
v -0.045071 -0.094473 0.135252
v -0.148021 -0.094416 -0.083207
v 0.003246 -0.091715 -0.066523
v -0.031621 -0.094977 0.112320
v -0.162782 -0.092715 -0.056714
v -0.176655 -0.090381 0.046519
v -0.195758 -0.090621 0.024686
v -0.022961 -0.092805 -0.082389
v -0.011787 -0.094601 0.092021
v -0.182450 -0.091736 -0.033430
v -0.163884 -0.091787 0.074998
v -0.045799 -0.094569 -0.102390
v 0.002968 -0.092819 0.065495
v -0.185158 -0.090381 -0.002369
v -0.137638 -0.092881 0.090761
v -0.071525 -0.094940 -0.114612
v 0.022310 -0.091726 0.041793
v -0.114668 -0.094654 0.110625
v 0.035239 0.130051 0.009666
v 0.033695 0.096615 0.008400
v 0.033081 0.064212 0.007199
v 0.031158 0.027923 0.005468
v 0.030367 -0.009129 0.004268
v -0.072199 -0.014804 0.135707
v -0.072484 0.023127 0.136980
v -0.072468 0.060339 0.135262
v -0.072732 0.093606 0.134870
v -0.072753 0.127795 0.132724
v -0.100340 0.127468 0.118052
v -0.099555 0.093237 0.117159
v -0.098989 0.059996 0.117239
v -0.098282 0.022609 0.116485
v -0.098431 -0.016044 0.116941
v -0.135418 -0.015845 -0.095040
v -0.135208 0.022779 -0.094738
v -0.136218 0.060134 -0.095242
v -0.136784 0.093348 -0.095009
v -0.137890 0.127552 -0.095608
v -0.117175 0.127886 -0.118968
v -0.117916 0.093719 -0.120988
v -0.117821 0.060473 -0.121444
v -0.118466 0.023284 -0.123032
v -0.117779 -0.014624 -0.121933
v -0.042701 -0.014783 0.130384
v -0.042014 0.023144 0.131501
v -0.042650 0.060354 0.129923
v -0.042556 0.093618 0.129484
v -0.043294 0.127805 0.127482
v -0.160848 -0.015994 -0.076289
v -0.162314 0.022763 -0.078710
v -0.162842 0.060093 -0.079849
v -0.163730 0.093194 -0.080999
v -0.164101 0.127383 -0.081415
v 0.016134 -0.012053 -0.060950
v 0.017151 0.025797 -0.063532
v 0.016872 0.062530 -0.065493
v 0.017038 0.095179 -0.067195
v 0.016599 0.128921 -0.068234
v -0.024734 -0.016001 0.103652
v -0.025007 0.022648 0.103329
v -0.024061 0.060028 0.103834
v -0.023539 0.093263 0.103601
v -0.022478 0.127488 0.104203
v -0.174078 -0.013953 -0.047283
v -0.174236 0.024516 -0.048832
v -0.175691 0.061453 -0.051214
v -0.176155 0.094302 -0.052533
v -0.177595 0.128184 -0.054292
v -0.184198 -0.009177 0.042361
v -0.184528 0.027879 0.043728
v -0.185747 0.064172 0.045975
v -0.185909 0.096579 0.047281
v -0.186926 0.130021 0.048962
v -0.203015 0.130521 0.025956
v -0.203623 0.097068 0.026064
v -0.203458 0.064631 0.026033
v -0.203425 0.028326 0.026028
v -0.202101 -0.008365 0.025792
v -0.009475 -0.013990 -0.077012
v -0.009944 0.024479 -0.078417
v -0.009426 0.061424 -0.081043
v -0.009478 0.094276 -0.082345
v -0.008741 0.128166 -0.084388
v 0.000800 -0.016090 0.085100
v 0.002157 0.022688 0.087500
v 0.002610 0.060033 0.088616
v 0.003436 0.093149 0.089742
v 0.003760 0.127349 0.090130
v -0.192997 -0.012092 -0.023935
v -0.194867 0.025770 -0.026038
v -0.195315 0.062515 -0.027987
v -0.196071 0.095174 -0.029544
v -0.196035 0.128923 -0.030682
v -0.176725 -0.012109 0.069470
v -0.177721 0.025748 0.072060
v -0.177420 0.062488 0.074039
v -0.177568 0.095145 0.075752
v -0.177111 0.128894 0.076806
v -0.031616 -0.016051 -0.099957
v -0.031154 0.022731 -0.102584
v -0.031125 0.060076 -0.103703
v -0.030747 0.093192 -0.104963
v -0.030595 0.127388 -0.105357
v 0.013895 -0.014002 0.056029
v 0.013953 0.024464 0.057576
v 0.015357 0.061405 0.059940
v 0.015776 0.094258 0.061244
v 0.017192 0.128147 0.062981
v -0.190942 -0.009177 0.004055
v -0.191728 0.027881 0.002885
v -0.193659 0.064176 0.001197
v -0.194262 0.096584 0.000033
v -0.195799 0.130026 -0.001189
v -0.151108 -0.014051 0.085495
v -0.150617 0.024421 0.086907
v -0.151116 0.061370 0.089553
v -0.151049 0.094229 0.090869
v -0.151770 0.128126 0.092934
v -0.062016 -0.015965 -0.108734
v -0.062157 0.022678 -0.108223
v -0.061443 0.060057 -0.108931
v -0.060878 0.093287 -0.108800
v -0.060095 0.127509 -0.109643
v 0.032534 -0.012064 0.032275
v 0.034373 0.025785 0.034403
v 0.034788 0.062517 0.036399
v 0.035537 0.095167 0.037992
v 0.035495 0.128910 0.039174
v -0.128827 -0.016122 0.108329
v -0.129264 0.022665 0.110984
v -0.129292 0.060016 0.112126
v -0.129670 0.093137 0.113414
v -0.129832 0.127341 0.113836
v -0.088354 -0.014687 -0.127431
v -0.088056 0.023237 -0.128665
v -0.088045 0.060437 -0.126905
v -0.087770 0.093692 -0.126470
v -0.087734 0.127865 -0.124277
v -0.188705 0.223250 0.051874
v -0.200377 0.223569 0.025490
v -0.198448 0.223252 -0.003298
v -0.195568 0.223012 -0.032287
v -0.180885 0.222725 -0.057428
v -0.164999 0.222642 -0.081762
v -0.140452 0.222661 -0.097160
v -0.115688 0.222869 -0.113328
v -0.087154 0.222862 -0.118374
v -0.058327 0.222651 -0.111710
v -0.029989 0.222652 -0.105652
v -0.006755 0.222721 -0.088196
v 0.015616 0.223006 -0.069535
v 0.037953 0.223261 0.011881
v 0.035073 0.223003 0.040877
v 0.020434 0.222714 0.066058
v 0.004556 0.222637 0.090396
v -0.020001 0.222647 0.105767
v -0.044782 0.222845 0.121910
v -0.073315 0.222843 0.126951
v -0.102130 0.222642 0.120275
v -0.130468 0.222637 0.114231
v -0.153721 0.222709 0.096798
v -0.176090 0.223000 0.078142
v -0.194471 0.247833 0.039064
v -0.195919 0.196395 0.038140
v -0.182833 0.247833 0.065393
v -0.182767 0.195807 0.065353
v -0.165233 0.247833 0.088171
v -0.165783 0.195304 0.087208
v -0.142692 0.247833 0.106076
v -0.141773 0.194904 0.106114
v -0.116522 0.247833 0.118066
v -0.116643 0.194792 0.117471
v -0.088243 0.247833 0.123445
v -0.087353 0.195037 0.124438
v -0.059498 0.247833 0.121900
v -0.058058 0.195224 0.129994
v -0.031959 0.247833 0.113521
v -0.032456 0.195046 0.114719
v -0.007224 0.247833 0.098794
v -0.007339 0.194797 0.098138
v 0.013267 0.247833 0.078576
v 0.012377 0.194909 0.078868
v 0.028324 0.247833 0.054042
v 0.028462 0.195311 0.052892
v 0.037072 0.247833 0.026617
v 0.036955 0.195819 0.026548
v 0.034004 0.247833 -0.030453
v 0.035492 0.196411 -0.029541
v 0.022367 0.247833 -0.056782
v 0.022308 0.195817 -0.056755
v 0.004766 0.247833 -0.079560
v 0.005289 0.195320 -0.078613
v -0.017774 0.247833 -0.097465
v -0.018692 0.194932 -0.097544
v -0.043944 0.247833 -0.109455
v -0.043798 0.194814 -0.108943
v -0.072224 0.247833 -0.114834
v -0.073109 0.195064 -0.115913
v -0.100968 0.247833 -0.113289
v -0.102420 0.195268 -0.121445
v -0.128508 0.247833 -0.104910
v -0.127997 0.195086 -0.106142
v -0.153242 0.247833 -0.090183
v -0.153082 0.194815 -0.089505
v -0.173733 0.247833 -0.069965
v -0.172797 0.194925 -0.070201
v -0.188790 0.247833 -0.045431
v -0.188937 0.195333 -0.044286
v -0.197539 0.247833 -0.018006
v -0.197484 0.195818 -0.018002
v -0.199470 0.247833 0.010715
v -0.200529 0.196396 0.012077
v -0.196089 0.161233 0.037462
v -0.182447 0.160452 0.064571
v -0.165651 0.159730 0.086088
v -0.141112 0.159128 0.105278
v -0.116177 0.158892 0.116814
v -0.086972 0.159230 0.124922
v -0.057539 0.159427 0.132872
v -0.032647 0.159244 0.115279
v -0.008021 0.158901 0.097643
v 0.011441 0.159137 0.078266
v 0.027921 0.159743 0.051845
v 0.036362 0.160468 0.025886
v 0.035674 0.161255 -0.028865
v 0.021986 0.160468 -0.055983
v 0.005138 0.159754 -0.077511
v -0.019354 0.159165 -0.096737
v -0.044250 0.158924 -0.108335
v -0.073490 0.159271 -0.116455
v -0.102947 0.159489 -0.124360
v -0.127788 0.159302 -0.106717
v -0.152360 0.158932 -0.088996
v -0.171834 0.159162 -0.069563
v -0.188397 0.159771 -0.043247
v -0.196914 0.160465 -0.017388
v -0.200461 0.161234 0.012772
v -0.193001 -0.042597 0.032833
v -0.178321 -0.044799 0.055471
v -0.163074 -0.047765 0.077264
v -0.137796 -0.050243 0.096458
v -0.111959 -0.051838 0.112688
v -0.084215 -0.050972 0.127467
v -0.056672 -0.050087 0.137181
v -0.034351 -0.050928 0.118426
v -0.013572 -0.051791 0.094945
v 0.005111 -0.050195 0.070823
v 0.022319 -0.047709 0.044202
v 0.029275 -0.044747 0.018556
v 0.032515 -0.042541 -0.024326
v 0.017760 -0.044735 -0.046950
v 0.002449 -0.047701 -0.068774
v -0.022735 -0.050172 -0.088046
v -0.048474 -0.051758 -0.104455
v -0.076308 -0.050871 -0.119282
v -0.103925 -0.049934 -0.128836
v -0.125953 -0.050733 -0.109906
v -0.146398 -0.051632 -0.086211
v -0.165079 -0.050104 -0.061978
v -0.182540 -0.047702 -0.035671
v -0.189780 -0.044799 -0.010292
v -0.195959 -0.042597 0.016060
v -0.116551 -0.071886 -0.124337
v -0.098338 -0.175323 -0.142815
v 0.006326 -0.196595 0.026695
v -0.070087 -0.072104 0.137482
v -0.076106 -0.176323 0.132522
v -0.131782 -0.072685 -0.099372
v -0.043993 -0.072077 0.132752
v -0.153923 -0.072159 -0.078715
v 0.009480 -0.067208 -0.062848
v -0.028293 -0.072899 0.107969
v -0.168132 -0.069470 -0.051018
v -0.179954 -0.064396 0.043627
v -0.179377 -0.199709 0.021789
v -0.016128 -0.069533 -0.078719
v -0.005950 -0.072305 0.087542
v -0.187204 -0.067245 -0.027929
v -0.170103 -0.067275 0.071346
v -0.038784 -0.072273 -0.100102
v 0.008176 -0.069544 0.059781
v -0.187318 -0.064397 0.001449
v -0.144474 -0.069603 0.087143
v -0.066855 -0.072862 -0.111673
v 0.026924 -0.067218 0.036259
v -0.121679 -0.072352 0.108395
v -0.160749 -0.190757 -0.051944
v -0.114271 -0.114097 -0.129219
v -0.094662 -0.114202 -0.132846
v 0.022749 -0.120538 0.014955
v -0.062236 -0.175405 0.141952
v -0.066058 -0.114326 0.141140
v -0.084226 -0.115001 0.126630
v -0.122982 -0.175932 -0.122899
v -0.125559 -0.114671 -0.109074
v -0.044677 -0.175375 0.139005
v -0.046403 -0.114298 0.137582
v -0.129430 -0.150362 -0.095577
v -0.023859 -0.190843 -0.077337
v -0.004328 -0.119008 -0.069853
v -0.037674 -0.147891 0.124316
v -0.138770 -0.183672 -0.078048
v -0.156934 -0.116935 -0.063569
v -0.167616 -0.168332 0.054742
v -0.198559 -0.063920 0.025175
v -0.184953 -0.171376 0.022772
v -0.043038 -0.156271 -0.093357
v -0.033319 -0.178395 0.108002
v -0.018772 -0.115916 0.096968
v -0.097476 -0.146767 -0.136973
v -0.146908 -0.156050 -0.073547
v -0.034667 -0.114941 0.117585
v 0.026797 -0.064344 0.006863
v -0.162441 -0.196666 0.056846
v -0.047356 -0.146846 0.138807
v 0.013740 -0.168268 0.022381
v -0.173365 -0.120596 0.049890
v -0.122404 -0.177953 -0.100665
v -0.063346 -0.146875 0.141506
v -0.192011 -0.122048 0.024023
v -0.114999 -0.175214 -0.139609
v -0.030050 -0.150715 0.104179
v -0.140980 -0.115677 -0.088194
v -0.093607 -0.072953 0.119824
v -0.051666 -0.184028 -0.095290
v -0.113492 -0.146660 -0.134012
v -0.016506 -0.162694 -0.074451
v -0.078290 -0.147952 0.130971
v -0.030625 -0.117060 -0.086997
v -0.090542 -0.071979 -0.129223
v -0.035004 -0.176262 0.126541
v -0.122852 -0.147574 -0.117554
v -0.150454 -0.254143 0.059408
v -0.166917 -0.257045 0.019651
v -0.141285 -0.294205 0.059614
v -0.157230 -0.296994 0.018029
v -0.130820 -0.332098 0.052254
v -0.143000 -0.334101 0.016003
v -0.125886 -0.349276 0.029887
v -0.112385 -0.359743 0.036015
v -0.118519 -0.360306 0.014620
v -0.101309 -0.374331 -0.001069
v -0.123101 -0.248278 0.089373
v -0.113411 -0.288465 0.089951
v -0.108771 -0.327163 0.079236
v -0.113991 -0.347381 0.056479
v -0.102639 -0.357632 0.054687
v -0.100833 -0.373023 0.009998
v -0.091960 -0.241351 0.104795
v -0.091850 -0.280774 0.102303
v -0.088549 -0.313173 0.093357
v -0.096100 -0.338744 0.075328
v -0.089862 -0.350054 0.068530
v -0.100747 -0.371651 0.020685
v -0.075155 -0.237509 0.120080
v -0.081349 -0.276079 0.116518
v -0.080232 -0.303819 0.103509
v -0.080839 -0.325652 0.088441
v -0.078528 -0.341539 0.081058
v -0.099448 -0.370195 0.032105
v -0.075091 -0.237671 0.132661
v -0.077991 -0.277184 0.127450
v -0.068568 -0.298883 0.116200
v -0.076210 -0.315663 0.103633
v -0.076099 -0.332504 0.100006
v -0.095284 -0.378104 -0.061242
v -0.058687 -0.237905 0.137962
v -0.059710 -0.278414 0.129606
v -0.054402 -0.301103 0.122939
v -0.059537 -0.312984 0.114684
v -0.069183 -0.332682 0.108974
v -0.096236 -0.375718 -0.053070
v -0.036780 -0.237873 0.133906
v -0.036480 -0.279212 0.124450
v -0.037619 -0.302259 0.122088
v -0.047424 -0.315417 0.118984
v -0.059781 -0.332455 0.105766
v -0.097186 -0.372231 -0.045588
v -0.026503 -0.237613 0.123515
v -0.027889 -0.277385 0.115423
v -0.035706 -0.299228 0.113710
v -0.041094 -0.313251 0.113838
v -0.057855 -0.331530 0.094587
v -0.099165 -0.373553 -0.038904
v -0.033833 -0.237479 0.112162
v -0.039202 -0.276181 0.107038
v -0.045927 -0.303549 0.096093
v -0.050660 -0.315246 0.097792
v -0.053847 -0.340698 0.076512
v -0.100517 -0.373205 -0.030907
v -0.024595 -0.241286 0.092780
v -0.034744 -0.280560 0.091944
v -0.035669 -0.313121 0.084017
v -0.045436 -0.325789 0.081774
v -0.045882 -0.349654 0.060500
v -0.102455 -0.372981 -0.024021
v -0.006650 -0.248179 0.068345
v -0.013709 -0.288366 0.071948
v -0.021183 -0.326213 0.063872
v -0.035057 -0.338154 0.064638
v -0.041618 -0.356956 0.043535
v -0.103661 -0.372459 -0.015725
v -0.003988 -0.254053 0.033159
v -0.008271 -0.294095 0.035702
v -0.016526 -0.331965 0.031546
v -0.030031 -0.346977 0.041129
v -0.040949 -0.359486 0.022959
v -0.104667 -0.372510 -0.007159
v -0.035339 -0.348953 -0.016849
v -0.104378 -0.371411 0.003459
v -0.036833 -0.248172 -0.081111
v -0.045016 -0.288321 -0.081859
v -0.050946 -0.327793 -0.072314
v -0.046947 -0.347131 -0.044214
v -0.058714 -0.358774 -0.039306
v -0.104208 -0.370602 0.011057
v -0.063719 -0.241170 -0.097681
v -0.073035 -0.281568 -0.096994
v -0.075200 -0.322854 -0.090314
v -0.064556 -0.344696 -0.064228
v -0.071480 -0.358409 -0.053164
v -0.102862 -0.369499 0.025374
v -0.079849 -0.237338 -0.118777
v -0.084797 -0.279324 -0.115909
v -0.091202 -0.321191 -0.108157
v -0.083042 -0.344648 -0.081154
v -0.083881 -0.362516 -0.063172
v -0.097243 -0.376287 -0.061285
v -0.078564 -0.237622 -0.137137
v -0.078490 -0.281424 -0.129812
v -0.090385 -0.323845 -0.123913
v -0.093689 -0.347686 -0.100676
v -0.089972 -0.368664 -0.073922
v -0.098070 -0.373847 -0.055307
v -0.093027 -0.237848 -0.146470
v -0.091813 -0.282920 -0.138044
v -0.096187 -0.327434 -0.134892
v -0.095790 -0.351234 -0.120294
v -0.093605 -0.372922 -0.080778
v -0.099320 -0.369586 -0.048805
v -0.114186 -0.237708 -0.142359
v -0.117240 -0.282767 -0.133870
v -0.110948 -0.327344 -0.132269
v -0.103953 -0.353097 -0.126603
v -0.100568 -0.372923 -0.079459
v -0.099746 -0.370836 -0.042010
v -0.125265 -0.237311 -0.128371
v -0.125161 -0.281150 -0.121447
v -0.114129 -0.323742 -0.119930
v -0.109297 -0.351274 -0.117622
v -0.101315 -0.368743 -0.071838
v -0.101620 -0.370177 -0.034280
v -0.117133 -0.237008 -0.112302
v -0.122220 -0.279103 -0.111687
v -0.107411 -0.320939 -0.105044
v -0.104286 -0.347712 -0.098772
v -0.102438 -0.362477 -0.059017
v -0.104073 -0.369278 -0.027390
v -0.123789 -0.240581 -0.085922
v -0.125269 -0.280803 -0.088836
v -0.110454 -0.321835 -0.079677
v -0.104071 -0.343908 -0.073925
v -0.107800 -0.358498 -0.043421
v -0.105627 -0.368654 -0.019409
v -0.146486 -0.247892 -0.059853
v -0.137094 -0.287885 -0.063302
v -0.130447 -0.327631 -0.055521
v -0.115402 -0.344420 -0.050877
v -0.116442 -0.359420 -0.027721
v -0.107202 -0.368731 -0.011193
v -0.164021 -0.254134 -0.023129
v -0.155110 -0.294188 -0.026220
v -0.143250 -0.332174 -0.022220
v -0.128469 -0.347615 -0.028741
v -0.120083 -0.360058 -0.007537
v -0.106985 -0.368184 -0.001485
v -0.130968 -0.349415 0.000562
v -0.106680 -0.367925 0.008356
v -0.173711 -0.225191 0.020809
v -0.170364 -0.222291 -0.019215
v -0.157413 -0.222280 0.057619
v -0.155360 -0.216373 -0.054793
v -0.131975 -0.209132 -0.080812
v -0.117566 -0.203783 -0.104922
v -0.122991 -0.202516 -0.126802
v -0.115292 -0.202144 -0.144218
v -0.096839 -0.202256 -0.147796
v -0.082623 -0.202817 -0.134631
v -0.078078 -0.204195 -0.112503
v -0.056388 -0.209597 -0.096153
v -0.029429 -0.216525 -0.078548
v 0.001459 -0.222201 0.029199
v -0.001470 -0.216517 0.063479
v -0.018050 -0.209626 0.088489
v -0.033122 -0.204288 0.110620
v -0.031046 -0.202838 0.125423
v -0.040657 -0.202290 0.135160
v -0.060117 -0.202322 0.138231
v -0.074407 -0.202896 0.132037
v -0.078593 -0.204346 0.118297
v -0.101770 -0.209720 0.103864
v -0.132454 -0.216611 0.087103
v -0.166448 -0.162662 -0.047100
v -0.176302 -0.119012 -0.038997
v -0.138031 -0.190925 0.085893
v -0.144590 -0.162774 0.082893
v -0.156324 -0.119084 0.078288
v -0.075251 -0.178336 -0.109869
v -0.067388 -0.150678 -0.107670
v -0.054071 -0.115884 -0.104725
v -0.016501 -0.184041 0.086514
v -0.012250 -0.156289 0.082440
v -0.002712 -0.117077 0.072368
v -0.175044 -0.196676 -0.016839
v -0.179333 -0.168334 -0.013127
v -0.183172 -0.120594 -0.006637
v -0.108777 -0.184132 0.103406
v -0.117526 -0.156365 0.101562
v -0.129961 -0.117143 0.095306
v -0.084064 -0.176231 -0.130440
v -0.082330 -0.147850 -0.125343
v -0.076303 -0.114902 -0.118482
v 0.001154 -0.190842 0.060840
v 0.006402 -0.162703 0.055794
v 0.016315 -0.119020 0.047434
v -0.084741 -0.178465 0.116191
v -0.093128 -0.150787 0.115554
v -0.106409 -0.115977 0.112896
v -0.101694 -0.095053 0.116785
v 0.023644 -0.090921 0.026775
v -0.082077 -0.094674 -0.123565
v -0.125873 -0.093786 0.100853
v -0.192005 -0.090437 0.012308
v 0.013818 -0.092258 0.053883
v -0.058751 -0.094964 -0.108616
v -0.151798 -0.092321 0.083509
v -0.183979 -0.090963 -0.018480
v -0.004630 -0.093728 0.078987
v -0.034658 -0.093705 -0.092547
v -0.170226 -0.090979 0.061309
v -0.173768 -0.092213 -0.045314
v -0.021815 -0.094997 0.102292
v -0.008837 -0.092249 -0.075079
v -0.188022 -0.090434 0.035043
v -0.155139 -0.093580 -0.070127
v -0.038170 -0.094731 0.124418
v 0.009610 -0.090906 -0.052814
v -0.138103 -0.094776 -0.093600
v -0.055987 -0.094386 0.140736
v 0.027477 -0.090369 -0.026596
v -0.122201 -0.094500 -0.115960
v -0.078504 -0.094779 0.131757
v -0.104710 -0.094226 -0.132403
v -0.103113 0.127927 -0.125237
v -0.103619 0.093763 -0.127954
v -0.103713 0.060510 -0.128377
v -0.104135 0.023346 -0.130504
v -0.103863 -0.014436 -0.128844
v -0.115611 0.127308 0.116314
v -0.115129 0.093058 0.115567
v -0.114584 0.059856 0.114923
v -0.114197 0.022433 0.113911
v -0.113993 -0.016375 0.112810
v 0.035867 0.129479 0.024977
v 0.035028 0.095899 0.023791
v 0.034256 0.063392 0.022268
v 0.032986 0.026897 0.020367
v 0.031533 -0.010541 0.018477
v -0.073889 0.127708 -0.116861
v -0.074262 0.093514 -0.117381
v -0.074716 0.060266 -0.117806
v -0.075055 0.022978 -0.118290
v -0.075174 -0.015305 -0.118333
v -0.140792 0.127678 0.104350
v -0.140268 0.093625 0.103103
v -0.140158 0.060633 0.101716
v -0.139856 0.023482 0.099759
v -0.139979 -0.015186 0.097515
v -0.200446 0.130394 0.013252
v -0.199986 0.096967 0.014161
v -0.199627 0.064557 0.014795
v -0.198628 0.028289 0.015871
v -0.197610 -0.008501 0.016284
v 0.027422 0.128511 0.050933
v 0.026823 0.094693 0.049340
v 0.026284 0.061939 0.047893
v 0.025466 0.025095 0.045593
v 0.024572 -0.013102 0.043863
v -0.044807 0.127350 -0.107878
v -0.045278 0.093108 -0.107171
v -0.045820 0.059914 -0.106568
v -0.046208 0.022498 -0.105590
v -0.046428 -0.016302 -0.104534
v -0.165509 0.128492 0.085104
v -0.165507 0.094667 0.083449
v -0.165508 0.061906 0.081952
v -0.165538 0.025053 0.079557
v -0.165299 -0.013150 0.077675
v -0.196440 0.129470 -0.016520
v -0.195603 0.095884 -0.015388
v -0.194838 0.063368 -0.013909
v -0.193546 0.026862 -0.012061
v -0.192085 -0.010586 -0.010200
v 0.010797 0.127692 0.077463
v 0.009848 0.093645 0.076423
v 0.009238 0.060658 0.075110
v 0.008251 0.023514 0.073321
v 0.007559 -0.015146 0.071116
v -0.019675 0.127724 -0.095833
v -0.020201 0.093679 -0.094609
v -0.020319 0.060692 -0.093240
v -0.020630 0.023546 -0.091303
v -0.020533 -0.015119 -0.089073
v -0.182303 0.129456 0.063585
v -0.181927 0.095871 0.062225
v -0.181730 0.063358 0.060567
v -0.181188 0.026858 0.058384
v -0.180471 -0.010587 0.056144
v -0.187895 0.128540 -0.042343
v -0.187282 0.094723 -0.040762
v -0.186716 0.061965 -0.039327
v -0.185857 0.025115 -0.037042
v -0.184896 -0.013092 -0.035324
v -0.008743 0.127322 0.097332
v -0.009478 0.093076 0.096755
v -0.010238 0.059880 0.096295
v -0.010983 0.022463 0.095432
v -0.011585 -0.016337 0.094409
v 0.004980 0.128524 -0.076541
v 0.004957 0.094707 -0.074906
v 0.004940 0.061953 -0.073420
v 0.004947 0.025106 -0.071046
v 0.004689 -0.013092 -0.069170
v -0.196236 0.130393 0.037001
v -0.196117 0.096966 0.035989
v -0.195998 0.064556 0.035267
v -0.195433 0.028287 0.033916
v -0.194622 -0.008502 0.033176
v -0.171156 0.127726 -0.068732
v -0.170171 0.093689 -0.067657
v -0.169503 0.060713 -0.066318
v -0.168453 0.023579 -0.064500
v -0.167648 -0.015072 -0.062282
v -0.032899 0.127672 0.115726
v -0.033080 0.093472 0.116260
v -0.033372 0.060217 0.116737
v -0.033522 0.022925 0.117217
v -0.033630 -0.015363 0.117209
v 0.021837 0.129480 -0.055006
v 0.021449 0.095903 -0.053656
v 0.021239 0.063399 -0.052009
v 0.020675 0.026906 -0.049837
v 0.019936 -0.010531 -0.047610
v -0.151599 0.127368 -0.088672
v -0.150812 0.093138 -0.088084
v -0.149995 0.059962 -0.087611
v -0.149172 0.022566 -0.086738
v -0.148478 -0.016210 -0.085690
v -0.057379 0.127848 0.133718
v -0.056888 0.093666 0.136402
v -0.056803 0.060397 0.136796
v -0.056408 0.023218 0.138897
v -0.056693 -0.014577 0.137207
v 0.035829 0.130420 -0.028411
v 0.035707 0.096999 -0.027398
v 0.035581 0.064594 -0.026688
v 0.034998 0.028331 -0.025347
v 0.034166 -0.008452 -0.024637
v -0.127520 0.127749 -0.107177
v -0.127317 0.093569 -0.107722
v -0.127004 0.060335 -0.108207
v -0.126826 0.023067 -0.108691
v -0.126688 -0.015197 -0.108682
v -0.086574 0.127655 0.125278
v -0.086209 0.093449 0.125744
v -0.085761 0.060189 0.126119
v -0.085439 0.022891 0.126553
v -0.085329 -0.015400 0.126547
v -0.195533 0.223454 0.038680
v -0.200345 0.223455 0.011438
v -0.189129 0.222863 -0.045008
v -0.173474 0.222662 -0.070349
v -0.153396 0.222630 -0.089948
v -0.128190 0.222762 -0.105603
v -0.101770 0.222907 -0.117807
v -0.072752 0.222751 -0.115421
v -0.043692 0.222632 -0.109374
v -0.018127 0.222667 -0.097820
v 0.005224 0.222854 -0.079314
v 0.022493 0.223118 -0.057015
v 0.035091 0.223463 -0.030078
v 0.037242 0.223120 0.026764
v 0.028656 0.222849 0.053619
v 0.013032 0.222654 0.078987
v -0.007052 0.222623 0.098570
v -0.032273 0.222742 0.114196
v -0.058703 0.222884 0.126386
v -0.087712 0.222737 0.123990
v -0.116762 0.222620 0.117943
v -0.142339 0.222652 0.106412
v -0.165703 0.222846 0.087921
v -0.182953 0.223114 0.065620
v -0.197745 0.223120 -0.018183
v -0.107114 -0.175156 -0.143187
v -0.070274 -0.175781 0.138576
v -0.120661 -0.175489 -0.132489
v 0.000261 -0.198729 -0.029447
v -0.053164 -0.175264 0.141979
v -0.122004 -0.176593 -0.112007
v -0.014263 -0.193905 -0.063417
v -0.038254 -0.175731 0.133698
v -0.128529 -0.180419 -0.089436
v -0.172913 -0.198805 0.039890
v -0.036955 -0.187475 -0.087616
v -0.034832 -0.176995 0.117797
v -0.150219 -0.187240 -0.065903
v -0.150823 -0.193983 0.072569
v -0.065184 -0.180815 -0.102048
v -0.026509 -0.180855 0.097490
v -0.168891 -0.193932 -0.035365
v -0.123674 -0.187565 0.095856
v -0.080359 -0.176945 -0.120053
v -0.006331 -0.187475 0.074568
v -0.179389 -0.198825 0.002580
v -0.094951 -0.180937 0.109933
v -0.090177 -0.175702 -0.138389
v 0.004816 -0.193908 0.044687
v -0.079652 -0.177060 0.124279
v -0.087832 -0.206600 0.111147
v -0.088170 -0.202522 -0.143162
v 0.000976 -0.219578 0.047489
v -0.075747 -0.203286 0.125591
v -0.106480 -0.202122 -0.148085
v -0.068993 -0.202583 0.136328
v -0.121460 -0.202306 -0.136663
v -0.005721 -0.224248 -0.029290
v -0.050033 -0.202216 0.137623
v -0.119679 -0.202808 -0.116183
v -0.164136 -0.219584 -0.038129
v -0.019547 -0.219582 -0.064622
v -0.033767 -0.202531 0.130988
v -0.122149 -0.205982 -0.092984
v -0.107750 -0.072965 0.114242
v -0.042263 -0.213091 -0.088515
v -0.032594 -0.203230 0.118842
v -0.143948 -0.212755 -0.068567
v -0.145749 -0.219663 0.073815
v -0.069247 -0.206453 -0.103635
v -0.027504 -0.206525 0.100050
v -0.167477 -0.224330 0.039837
v -0.117328 -0.213192 0.096565
v -0.080943 -0.203167 -0.123550
v -0.008253 -0.213092 0.076720
v -0.174175 -0.224357 0.000807
v -0.160674 -0.256195 0.040269
v -0.151173 -0.296176 0.039590
v -0.138204 -0.333498 0.034641
v -0.115998 -0.360090 0.025548
v -0.137894 -0.251465 0.076354
v -0.128632 -0.291607 0.077127
v -0.120838 -0.330556 0.067617
v -0.107967 -0.359357 0.045876
v -0.106468 -0.244704 0.097616
v -0.100605 -0.284848 0.096947
v -0.096499 -0.320642 0.087753
v -0.096546 -0.354277 0.062321
v -0.081111 -0.238858 0.112723
v -0.085747 -0.277608 0.109956
v -0.083787 -0.307374 0.098418
v -0.083037 -0.345618 0.073766
v -0.075037 -0.237331 0.126756
v -0.079919 -0.276164 0.122099
v -0.074353 -0.299681 0.112356
v -0.077274 -0.336417 0.091269
v -0.069177 -0.237869 0.137426
v -0.070806 -0.277918 0.131231
v -0.061004 -0.299708 0.120656
v -0.072804 -0.331940 0.106520
v -0.047282 -0.237897 0.136541
v -0.047280 -0.278862 0.126878
v -0.045427 -0.302086 0.123203
v -0.064048 -0.332986 0.108169
v -0.028998 -0.237815 0.129938
v -0.029264 -0.278324 0.121577
v -0.034584 -0.300753 0.117976
v -0.058305 -0.331232 0.101811
v -0.029997 -0.237288 0.118084
v -0.033058 -0.276365 0.111138
v -0.041268 -0.299417 0.105989
v -0.056783 -0.335257 0.085897
v -0.031656 -0.238817 0.103835
v -0.039868 -0.277581 0.100229
v -0.042572 -0.307307 0.090122
v -0.049481 -0.345457 0.067913
v -0.014783 -0.244617 0.080973
v -0.024444 -0.284613 0.083577
v -0.027723 -0.320010 0.075929
v -0.043153 -0.353600 0.052564
v -0.003726 -0.251369 0.052234
v -0.008626 -0.291499 0.055498
v -0.017693 -0.330337 0.048905
v -0.040993 -0.359018 0.033635
v -0.012360 -0.256100 -0.029706
v -0.017086 -0.296037 -0.029756
v -0.026693 -0.334244 -0.022662
v -0.045324 -0.359705 -0.010159
v -0.026731 -0.251373 -0.067240
v -0.033326 -0.291480 -0.068373
v -0.040269 -0.330283 -0.058094
v -0.053388 -0.359077 -0.030488
v -0.050111 -0.244562 -0.090022
v -0.059469 -0.284725 -0.089635
v -0.063145 -0.325185 -0.082131
v -0.064801 -0.358491 -0.046951
v -0.074372 -0.238663 -0.107850
v -0.082232 -0.279728 -0.106609
v -0.085304 -0.321438 -0.099253
v -0.078188 -0.359908 -0.058343
v -0.079235 -0.237222 -0.128737
v -0.081465 -0.280148 -0.123373
v -0.091646 -0.322097 -0.116454
v -0.087691 -0.365627 -0.068672
v -0.083563 -0.237835 -0.143402
v -0.082406 -0.282391 -0.135299
v -0.091587 -0.325864 -0.130492
v -0.091476 -0.371277 -0.078308
v -0.103935 -0.237794 -0.146099
v -0.105483 -0.283037 -0.137418
v -0.103822 -0.327958 -0.135433
v -0.097308 -0.373451 -0.081161
v -0.122344 -0.237580 -0.135979
v -0.121235 -0.282130 -0.127913
v -0.114373 -0.325741 -0.126538
v -0.101560 -0.371307 -0.076425
v -0.121698 -0.236923 -0.121078
v -0.124124 -0.279955 -0.116877
v -0.110876 -0.322035 -0.113367
v -0.101482 -0.365719 -0.066054
v -0.117804 -0.238183 -0.099875
v -0.122279 -0.279223 -0.101932
v -0.107092 -0.320712 -0.092920
v -0.104524 -0.359778 -0.051335
v -0.133704 -0.244065 -0.073347
v -0.129839 -0.284014 -0.076293
v -0.119260 -0.324490 -0.067908
v -0.112284 -0.358891 -0.035896
v -0.156912 -0.251310 -0.042914
v -0.147693 -0.291363 -0.046409
v -0.138692 -0.330175 -0.040208
v -0.119079 -0.359793 -0.018177
v -0.167745 -0.256222 -0.001852
v -0.158453 -0.296217 -0.004298
v -0.144607 -0.333604 -0.003155
v -0.119933 -0.360257 0.003503
v -0.094934 -0.115480 0.119800
v -0.084988 -0.149051 0.123261
v 0.026904 -0.065659 0.021897
v 0.019812 -0.119772 0.031802
v 0.011061 -0.165642 0.039713
v -0.078740 -0.072448 -0.121026
v -0.085496 -0.114493 -0.126583
v -0.089529 -0.147161 -0.132623
v -0.132964 -0.071056 0.098031
v -0.117710 -0.116474 0.104193
v -0.104284 -0.153314 0.108491
v -0.194259 -0.063932 0.014630
v -0.189419 -0.121549 0.009501
v -0.184305 -0.170476 0.005079
v 0.018881 -0.068402 0.048022
v 0.007743 -0.118038 0.060430
v -0.002081 -0.159524 0.070036
v -0.052684 -0.072881 -0.106039
v -0.065543 -0.115385 -0.111665
v -0.075558 -0.148944 -0.116431
v -0.158549 -0.068462 0.079703
v -0.143858 -0.118104 0.087621
v -0.131368 -0.159599 0.093366
v -0.187336 -0.065707 -0.013627
v -0.180043 -0.119807 -0.023460
v -0.173512 -0.165670 -0.030838
v 0.001088 -0.071003 0.073931
v -0.011177 -0.116410 0.084902
v -0.022178 -0.153238 0.093486
v -0.027569 -0.070981 -0.089663
v -0.042816 -0.116385 -0.095959
v -0.056242 -0.153210 -0.100358
v -0.174956 -0.065713 0.057817
v -0.164900 -0.119832 0.064751
v -0.156421 -0.165708 0.069668
v -0.178986 -0.068381 -0.039482
v -0.167516 -0.117965 -0.051803
v -0.157248 -0.159385 -0.061224
v -0.017005 -0.072914 0.097836
v -0.027095 -0.115419 0.107434
v -0.034582 -0.148983 0.114723
v -0.002084 -0.068395 -0.071235
v -0.016771 -0.118026 -0.079242
v -0.029249 -0.159513 -0.085074
v -0.190922 -0.063931 0.033615
v -0.184644 -0.121545 0.036801
v -0.178350 -0.170466 0.039207
v -0.160968 -0.070891 -0.065075
v -0.148463 -0.116213 -0.076059
v -0.136988 -0.152925 -0.084713
v -0.035991 -0.072504 0.120884
v -0.040219 -0.114551 0.128446
v -0.041650 -0.147211 0.132587
v 0.014372 -0.065645 -0.049304
v 0.004244 -0.119756 -0.056287
v -0.006724 -0.165629 -0.060833
v -0.142923 -0.072728 -0.089114
v -0.132868 -0.115153 -0.098789
v -0.125435 -0.148631 -0.106737
v -0.056355 -0.071924 0.138826
v -0.055709 -0.114221 0.142152
v -0.054980 -0.146739 0.142023
v 0.030412 -0.063870 -0.025134
v 0.024003 -0.121475 -0.028383
v 0.010140 -0.170391 -0.029523
v -0.124326 -0.072291 -0.112389
v -0.120265 -0.114307 -0.120028
v -0.119134 -0.146958 -0.127034
v -0.081807 -0.072551 0.129208
v -0.075131 -0.114599 0.134799
v -0.071199 -0.147260 0.137417
v -0.104289 -0.071767 -0.130488
v -0.105039 -0.114064 -0.133818
v -0.105879 -0.146603 -0.137447
v -0.108895 -0.368741 0.012012
v -0.114378 -0.365894 0.013303
v -0.111609 -0.368057 0.012579
v -0.110213 -0.369230 -0.005307
v -0.116280 -0.366083 -0.006039
v -0.113654 -0.368350 -0.005490
v -0.109122 -0.369668 -0.021081
v -0.114205 -0.366338 -0.023791
v -0.112247 -0.368763 -0.022174
v -0.105239 -0.370383 -0.034834
v -0.108692 -0.366941 -0.038250
v -0.107840 -0.369458 -0.036325
v -0.100751 -0.369126 -0.049007
v -0.104115 -0.368478 -0.052691
v -0.104037 -0.369851 -0.050260
v -0.098725 -0.376470 -0.061668
v -0.101817 -0.373634 -0.065368
v -0.100836 -0.375743 -0.062596
v -0.096343 -0.379472 -0.069660
v -0.099472 -0.378518 -0.074317
v -0.098089 -0.380158 -0.071841
v -0.092983 -0.379285 -0.069061
v -0.092274 -0.378494 -0.075682
v -0.092484 -0.380153 -0.072902
v -0.088741 -0.376687 -0.062902
v -0.086893 -0.373585 -0.068125
v -0.086683 -0.375694 -0.065181
v -0.080494 -0.368937 -0.053945
v -0.080028 -0.368429 -0.058151
v -0.079285 -0.369927 -0.055773
v -0.071971 -0.369758 -0.042828
v -0.069603 -0.366339 -0.047694
v -0.069949 -0.368810 -0.045255
v -0.063773 -0.368779 -0.029901
v -0.059795 -0.365483 -0.034447
v -0.061186 -0.367853 -0.032098
v -0.051086 -0.368776 0.019003
v -0.044875 -0.365375 0.020186
v -0.047606 -0.367739 0.019195
v -0.051587 -0.368560 0.035303
v -0.045706 -0.364828 0.038031
v -0.048203 -0.367412 0.036189
v -0.052895 -0.365709 0.050230
v -0.048124 -0.361378 0.053356
v -0.049852 -0.364375 0.051388
v -0.055721 -0.361404 0.063940
v -0.052203 -0.357464 0.067118
v -0.053056 -0.360430 0.065173
v -0.057714 -0.359682 0.077885
v -0.054462 -0.355324 0.081350
v -0.055169 -0.358321 0.079378
v -0.058982 -0.362844 0.087573
v -0.059195 -0.354999 0.089965
v -0.059091 -0.358878 0.088156
v -0.105806 -0.368243 0.015493
v -0.068118 -0.355781 0.091763
v -0.067996 -0.357234 0.089495
v -0.071696 -0.359931 0.080089
v -0.075181 -0.355917 0.084867
v -0.074097 -0.358708 0.082423
v -0.080360 -0.362247 0.067785
v -0.082473 -0.357747 0.072551
v -0.082297 -0.360885 0.070200
v -0.089357 -0.366079 0.056266
v -0.091924 -0.361576 0.061263
v -0.091500 -0.364723 0.058646
v -0.097503 -0.368879 0.043364
v -0.101570 -0.365058 0.048437
v -0.100156 -0.367728 0.045646
v -0.103990 -0.368980 0.028704
v -0.109482 -0.365663 0.032028
v -0.107201 -0.368006 0.030131
v -0.107774 -0.368463 0.020787
v -0.112479 -0.365636 0.022927
v -0.109908 -0.367882 0.021549
v -0.101241 -0.368962 0.036548
v -0.106045 -0.365436 0.040982
v -0.104179 -0.367922 0.038514
v -0.093773 -0.367645 0.050190
v -0.096947 -0.363379 0.055516
v -0.096093 -0.366339 0.052677
v -0.084905 -0.363910 0.062574
v -0.086954 -0.359331 0.067026
v -0.086883 -0.362526 0.064811
v -0.075720 -0.360456 0.074839
v -0.078756 -0.356212 0.079516
v -0.077995 -0.359165 0.077130
v -0.069077 -0.360442 0.084714
v -0.071724 -0.355165 0.090591
v -0.070876 -0.358291 0.087785
v -0.063918 -0.360299 0.086014
v -0.063461 -0.354513 0.092549
v -0.063552 -0.357761 0.089507
v -0.059066 -0.359876 0.082790
v -0.056181 -0.354433 0.087724
v -0.056872 -0.357704 0.085261
v -0.055814 -0.362097 0.072338
v -0.053027 -0.355966 0.074839
v -0.053526 -0.359511 0.073172
v -0.054084 -0.363462 0.057651
v -0.049927 -0.359086 0.060500
v -0.051203 -0.362148 0.058697
v -0.051826 -0.367183 0.043127
v -0.046471 -0.363132 0.046201
v -0.048604 -0.365941 0.044217
v -0.050866 -0.368847 0.027459
v -0.044766 -0.365285 0.029666
v -0.047410 -0.367751 0.028118
v -0.054886 -0.368452 -0.007034
v -0.048904 -0.365241 -0.008686
v -0.051501 -0.367488 -0.007855
v -0.059933 -0.368656 -0.023600
v -0.055226 -0.365327 -0.027112
v -0.057023 -0.367727 -0.025314
v -0.067654 -0.369107 -0.037039
v -0.064425 -0.365685 -0.041724
v -0.065295 -0.368141 -0.039295
v -0.075789 -0.372432 -0.048557
v -0.074917 -0.367077 -0.053507
v -0.074513 -0.370091 -0.051082
v -0.085127 -0.373748 -0.058030
v -0.083946 -0.370743 -0.063355
v -0.083376 -0.372874 -0.060495
v -0.091425 -0.378804 -0.067232
v -0.089370 -0.376448 -0.072743
v -0.089463 -0.378389 -0.069783
v -0.094797 -0.380855 -0.070085
v -0.096263 -0.379334 -0.077118
v -0.095575 -0.381240 -0.074055
v -0.098172 -0.378316 -0.065805
v -0.101165 -0.376487 -0.070561
v -0.099869 -0.378439 -0.067839
v -0.099739 -0.373544 -0.054715
v -0.102807 -0.370778 -0.059650
v -0.102237 -0.372844 -0.056615
v -0.103364 -0.370713 -0.041945
v -0.106357 -0.367401 -0.045718
v -0.105830 -0.369826 -0.043541
v -0.107666 -0.369953 -0.028303
v -0.111787 -0.366500 -0.031493
v -0.110481 -0.369026 -0.029683
v -0.110402 -0.370041 -0.013661
v -0.116033 -0.366090 -0.015448
v -0.113703 -0.368656 -0.014314
v -0.109696 -0.368935 0.003179
v -0.115942 -0.365849 0.003651
v -0.113178 -0.368061 0.003547
v -0.090117 -0.370085 -0.010619
v -0.089568 -0.370419 -0.019232
v -0.089837 -0.370307 -0.032029
v -0.088242 -0.372013 -0.039378
v -0.088222 -0.374033 -0.051735
v -0.087221 -0.364230 0.052769
v -0.088141 -0.364889 0.042917
v -0.087502 -0.365918 0.033442
v -0.088291 -0.366711 0.022540
v -0.087498 -0.366683 0.014156
v -0.086465 -0.367089 0.005440
v -0.085340 -0.366901 -0.002166
v -0.084765 -0.367220 -0.010904
v -0.085470 -0.366760 -0.022262
v -0.083777 -0.368603 -0.032322
v -0.084151 -0.370701 -0.045814
v -0.082257 -0.361298 0.058557
v -0.082774 -0.361269 0.049379
v -0.081932 -0.362283 0.040492
v -0.082573 -0.362413 0.029755
v -0.081427 -0.362637 0.021684
v -0.080250 -0.363324 0.013110
v -0.078947 -0.363490 0.005540
v -0.078289 -0.363940 -0.003179
v -0.078546 -0.362910 -0.012691
v -0.077637 -0.365150 -0.026595
v -0.078536 -0.366562 -0.040375
v -0.076988 -0.359281 0.066044
v -0.077064 -0.359451 0.057521
v -0.076137 -0.361079 0.049302
v -0.076543 -0.361434 0.038656
v -0.075328 -0.362446 0.030922
v -0.074231 -0.363907 0.022521
v -0.073019 -0.364822 0.014982
v -0.072444 -0.365926 0.006264
v -0.072240 -0.365557 -0.003202
v -0.071961 -0.367978 -0.016488
v -0.073292 -0.369925 -0.033502
v -0.073055 -0.358539 0.072107
v -0.072971 -0.358458 0.064472
v -0.071738 -0.359843 0.056994
v -0.072166 -0.359958 0.046699
v -0.070862 -0.360836 0.039364
v -0.069673 -0.362137 0.031184
v -0.068529 -0.362888 0.023716
v -0.067985 -0.363890 0.015094
v -0.067844 -0.363579 0.005925
v -0.067575 -0.365093 -0.005111
v -0.069357 -0.367172 -0.026595
v -0.070166 -0.358291 0.077741
v -0.069552 -0.358000 0.070954
v -0.067768 -0.359690 0.064019
v -0.067957 -0.359453 0.054173
v -0.066176 -0.360703 0.047029
v -0.064633 -0.362352 0.038908
v -0.063188 -0.363366 0.031350
v -0.062488 -0.364544 0.022785
v -0.061921 -0.364321 0.013879
v -0.061547 -0.365250 0.005354
v -0.064104 -0.366975 -0.020275
v -0.064660 -0.357634 0.080263
v -0.063630 -0.357360 0.074428
v -0.061597 -0.359491 0.068119
v -0.061698 -0.359058 0.059067
v -0.059801 -0.360811 0.052269
v -0.058276 -0.362891 0.044437
v -0.056888 -0.364250 0.037039
v -0.056352 -0.365657 0.028844
v -0.055637 -0.365740 0.020477
v -0.055617 -0.366293 0.011983
v -0.059113 -0.367325 -0.013578
vn -0.8999 -0.0234 0.4355
vn -0.9255 -0.0119 0.3787
vn -0.8985 0.0010 0.4390
vn -0.9068 -0.0165 0.4213
vn -0.9944 0.0013 -0.1056
vn -0.9991 -0.0119 -0.0403
vn -0.9946 -0.0232 -0.1012
vn -0.9962 -0.0161 -0.0855
vn -0.7903 0.0207 0.6124
vn -0.7895 -0.0031 0.6137
vn -0.5882 -0.0229 0.8084
vn -0.6457 -0.0062 0.7635
vn -0.6203 -0.0314 0.7838
vn -0.6184 -0.0390 0.7849
vn -0.6484 -0.0246 0.7609
vn -0.5943 -0.0086 0.8042
vn -0.4127 0.0145 0.9108
vn -0.4135 -0.0084 0.9104
vn -0.1570 -0.0167 0.9875
vn -0.2184 -0.0078 0.9758
vn -0.2062 -0.0243 0.9782
vn -0.2327 -0.0211 0.9723
vn -0.3441 0.0141 0.9388
vn -0.2190 0.0233 0.9754
vn -0.0754 0.1015 0.9920
vn -0.1790 0.0689 0.9814
vn 0.1735 0.0945 0.9803
vn 0.1723 0.1372 0.9754
vn 0.4107 0.1012 0.9061
vn 0.5051 0.0687 0.8603
vn 0.6455 0.0136 0.7636
vn 0.5400 0.0227 0.8413
vn 0.5287 -0.0253 0.8484
vn 0.5520 -0.0220 0.8335
vn 0.4856 -0.0178 0.8740
vn 0.5391 -0.0089 0.8422
vn 0.6994 0.0134 0.7146
vn 0.7003 -0.0097 0.7138
vn 0.8698 -0.0258 0.4927
vn 0.8336 -0.0098 0.5522
vn 0.8510 -0.0327 0.5242
vn 0.8497 -0.0404 0.5257
vn 0.8291 -0.0243 0.5585
vn 0.8679 -0.0076 0.4966
vn 0.9521 0.0195 0.3053
vn 0.9517 -0.0042 0.3070
vn 0.9991 -0.0127 0.0400
vn 0.9944 0.0001 0.1055
vn 0.9996 -0.0197 -0.0195
vn 0.9997 -0.0138 -0.0205
vn 0.9724 -0.0101 -0.2332
vn 0.9707 -0.0106 -0.2400
vn 0.9999 -0.0136 -0.0094
vn 0.9965 -0.0740 0.0390
vn 0.9746 -0.0683 -0.2132
vn 0.9774 -0.0431 -0.2071
vn 0.9990 -0.0385 0.0218
vn 0.9093 -0.0109 -0.4161
vn 0.9032 -0.0029 -0.4293
vn 0.7900 0.0207 -0.6128
vn 0.7890 -0.0031 -0.6144
vn 0.5884 -0.0228 -0.8083
vn 0.6458 -0.0063 -0.7635
vn 0.8904 0.0160 -0.4549
vn 0.6208 -0.0312 -0.7834
vn 0.6194 -0.0388 -0.7841
vn 0.6499 -0.0240 -0.7597
vn 0.5950 -0.0080 -0.8037
vn 0.4135 0.0157 -0.9104
vn 0.4152 -0.0073 -0.9097
vn 0.1581 -0.0153 -0.9873
vn 0.2189 -0.0062 -0.9757
vn 0.2062 -0.0226 -0.9783
vn 0.2327 -0.0195 -0.9723
vn 0.3432 0.0156 -0.9391
vn 0.2186 0.0249 -0.9755
vn 0.0750 0.1029 -0.9919
vn 0.1780 0.0703 -0.9815
vn -0.1743 0.0956 -0.9800
vn -0.1726 0.1384 -0.9752
vn -0.4112 0.1021 -0.9058
vn -0.5063 0.0694 -0.8596
vn -0.6470 0.0137 -0.7623
vn -0.5409 0.0231 -0.8408
vn -0.5296 -0.0255 -0.8479
vn -0.5538 -0.0224 -0.8323
vn -0.4873 -0.0187 -0.8730
vn -0.5399 -0.0097 -0.8417
vn -0.6998 0.0122 -0.7142
vn -0.7009 -0.0109 -0.7131
vn -0.8694 -0.0269 -0.4933
vn -0.8335 -0.0110 -0.5524
vn -0.8503 -0.0334 -0.5253
vn -0.8483 -0.0411 -0.5280
vn -0.8270 -0.0242 -0.5617
vn -0.8670 -0.0074 -0.4983
vn -0.9888 -0.0007 -0.1490
vn -0.9982 0.0195 -0.0574
vn -0.9509 -0.0036 -0.3094
vn -0.9516 0.0205 -0.3065
vn -0.9835 0.0510 0.1737
vn -0.9845 0.0206 0.1741
vn -0.8778 -0.0009 0.4790
vn -0.9181 0.0192 0.3958
vn -0.9847 0.0068 0.1744
vn -0.8441 -0.0053 0.5362
vn 0.7879 -0.0172 -0.6155
vn 0.5520 -0.0283 -0.8334
vn -0.8931 -0.0178 0.4496
vn -0.4197 -0.0214 0.9074
vn -0.1333 -0.0176 0.9909
vn 0.6179 -0.0339 -0.7855
vn 0.2434 0.0368 -0.9692
vn -0.1761 0.0500 -0.9831
vn -0.2641 -0.0126 0.9644
vn 0.5793 -0.0135 0.8150
vn 0.4649 -0.0188 0.8852
vn -0.5654 0.0358 -0.8241
vn -0.8463 -0.0363 -0.5314
vn -0.7999 -0.0299 -0.5994
vn 0.7053 -0.0227 0.7086
vn -0.9499 -0.0178 -0.3120
vn -0.9393 -0.0145 0.3428
vn 0.9997 -0.0188 -0.0169
vn 0.9997 -0.0221 -0.0122
vn 0.9749 -0.0215 -0.2215
vn 0.9731 -0.0161 -0.2297
vn 0.6813 -0.0277 -0.7315
vn -0.7887 -0.0171 0.6145
vn -0.4273 0.0071 0.9041
vn 0.4221 -0.0204 -0.9063
vn -0.7146 0.0065 -0.6995
vn -0.2449 0.0355 0.9689
vn 0.8895 -0.0296 0.4560
vn -0.5820 -0.0141 -0.8131
vn -0.9999 -0.0146 -0.0025
vn 0.8485 -0.0356 0.5280
vn -0.9930 -0.0177 -0.1170
vn -0.5516 -0.0285 0.8336
vn 0.9121 -0.0152 -0.4097
vn 0.1351 -0.0162 -0.9907
vn -0.6165 -0.0342 0.7866
vn 0.1745 0.0490 0.9834
vn 0.2642 -0.0111 -0.9644
vn -0.4675 -0.0197 -0.8838
vn 0.5635 0.0353 0.8254
vn 0.8033 -0.0299 0.5949
vn -0.7061 -0.0240 -0.7077
vn -0.9768 -0.0052 -0.2140
vn 0.9511 -0.0183 0.3083
vn -0.6793 -0.0283 0.7333
vn 0.4261 0.0085 -0.9047
vn 0.7124 0.0066 0.7017
vn -0.8888 -0.0307 -0.4572
vn 0.9999 -0.0152 0.0019
vn 0.9833 -0.1797 -0.0306
vn 0.9484 -0.1949 -0.2500
vn 0.9355 -0.2382 -0.2611
vn 0.9756 -0.2192 0.0127
vn -0.4310 -0.0009 0.9023
vn -0.4628 -0.0008 0.8865
vn -0.5822 -0.0011 0.8131
vn -0.5898 -0.0029 0.8075
vn 1.0000 -0.0069 -0.0012
vn 0.9681 0.0019 -0.2506
vn 0.9658 0.0124 -0.2590
vn -0.6663 -0.0143 -0.7455
vn -0.6596 0.0216 -0.7513
vn -0.8391 -0.0027 -0.5439
vn -0.8417 -0.0042 -0.5400
vn -0.3429 0.0211 0.9391
vn -0.3543 -0.0146 0.9350
vn -0.7514 -0.0042 -0.6598
vn -0.7251 -0.0039 -0.6887
vn 0.1780 0.0370 0.9833
vn 0.1776 -0.0198 0.9839
vn 0.9780 -0.0353 -0.2055
vn 0.9146 -0.0511 -0.4012
vn 0.9203 -0.0338 -0.3898
vn -0.6495 -0.0160 -0.7602
vn -0.5907 -0.0286 -0.8064
vn 0.6514 0.0212 0.7584
vn 0.6595 -0.0146 0.7516
vn -0.7953 -0.0667 -0.6026
vn -0.7765 -0.0576 -0.6275
vn 0.8313 -0.0017 0.5558
vn 0.8355 -0.0035 0.5495
vn 0.9021 -0.0802 -0.4240
vn 0.8253 -0.0806 -0.5589
vn 0.8200 -0.0595 -0.5693
vn -0.8976 -0.0871 -0.4322
vn -0.9116 -0.0539 -0.4076
vn 0.7432 -0.0021 0.6691
vn 0.7181 -0.0022 0.6960
vn -0.9838 -0.0435 0.1741
vn -0.9830 -0.0602 0.1735
vn -0.6894 -0.0429 0.7231
vn -0.6834 -0.0358 0.7292
vn -0.8277 -0.0515 -0.5588
vn -0.8392 -0.0433 -0.5421
vn 0.5479 -0.0337 -0.8359
vn 0.5300 -0.0471 -0.8467
vn -0.8354 -0.0580 0.5466
vn -0.8487 -0.0401 0.5274
vn 0.6433 -0.0135 0.7655
vn 0.5850 -0.0266 0.8106
vn 0.6007 -0.0483 -0.7980
vn 0.6155 -0.0395 -0.7872
vn -0.7875 -0.0353 -0.6153
vn -0.7756 -0.0496 -0.6293
vn 0.7940 -0.0636 0.6046
vn 0.7755 -0.0549 0.6290
vn -0.9533 -0.0908 0.2879
vn -0.9643 -0.0479 0.2603
vn -0.9628 -0.0826 -0.2571
vn -0.9620 -0.0612 -0.2662
vn 0.7026 -0.0825 -0.7068
vn 0.7235 -0.0495 -0.6885
vn -0.8260 -0.0804 0.5578
vn -0.8209 -0.0591 0.5679
vn 0.8997 -0.0840 0.4284
vn 0.9135 -0.0510 0.4037
vn 0.5431 -0.0618 -0.8374
vn 0.5173 -0.0528 -0.8542
vn -0.9946 -0.0927 0.0467
vn -0.9957 -0.0492 0.0784
vn 0.8345 -0.0496 0.5488
vn 0.8452 -0.0409 0.5328
vn -0.5467 -0.0338 0.8367
vn -0.5291 -0.0471 0.8473
vn -0.9710 -0.0593 -0.2317
vn -0.9773 -0.0408 -0.2078
vn 0.3438 -0.0114 -0.9390
vn 0.2742 -0.0241 -0.9614
vn -0.5977 -0.0485 0.8003
vn -0.6128 -0.0395 0.7893
vn 0.7979 -0.0345 0.6018
vn 0.7853 -0.0482 0.6172
vn 0.4628 -0.0002 -0.8865
vn 0.4315 -0.0000 -0.9021
vn -0.8950 -0.0436 -0.4440
vn -0.8918 -0.0360 -0.4509
vn 0.9662 -0.0808 0.2449
vn 0.9649 -0.0598 0.2556
vn -0.6984 -0.0825 0.7109
vn -0.7197 -0.0495 0.6925
vn 0.5782 -0.0007 -0.8159
vn 0.5867 -0.0022 -0.8098
vn -0.5376 -0.0620 0.8409
vn -0.5120 -0.0533 0.8573
vn 0.9945 -0.0909 -0.0525
vn 0.9954 -0.0482 -0.0824
vn 0.3372 0.0214 -0.9412
vn 0.3494 -0.0140 -0.9369
vn -0.3391 -0.0119 0.9407
vn -0.2695 -0.0249 0.9627
vn -0.1846 0.0377 -0.9821
vn -0.1838 -0.0191 -0.9828
vn 0.2862 0.0358 -0.9575
vn -0.1774 0.0497 -0.9829
vn -0.6207 0.1435 -0.7708
vn -0.1815 0.1615 -0.9700
vn -0.1888 0.1873 -0.9640
vn -0.6070 0.1616 -0.7781
vn -0.8915 0.1039 -0.4410
vn -0.8804 0.0471 -0.4719
vn -0.9996 0.0133 0.0238
vn -0.9955 0.0041 -0.0948
vn 0.2606 0.1871 -0.9472
vn 0.2238 0.0887 -0.9706
vn -0.1895 0.0570 -0.9802
vn 0.3296 0.0720 -0.9414
vn 0.2892 0.1420 -0.9467
vn -0.1822 0.0977 -0.9784
vn 0.9726 -0.2254 0.0576
vn 0.9287 -0.2466 -0.2770
vn 0.9548 -0.1527 -0.2551
vn 0.8509 -0.1415 -0.5060
vn 0.8559 -0.1622 -0.4911
vn 0.9885 -0.1426 -0.0494
vn -0.2697 0.0002 0.9629
vn -0.5816 -0.0075 0.8135
vn -0.5292 -0.0491 0.8471
vn -0.1841 -0.0633 0.9809
vn 0.1630 -0.0543 0.9851
vn 0.1705 -0.0688 0.9829
vn 0.4108 -0.0212 0.9115
vn 0.4851 -0.0004 0.8745
vn -0.7994 -0.0659 0.5972
vn -0.8549 -0.0377 0.5175
vn -0.4436 -0.0426 0.8952
vn -0.6204 -0.0205 0.7840
vn -0.7138 -0.0430 0.6991
vn -0.6118 -0.0055 0.7910
vn -0.9536 0.0125 -0.3008
vn -0.8731 0.0927 -0.4787
vn -0.9948 -0.1016 -0.0100
vn -0.9709 -0.0585 0.2323
vn -0.9931 -0.0876 -0.0777
vn -0.9464 -0.1422 -0.2901
vn -0.5717 0.0458 -0.8192
vn -0.6550 0.0757 -0.7518
vn -0.8710 0.0339 -0.4901
vn 0.9439 -0.1916 -0.2689
vn 0.8248 -0.2043 -0.5272
vn 0.8409 -0.1818 -0.5098
vn 0.6975 -0.1146 -0.7073
vn 0.7049 -0.1193 -0.6992
vn 0.9838 -0.1742 -0.0413
vn 0.9042 -0.4266 -0.0202
vn 0.8673 -0.4263 -0.2572
vn 0.5732 0.0390 0.8185
vn 0.1684 0.0124 0.9856
vn 0.7819 0.0770 0.6186
vn 0.7552 0.0656 0.6523
vn 0.9888 0.1176 0.0916
vn 0.9648 0.1042 0.2413
vn -0.0726 -0.0701 0.9949
vn -0.3299 0.0197 0.9438
vn 0.1743 0.0408 0.9838
vn -0.8776 -0.1381 -0.4591
vn -0.9473 -0.0875 -0.3082
vn -0.8028 -0.1209 -0.5839
vn -0.8790 -0.0845 -0.4693
vn -0.7569 -0.0984 -0.6461
vn -0.7252 -0.1022 -0.6809
vn -0.8805 0.0005 -0.4741
vn -0.8280 -0.0550 -0.5581
vn 0.7136 -0.1191 -0.6904
vn 0.8246 -0.1843 -0.5348
vn 0.5357 -0.0775 -0.8408
vn 0.5251 -0.0774 -0.8475
vn 0.4973 -0.0530 -0.8660
vn 0.4599 -0.0619 -0.8858
vn 0.8648 -0.1094 -0.4901
vn 0.9620 -0.0840 -0.2599
vn 0.9482 -0.1498 -0.2801
vn 0.8339 -0.1402 -0.5338
vn 0.9233 0.0400 0.3820
vn 0.8258 0.0615 0.5606
vn 0.9933 0.0506 0.1040
vn 0.9802 0.0773 -0.1822
vn 0.9863 0.0208 0.1637
vn 0.9339 0.0075 0.3574
vn 0.6380 0.0332 0.7693
vn 0.8547 0.0122 0.5190
vn -0.7494 -0.0740 -0.6580
vn -0.7905 -0.1141 -0.6018
vn -0.7520 -0.0959 -0.6522
vn -0.7314 -0.1088 -0.6733
vn -0.8100 -0.1209 -0.5738
vn -0.8393 -0.1015 -0.5340
vn -0.8270 -0.1092 -0.5515
vn -0.8194 -0.1162 -0.5613
vn -0.8089 -0.0866 0.5815
vn -0.8623 -0.1202 0.4919
vn -0.8810 -0.1708 0.4411
vn -0.8118 -0.1303 0.5692
vn -0.7509 -0.1060 0.6519
vn -0.7385 -0.1280 0.6620
vn -0.5964 -0.1085 0.7953
vn -0.6359 -0.0893 0.7666
vn -0.9659 -0.1975 0.1674
vn -0.9641 -0.2081 0.1650
vn -0.8928 -0.1866 0.4100
vn -0.9735 -0.1530 0.1697
vn -0.8183 -0.0699 0.5705
vn -0.9794 -0.1071 0.1713
vn 0.4866 -0.0586 -0.8717
vn 0.5510 -0.0646 -0.8320
vn 0.5375 -0.0653 -0.8407
vn 0.6396 -0.0254 -0.7683
vn 0.8806 -0.0060 -0.4738
vn 0.7629 -0.0726 -0.6424
vn 0.7297 -0.1095 -0.6749
vn 0.5448 -0.0385 -0.8377
vn 0.8661 -0.0763 0.4940
vn 0.9283 -0.0297 0.3707
vn 0.8001 0.0025 0.5998
vn 0.8417 -0.0096 0.5399
vn 0.7710 -0.0270 0.6363
vn 0.7572 -0.0031 0.6532
vn 0.8097 -0.0514 0.5846
vn 0.8625 -0.0065 0.5060
vn -0.8707 -0.0924 -0.4831
vn -0.7792 -0.0695 -0.6229
vn -0.9135 -0.1137 -0.3907
vn -0.9004 -0.1377 -0.4128
vn -0.9497 -0.1586 -0.2700
vn -0.9501 -0.1342 -0.2815
vn -0.7849 -0.0471 -0.6178
vn -0.7818 -0.0403 -0.6222
vn -0.6755 -0.0848 0.7324
vn -0.7824 -0.0906 0.6161
vn -0.5012 -0.0801 0.8616
vn -0.4590 -0.0978 0.8830
vn -0.4401 -0.0954 0.8929
vn -0.4349 -0.0835 0.8966
vn -0.8205 -0.1522 0.5510
vn -0.8459 -0.1009 0.5236
vn -0.8172 -0.0564 0.5736
vn 0.6385 -0.1215 -0.7600
vn 0.5234 -0.0966 -0.8466
vn 0.9070 -0.0297 -0.4201
vn 0.9810 0.0342 -0.1909
vn 0.9211 0.1072 -0.3744
vn 0.8671 0.0687 -0.4934
vn 0.5874 -0.1002 -0.8031
vn 0.5381 -0.0405 -0.8419
vn 0.7627 -0.0301 0.6461
vn 0.7906 -0.0604 0.6094
vn 0.8196 -0.0272 0.5723
vn 0.8200 -0.0473 0.5704
vn 0.9338 -0.0875 0.3470
vn 0.9245 -0.0846 0.3718
vn 0.8097 -0.1079 0.5769
vn 0.8254 -0.1012 0.5555
vn -0.9539 -0.0880 -0.2868
vn -0.9366 -0.0945 -0.3374
vn -0.9771 -0.1726 -0.1243
vn -0.9770 -0.1900 -0.0964
vn -0.9697 -0.1022 -0.2218
vn -0.9006 -0.0989 -0.4233
vn -0.4788 -0.0599 0.8759
vn -0.5371 -0.0581 0.8415
vn -0.4782 -0.0989 0.8726
vn -0.5453 -0.0860 0.8338
vn -0.8100 -0.0903 0.5794
vn -0.6817 -0.1323 0.7195
vn -0.5388 -0.0369 0.8416
vn -0.7179 -0.0967 0.6894
vn 0.7552 0.0186 -0.6553
vn 0.7491 -0.0749 -0.6582
vn 0.6387 0.1521 -0.7543
vn 0.6317 0.1241 -0.7652
vn 0.5587 -0.0496 -0.8279
vn 0.5629 -0.1075 -0.8195
vn 0.9098 -0.1102 0.4002
vn 0.8080 -0.0447 0.5875
vn 0.9722 -0.1534 0.1770
vn 0.9831 -0.1351 0.1236
vn 0.7937 -0.0392 0.6070
vn 0.7900 -0.0417 0.6117
vn -0.9772 -0.1206 -0.1748
vn -0.8999 -0.2024 0.3864
vn -0.8241 -0.1721 0.5396
vn -0.9627 -0.0699 -0.2612
vn -0.9609 -0.0567 -0.2712
vn -0.5980 -0.1372 0.7897
vn -0.5029 -0.1018 0.8584
vn -0.8551 -0.1216 0.5040
vn -0.9568 -0.0715 0.2818
vn -0.5819 -0.1004 0.8071
vn -0.5333 -0.0408 0.8449
vn 0.6178 0.0937 -0.7807
vn 0.6152 0.0312 -0.7877
vn 0.6302 0.0012 -0.7764
vn 0.9626 -0.1662 0.2141
vn 0.9752 -0.1334 0.1768
vn 0.9139 -0.1094 0.3909
vn -0.7056 -0.1092 0.7002
vn -0.5250 -0.0692 0.8483
vn -0.5442 -0.1695 0.8216
vn -0.7180 -0.1381 0.6822
vn -0.6819 -0.0249 0.7311
vn 0.9574 0.0319 -0.2871
vn 0.9850 -0.1431 -0.0961
vn 0.6776 -0.1834 -0.7122
vn 0.6003 -0.0277 -0.7993
vn 0.9054 -0.1121 0.4095
vn 0.8563 -0.1862 0.4817
vn 0.9678 -0.1826 0.1733
vn 0.9836 -0.1283 0.1264
vn -0.9081 0.0182 0.4184
vn -0.8701 -0.1063 0.4814
vn -0.9237 -0.1521 0.3516
vn -0.9875 0.0367 0.1534
vn 0.1688 -0.0916 -0.9814
vn 0.1947 -0.1452 -0.9701
vn -0.1796 -0.1196 -0.9764
vn -0.1779 -0.1171 -0.9771
vn -0.8473 0.0021 0.5311
vn -0.7370 -0.2747 0.6175
vn -0.2951 -0.3198 0.9003
vn -0.3203 -0.0616 0.9453
vn -0.5265 -0.0961 -0.8447
vn -0.5966 -0.1282 -0.7922
vn -0.8747 -0.1415 -0.4635
vn -0.8399 -0.0463 -0.5408
vn 0.7309 -0.6476 -0.2155
vn 0.7561 -0.6544 -0.0098
vn 0.7778 -0.6278 -0.0289
vn 0.7554 -0.6251 -0.1968
vn 0.0464 -0.1004 0.9939
vn 0.0510 -0.2561 0.9653
vn 0.1658 -0.1930 0.9671
vn 0.1850 -0.1145 0.9760
vn -0.9998 0.0123 -0.0141
vn -0.9913 -0.1246 0.0427
vn -0.9166 -0.0729 0.3930
vn -0.9317 0.0414 0.3608
vn -0.7974 -0.1196 -0.5914
vn -0.7903 -0.1954 -0.5808
vn -0.8682 -0.2169 -0.4462
vn -0.8837 -0.1534 -0.4423
vn 0.7423 -0.4554 -0.4916
vn 0.6306 -0.6642 -0.4015
vn 0.3497 -0.0980 0.9317
vn 0.3630 -0.1835 0.9136
vn 0.8271 -0.2069 0.5226
vn 0.7444 -0.0382 0.6666
vn -0.9894 0.0383 0.1403
vn -0.9718 -0.0861 0.2194
vn -0.9821 -0.1264 -0.1399
vn -0.9638 0.0278 -0.2653
vn -0.3828 -0.0031 0.9238
vn -0.5007 -0.0009 0.8656
vn -0.5437 -0.0707 0.8363
vn -0.5456 -0.0863 0.8336
vn -0.4380 -0.0143 0.8989
vn -0.5479 0.0016 0.8365
vn 0.6606 -0.1131 -0.7422
vn 0.6207 -0.1875 -0.7613
vn 0.4823 -0.1588 -0.8615
vn 0.4975 -0.0943 -0.8623
vn 0.9953 0.0559 -0.0787
vn 0.9472 -0.1152 -0.2992
vn 0.7460 -0.0252 -0.6655
vn 0.8536 0.0656 -0.5168
vn -0.8640 -0.0183 -0.5032
vn -0.9037 -0.1600 -0.3971
vn -0.8033 -0.1851 -0.5660
vn -0.7831 -0.0721 -0.6177
vn -0.8169 -0.2542 0.5177
vn -0.6957 -0.2273 0.6814
vn -0.7190 -0.1444 0.6799
vn 0.5548 -0.0986 -0.8261
vn 0.5833 -0.1571 -0.7969
vn 0.8097 -0.1690 -0.5619
vn 0.7705 -0.0898 -0.6311
vn 0.9866 -0.0376 -0.1588
vn 0.9499 -0.1164 -0.2900
vn 0.8749 -0.2372 0.4223
vn 0.8990 -0.1276 0.4189
vn -0.9620 -0.2198 0.1619
vn -0.9424 -0.2950 0.1576
vn -0.8901 -0.2816 0.3585
vn -0.5521 -0.1130 0.8261
vn -0.5207 -0.2010 0.8298
vn -0.4251 -0.1838 0.8863
vn -0.4433 -0.0912 0.8917
vn 0.9776 -0.0483 -0.2050
vn 0.9855 -0.1453 -0.0880
vn 0.9637 -0.0993 0.2478
vn 0.9970 0.0182 0.0756
vn 0.7617 -0.1257 0.6356
vn 0.6847 -0.2096 0.6980
vn 0.6842 -0.1807 0.7066
vn 0.7666 -0.1044 0.6336
vn -0.9464 -0.1780 -0.2694
vn -0.9344 -0.2505 -0.2534
vn -0.9577 -0.2816 -0.0584
vn -0.9755 -0.2055 -0.0790
vn -0.8491 -0.5084 0.1434
vn -0.8130 -0.4956 0.3055
vn -0.7592 -0.4703 0.4499
vn -0.7228 -0.6789 0.1293
vn -0.7010 -0.6697 0.2450
vn -0.6702 -0.6527 0.3533
vn -0.7253 -0.6499 0.2271
vn -0.7099 -0.6323 0.3102
vn -0.7429 -0.6548 0.1388
vn -0.0003 -1.0000 0.0088
vn -0.3406 -0.9395 0.0377
vn -0.2748 -0.9599 0.0555
vn -0.1186 -0.9927 0.0231
vn 0.6945 -0.6132 -0.3763
vn 0.7515 -0.6337 -0.1834
vn 0.7185 -0.6067 -0.3401
vn -0.6402 -0.4568 0.6176
vn -0.4514 -0.4475 0.7720
vn -0.5822 -0.6389 0.5029
vn -0.4203 -0.6167 0.6656
vn -0.6569 -0.6177 0.4322
vn -0.5546 -0.5919 0.5849
vn -0.6972 -0.6901 0.1943
vn -0.6941 -0.6714 0.2597
vn -0.6706 -0.6502 0.3572
vn -0.3166 -0.4222 0.8494
vn -0.3479 -0.3985 0.8486
vn -0.2725 -0.5839 0.7647
vn -0.2027 -0.5527 0.8083
vn -0.4428 -0.5439 0.7128
vn -0.3996 -0.4729 0.7853
vn -0.6068 -0.6310 0.4833
vn -0.5495 -0.5739 0.6072
vn -0.5800 -0.3816 0.7197
vn -0.7571 -0.3174 0.5710
vn -0.4768 -0.4637 0.7468
vn -0.8180 -0.2999 0.4908
vn -0.5526 -0.3622 0.7506
vn -0.8627 -0.1897 0.4688
vn -0.5367 -0.4872 0.6889
vn -0.6108 -0.3760 0.6969
vn -0.6851 -0.3818 0.6203
vn -0.5263 -0.4624 0.7136
vn -0.7956 -0.2321 0.5597
vn -0.6112 -0.2108 0.7629
vn -0.9360 -0.1437 0.3214
vn -0.8111 -0.1912 0.5528
vn -0.7774 -0.3003 0.5527
vn -0.8454 -0.3314 0.4189
vn -0.3573 -0.4236 0.8324
vn -0.1400 -0.3113 0.9399
vn -0.5499 -0.1863 0.8142
vn -0.2520 -0.3290 0.9101
vn -0.6548 -0.1927 0.7308
vn -0.3227 -0.3599 0.8754
vn -0.7712 -0.4531 0.4472
vn -0.5786 -0.5574 0.5954
vn 0.0795 -0.2371 0.9682
vn 0.5274 -0.3055 0.7928
vn 0.0923 -0.4926 0.8653
vn 0.5899 -0.5936 0.5474
vn 0.1473 -0.5672 0.8103
vn 0.5769 -0.6235 0.5277
vn -0.1634 -0.6767 0.7179
vn 0.2089 -0.6020 0.7707
vn 0.9215 -0.3390 0.1894
vn 0.8671 -0.2658 -0.4213
vn 0.8545 -0.4978 -0.1485
vn 0.8498 -0.3852 -0.3597
vn 0.8931 -0.4412 0.0878
vn 0.9736 -0.2284 -0.0012
vn 0.5754 -0.4506 0.6825
vn 0.8943 -0.2301 0.3838
vn 0.8257 -0.1851 -0.5329
vn 0.9334 -0.3354 0.1275
vn 0.9217 -0.3816 -0.0695
vn 0.7359 -0.4517 0.5044
vn 0.9620 -0.1737 0.2109
vn 0.8409 -0.2743 0.4666
vn 0.9619 -0.1609 0.2209
vn 0.9711 -0.1234 0.2044
vn 0.6327 -0.3609 0.6851
vn 0.5199 -0.3561 0.7765
vn 0.4606 -0.5020 0.7320
vn 0.4286 -0.5736 0.6981
vn 0.6609 -0.4459 0.6037
vn 0.6522 -0.5309 0.5410
vn 0.9197 -0.2518 0.3012
vn 0.8041 -0.4227 0.4181
vn 0.5999 -0.4086 0.6878
vn 0.7581 -0.4576 0.4646
vn 0.5226 -0.6356 0.5682
vn 0.6351 -0.6698 0.3848
vn 0.6835 -0.5912 0.4282
vn 0.7345 -0.6234 0.2682
vn 0.7650 -0.5238 0.3747
vn 0.7523 -0.5947 0.2835
vn 0.8646 -0.4582 0.2061
vn 0.7142 -0.6760 0.1814
vn 0.7658 -0.6325 0.1163
vn 0.7466 -0.6430 0.1709
vn 0.7583 -0.6490 0.0614
vn 0.9942 -0.0963 0.0478
vn 0.9687 -0.0841 -0.2335
vn 0.7611 -0.6462 -0.0557
vn -0.4402 -0.8934 0.0903
vn -0.2894 -0.9490 0.1247
vn 0.5699 -0.4616 -0.6798
vn 0.5136 -0.6791 -0.5244
vn 0.6407 -0.5924 -0.4883
vn 0.4777 -0.4192 -0.7721
vn 0.5601 -0.3542 -0.7489
vn 0.4585 -0.6612 -0.5938
vn 0.5116 -0.6025 -0.6126
vn 0.5992 -0.5556 -0.5764
vn 0.5991 -0.5009 -0.6247
vn 0.6960 -0.5737 -0.4318
vn 0.6891 -0.5174 -0.5073
vn 0.7529 -0.2867 -0.5924
vn 0.9548 -0.1972 -0.2225
vn 0.6550 -0.5019 -0.5649
vn 0.8642 -0.3055 -0.3997
vn 0.6574 -0.4160 -0.6283
vn 0.7916 -0.2565 -0.5546
vn 0.6907 -0.4200 -0.5886
vn 0.6792 -0.3445 -0.6481
vn 0.9822 -0.1536 0.1084
vn 0.9783 -0.2051 -0.0291
vn 0.9783 -0.1233 -0.1663
vn 0.9894 -0.1137 -0.0902
vn 0.9065 -0.0833 -0.4139
vn 0.9500 -0.0247 -0.3112
vn 0.7575 -0.2556 -0.6007
vn 0.8572 -0.1614 -0.4891
vn 0.8269 -0.2397 -0.5087
vn 0.3753 -0.2264 -0.8988
vn 0.9004 -0.3287 -0.2849
vn 0.4727 -0.5821 -0.6616
vn 0.9134 -0.1970 -0.3562
vn 0.5785 -0.6027 -0.5497
vn 0.9037 -0.1663 -0.3946
vn 0.8588 -0.3163 -0.4030
vn -0.1657 -0.2031 -0.9650
vn -0.6793 -0.1985 -0.7065
vn -0.1424 -0.6520 -0.7447
vn -0.6898 -0.5465 -0.4749
vn -0.1164 -0.8108 -0.5736
vn -0.7580 -0.5806 -0.2973
vn 0.5872 -0.5763 -0.5684
vn -0.1177 -0.7515 -0.6492
vn -0.9573 -0.1851 -0.2219
vn -0.9707 -0.1763 0.1631
vn -0.9670 -0.2547 0.0064
vn -0.9721 -0.0409 0.2308
vn -0.9865 -0.1639 -0.0043
vn -0.9986 0.0178 0.0489
vn -0.7364 -0.6072 -0.2983
vn -0.9349 -0.3519 -0.0466
vn -0.9215 -0.1585 0.3545
vn -0.9641 -0.1999 0.1746
vn -0.9792 -0.0188 0.2022
vn -0.9943 -0.1001 0.0361
vn -0.9993 0.0142 -0.0346
vn -0.9884 -0.0521 -0.1428
vn -0.9811 -0.1923 -0.0222
vn -0.9840 -0.1452 -0.1035
vn -0.9496 -0.2917 -0.1146
vn -0.8402 -0.3875 -0.3792
vn -0.9517 -0.2537 -0.1732
vn -0.7839 -0.4699 -0.4059
vn -0.9454 -0.1803 -0.2716
vn -0.8399 -0.3528 -0.4124
vn -0.9680 -0.1590 -0.1944
vn -0.9313 -0.2327 -0.2802
vn -0.6834 -0.4548 -0.5710
vn -0.6957 -0.4535 -0.5571
vn -0.5919 -0.6157 -0.5202
vn -0.6097 -0.6556 -0.4455
vn -0.7441 -0.4877 -0.4566
vn -0.7558 -0.5608 -0.3380
vn -0.8765 -0.3407 -0.3400
vn -0.8252 -0.4566 -0.3325
vn -0.8016 -0.4558 -0.3869
vn -0.8563 -0.4782 -0.1952
vn -0.7005 -0.6618 -0.2673
vn -0.7348 -0.6690 -0.1121
vn -0.7843 -0.5955 -0.1738
vn -0.7838 -0.6192 -0.0463
vn -0.8100 -0.5424 -0.2230
vn -0.7989 -0.5930 -0.1010
vn -0.8644 -0.5020 -0.0286
vn -0.5433 -0.0577 0.8375
vn -0.5527 -0.1088 0.8263
vn -0.7348 -0.6783 0.0070
vn -0.7634 -0.6443 0.0471
vn -0.7678 -0.6407 0.0049
vn -0.7029 -0.6988 0.1326
vn 0.9926 -0.1212 -0.0053
vn 0.9528 -0.0910 0.2895
vn 0.9330 -0.0965 0.3466
vn 0.9898 -0.1173 0.0813
vn 0.9937 -0.0894 0.0677
vn 0.9869 -0.1399 0.0798
vn 0.5943 -0.0020 -0.8043
vn 0.3439 0.0457 -0.9379
vn 0.4995 -0.0006 -0.8663
vn 0.5450 0.0019 -0.8384
vn 0.6124 0.0018 -0.7906
vn 0.3512 0.0466 -0.9352
vn -0.6794 -0.1066 0.7260
vn -0.5823 -0.0497 0.8114
vn -0.5628 -0.0426 0.8255
vn -0.6467 -0.1084 0.7550
vn -0.9100 -0.0468 -0.4120
vn -0.9820 -0.0761 0.1728
vn -0.9696 -0.0673 -0.2353
vn -0.9669 -0.0587 -0.2484
vn -0.9353 -0.0515 -0.3500
vn -0.9812 -0.0876 0.1721
vn 0.7883 -0.0180 0.6151
vn 0.8238 -0.0505 0.5646
vn 0.8103 -0.0434 0.5844
vn 0.7833 -0.0210 0.6214
vn 0.3867 -0.0030 -0.9222
vn 0.5490 -0.0707 -0.8328
vn 0.5501 -0.0863 -0.8306
vn 0.4402 -0.0142 -0.8978
vn -0.5334 -0.0177 0.8457
vn -0.7986 -0.0909 0.5949
vn -0.7608 -0.0966 0.6418
vn -0.5265 -0.0209 0.8499
vn -0.9924 -0.1233 -0.0029
vn -0.9483 -0.0924 -0.3035
vn -0.9271 -0.0976 -0.3618
vn -0.9886 -0.1189 -0.0923
vn 0.8870 -0.1080 0.4490
vn 0.7985 -0.0723 0.5977
vn 0.8000 -0.0880 0.5936
vn 0.8664 -0.1098 0.4871
vn 0.6838 -0.1066 -0.7218
vn 0.5859 -0.0494 -0.8089
vn 0.5671 -0.0423 -0.8226
vn 0.6514 -0.1083 -0.7510
vn -0.9357 -0.1213 0.3314
vn -0.8341 -0.0659 0.5477
vn -0.8285 -0.0579 0.5570
vn -0.9038 -0.1176 0.4116
vn -0.7774 -0.0181 -0.6287
vn -0.8171 -0.0521 -0.5742
vn -0.8042 -0.0455 -0.5926
vn -0.7726 -0.0214 -0.6346
vn 0.6794 -0.0046 0.7337
vn 0.7727 -0.0022 0.6348
vn 0.8082 0.0005 0.5890
vn 0.7240 -0.0159 0.6896
vn 0.5354 -0.0174 -0.8444
vn 0.7984 -0.0910 -0.5952
vn 0.7614 -0.0966 -0.6410
vn 0.5294 -0.0205 -0.8481
vn -0.7155 -0.0460 0.6971
vn -0.7615 -0.0511 0.6462
vn -0.8852 -0.1114 -0.4516
vn -0.8009 -0.0759 -0.5940
vn -0.8043 -0.0925 -0.5869
vn -0.8657 -0.1140 -0.4874
vn 0.8441 -0.0028 0.5362
vn 0.6579 0.0459 0.7517
vn 0.6647 0.0474 0.7456
vn 0.8580 0.0016 0.5137
vn 0.8897 -0.1054 -0.4442
vn -0.6871 -0.0075 -0.7265
vn -0.7822 -0.0043 -0.6230
vn -0.8190 -0.0009 -0.5738
vn -0.7339 -0.0191 -0.6790
vn 0.1779 0.0784 0.9809
vn -0.3501 0.0457 0.9356
vn -0.3578 0.0469 0.9326
vn 0.1780 0.0794 0.9808
vn -0.8529 -0.0037 -0.5220
vn -0.6669 0.0465 -0.7437
vn -0.6738 0.0487 -0.7373
vn -0.8674 0.0018 -0.4975
vn -0.5994 -0.0022 0.8005
vn -0.6188 0.0018 0.7856
vn -0.1845 0.0791 -0.9797
vn -0.1839 0.0800 -0.9797
vn 0.3212 0.0306 -0.9465
vn -0.1789 0.0427 -0.9829
vn -0.6036 0.0347 -0.7966
vn 0.3504 0.0232 -0.9363
vn -0.1805 0.0330 -0.9830
vn -0.6348 0.0296 -0.7721
vn 0.3605 0.0049 -0.9328
vn -0.1823 0.0069 -0.9832
vn -0.6610 0.0223 -0.7500
vn -0.6720 0.0042 -0.7405
vn -0.4301 -0.0244 0.9025
vn -0.1324 -0.0195 0.9910
vn -0.4434 -0.0283 0.8959
vn -0.1394 -0.0215 0.9900
vn -0.2963 -0.0139 0.9550
vn -0.4607 -0.0332 0.8869
vn -0.1584 -0.0241 0.9871
vn -0.3288 -0.0135 0.9443
vn -0.4826 -0.0412 0.8749
vn -0.1981 -0.0280 0.9798
vn -0.3639 -0.0129 0.9313
vn -0.3993 -0.0103 0.9167
vn 0.9512 -0.0230 0.3079
vn 0.9996 -0.0185 -0.0219
vn 0.9527 -0.0284 0.3026
vn 0.9986 -0.0210 -0.0477
vn 0.9553 -0.0355 0.2935
vn 0.9970 -0.0243 -0.0730
vn 0.9599 -0.0443 0.2768
vn 0.9954 -0.0304 -0.0911
vn 0.9996 -0.0257 -0.0063
vn 0.9995 -0.0307 0.0047
vn 0.2965 -0.0125 -0.9550
vn 0.4826 0.0071 -0.8758
vn 0.3291 -0.0122 -0.9442
vn 0.5322 0.0054 -0.8466
vn 0.3644 -0.0118 -0.9312
vn 0.5726 0.0035 -0.8198
vn 0.3999 -0.0093 -0.9165
vn 0.5950 0.0002 -0.8037
vn -0.6153 -0.0398 0.7873
vn -0.6977 -0.0318 0.7157
vn -0.6150 -0.0418 0.7874
vn -0.7143 -0.0332 0.6991
vn -0.6163 -0.0452 0.7862
vn -0.7276 -0.0358 0.6850
vn -0.6175 -0.0443 0.7854
vn -0.7330 -0.0383 0.6791
vn -0.9909 -0.0246 -0.1325
vn -0.9639 -0.0125 -0.2660
vn -0.9885 -0.0292 -0.1483
vn -0.9472 -0.0189 -0.3201
vn -0.9847 0.0004 0.1745
vn -0.9858 -0.0346 -0.1644
vn -0.9262 -0.0266 -0.3760
vn -0.9846 -0.0067 0.1746
vn -0.9822 -0.0390 -0.1838
vn -0.9037 -0.0333 -0.4268
vn -0.9845 -0.0169 0.1745
vn -0.9842 -0.0291 0.1744
vn 0.8476 -0.0413 0.5291
vn 0.7872 -0.0367 0.6156
vn 0.8473 -0.0433 0.5294
vn 0.7741 -0.0421 0.6317
vn 0.8480 -0.0466 0.5280
vn 0.7659 -0.0491 0.6410
vn 0.8486 -0.0457 0.5271
vn 0.7677 -0.0528 0.6386
vn 0.4332 -0.0235 -0.9010
vn 0.1347 -0.0183 -0.9907
vn 0.4471 -0.0275 -0.8940
vn 0.1424 -0.0203 -0.9896
vn 0.4650 -0.0325 -0.8847
vn 0.1620 -0.0231 -0.9865
vn 0.4875 -0.0406 -0.8722
vn 0.2023 -0.0271 -0.9789
vn -0.7891 -0.0219 0.6139
vn -0.5296 -0.0353 0.8475
vn -0.7926 -0.0273 0.6092
vn -0.5121 -0.0407 0.8580
vn -0.7983 -0.0345 0.6012
vn -0.5016 -0.0478 0.8638
vn -0.8087 -0.0434 0.5867
vn -0.5046 -0.0515 0.8618
vn -0.9496 -0.0228 -0.3127
vn -0.9996 -0.0183 0.0211
vn -0.9507 -0.0286 -0.3087
vn -0.9987 -0.0210 0.0464
vn -0.9530 -0.0361 -0.3009
vn -0.9972 -0.0247 0.0711
vn -0.9572 -0.0453 -0.2857
vn -0.9956 -0.0311 0.0884
vn 0.7136 -0.0259 0.7001
vn 0.9009 -0.0331 0.4328
vn 0.7240 -0.0299 0.6891
vn 0.9107 -0.0346 0.4115
vn 0.7374 -0.0348 0.6746
vn 0.9185 -0.0372 0.3937
vn 0.7539 -0.0428 0.6556
vn 0.9215 -0.0397 0.3864
vn 0.6171 -0.0395 -0.7859
vn 0.7002 -0.0313 -0.7132
vn 0.6171 -0.0416 -0.7858
vn 0.7172 -0.0328 -0.6961
vn 0.6187 -0.0450 -0.7843
vn 0.7309 -0.0355 -0.6816
vn 0.6200 -0.0442 -0.7833
vn 0.7366 -0.0381 -0.6753
vn -0.8859 -0.0245 0.4633
vn -0.9473 -0.0179 0.3199
vn -0.8784 -0.0290 0.4771
vn -0.9553 -0.0203 0.2950
vn -0.8706 -0.0342 0.4909
vn -0.9625 -0.0237 0.2703
vn -0.8609 -0.0385 0.5073
vn -0.9672 -0.0300 0.2524
vn -0.8446 -0.0422 -0.5337
vn -0.7825 -0.0369 -0.6216
vn -0.8436 -0.0446 -0.5351
vn -0.7680 -0.0426 -0.6390
vn -0.8436 -0.0482 -0.5349
vn -0.7585 -0.0499 -0.6498
vn -0.8434 -0.0478 -0.5352
vn -0.7590 -0.0540 -0.6489
vn 0.6069 -0.0149 0.7946
vn 0.4645 -0.0208 0.8854
vn 0.6344 -0.0146 0.7729
vn 0.4712 -0.0229 0.8818
vn 0.6636 -0.0141 0.7479
vn 0.4884 -0.0256 0.8722
vn 0.6925 -0.0116 0.7213
vn 0.5236 -0.0296 0.8515
vn 0.7882 -0.0220 -0.6151
vn 0.5302 -0.0351 -0.8472
vn 0.7916 -0.0275 -0.6105
vn 0.5128 -0.0406 -0.8575
vn 0.7973 -0.0347 -0.6026
vn 0.5024 -0.0476 -0.8633
vn 0.8076 -0.0437 -0.5881
vn 0.5055 -0.0515 -0.8613
vn -0.8140 -0.0126 0.5807
vn -0.7797 -0.0189 0.6259
vn -0.7409 -0.0266 0.6711
vn -0.7025 -0.0332 0.7109
vn -0.7145 -0.0273 -0.6991
vn -0.8999 -0.0344 -0.4347
vn -0.7251 -0.0315 -0.6880
vn -0.9096 -0.0363 -0.4139
vn -0.7385 -0.0366 -0.6733
vn -0.9171 -0.0391 -0.3967
vn -0.7550 -0.0449 -0.6542
vn -0.9199 -0.0421 -0.3899
vn 0.6009 0.0344 0.7986
vn 0.7564 0.0052 0.6541
vn 0.6314 0.0292 0.7749
vn 0.7938 0.0037 0.6082
vn 0.6567 0.0221 0.7538
vn 0.8233 0.0019 0.5676
vn 0.6666 0.0040 0.7454
vn 0.8397 -0.0012 0.5430
vn 0.8827 0.0291 -0.4690
vn 0.9157 -0.0196 -0.4015
vn 0.9761 -0.0277 -0.2155
vn 0.9188 -0.0253 -0.3938
vn -0.6104 -0.0156 -0.7919
vn -0.4679 -0.0218 -0.8835
vn -0.6387 -0.0155 -0.7693
vn -0.4754 -0.0240 -0.8795
vn -0.6687 -0.0151 -0.7434
vn -0.4933 -0.0268 -0.8694
vn -0.6985 -0.0129 -0.7155
vn -0.5289 -0.0312 -0.8481
vn -0.2884 0.0345 0.9569
vn 0.1750 0.0487 0.9834
vn -0.3240 0.0294 0.9456
vn 0.1756 0.0417 0.9836
vn -0.3538 0.0222 0.9350
vn 0.1762 0.0321 0.9838
vn -0.3647 0.0041 0.9311
vn 0.1770 0.0061 0.9842
vn -0.7592 0.0050 -0.6509
vn -0.7971 0.0032 -0.6038
vn -0.8273 0.0014 -0.5618
vn -0.8445 -0.0019 -0.5355
vn -0.4842 0.0058 0.8750
vn -0.5341 0.0042 0.8454
vn -0.5748 0.0025 0.8183
vn -0.5975 -0.0007 0.8018
vn -0.9822 0.0719 0.1733
vn -0.9366 0.0335 0.3487
vn -0.9970 -0.0088 -0.0774
vn -0.9994 0.0339 -0.0071
vn -0.9103 -0.0094 0.4139
vn -0.8513 -0.0260 -0.5241
vn -0.8872 0.0041 -0.4614
vn -0.7004 0.0272 -0.7133
vn -0.8112 0.0003 -0.5848
vn -0.9516 0.0358 -0.3053
vn -0.5196 -0.0252 -0.8541
vn -0.5721 -0.0025 -0.8202
vn -0.3553 0.1179 -0.9273
vn -0.4783 0.0277 -0.8777
vn 0.0160 0.1186 -0.9928
vn -0.1717 0.1597 -0.9721
vn 0.1954 -0.0223 -0.9805
vn 0.1482 0.0296 -0.9885
vn 0.4143 0.0307 -0.9096
vn 0.2568 0.0010 -0.9665
vn 0.6214 -0.0238 -0.7831
vn 0.5627 0.0034 -0.8266
vn 0.7900 0.0358 -0.6120
vn 0.6767 0.0051 -0.7363
vn 0.9518 0.0347 0.3047
vn 0.9897 0.0096 0.1432
vn 0.8516 -0.0252 0.5235
vn 0.8877 0.0039 0.4605
vn 0.7002 0.0283 0.7134
vn 0.8113 0.0016 0.5846
vn 0.5191 -0.0250 0.8544
vn 0.5717 -0.0018 0.8204
vn 0.3551 0.1168 0.9275
vn 0.4779 0.0272 0.8780
vn -0.0161 0.1171 0.9930
vn 0.1716 0.1583 0.9724
vn -0.1954 -0.0241 0.9804
vn -0.1484 0.0279 0.9885
vn -0.4139 0.0294 0.9099
vn -0.2566 -0.0007 0.9665
vn -0.6212 -0.0239 0.7833
vn -0.5623 0.0027 0.8269
vn -0.7902 0.0358 0.6118
vn -0.6766 0.0052 0.7363
vn -0.8811 0.0105 0.4728
vn -0.9896 0.0110 -0.1432
vn -0.7304 -0.6793 0.0717
vn -0.4399 -0.8907 0.1147
vn -0.4298 -0.8988 0.0865
vn -0.4452 -0.8827 0.1502
vn -0.4467 -0.8674 0.2194
vn 0.0245 -0.9912 0.1304
vn -0.3962 -0.8593 0.3235
vn 0.0875 -0.9817 0.1689
vn -0.3619 -0.8232 0.4375
vn 0.2169 -0.9615 0.1686
vn -0.3377 -0.7873 0.5159
vn 0.2282 -0.9605 0.1594
vn -0.3771 -0.7411 0.5555
vn 0.2556 -0.9616 0.0998
vn -0.4146 -0.7502 0.5151
vn 0.1297 -0.9893 0.0673
vn -0.4775 -0.7659 0.4306
vn 0.1037 -0.9944 -0.0190
vn -0.4968 -0.7855 0.3690
vn -0.0691 -0.9902 0.1217
vn -0.3656 -0.7844 0.5011
vn -0.1112 -0.7770 0.6196
vn -0.1413 -0.9742 0.1759
vn 0.0085 -0.6719 0.7406
vn 0.2867 -0.9217 0.2613
vn 0.5036 -0.5419 0.6729
vn 0.2357 -0.9645 -0.1193
vn 0.8209 -0.4872 0.2978
vn 0.0429 -0.9833 0.1767
vn 0.7357 -0.6157 0.2824
vn 0.0921 -0.9829 0.1596
vn 0.7841 -0.5818 0.2160
vn -0.0445 -0.9925 0.1141
vn 0.6742 -0.6976 0.2425
vn -0.1195 -0.9603 0.2520
vn 0.5371 -0.7637 0.3583
vn -0.1390 -0.9662 0.2173
vn 0.5112 -0.8019 0.3092
vn -0.1349 -0.9774 0.1628
vn 0.5043 -0.8335 0.2259
vn -0.1664 -0.9805 0.1050
vn 0.4839 -0.8646 0.1352
vn -0.1047 -0.9945 0.0063
vn 0.4985 -0.8662 0.0338
vn -0.1236 -0.9923 0.0019
vn 0.4907 -0.8700 -0.0472
vn -0.0913 -0.9958 0.0118
vn 0.4818 -0.8693 -0.1102
vn -0.0312 -0.9993 0.0194
vn 0.4656 -0.8627 -0.1973
vn -0.0162 -0.9995 0.0280
vn 0.4509 -0.8578 -0.2468
vn 0.0846 -0.9962 0.0201
vn 0.4911 -0.8264 -0.2755
vn 0.4274 -0.9036 -0.0295
vn 0.5867 -0.7414 -0.3257
vn -0.1183 -0.9930 -0.0036
vn 0.4969 -0.7518 -0.4334
vn 0.2473 -0.9671 0.0587
vn 0.5460 -0.7811 -0.3028
vn 0.4896 -0.8513 0.1887
vn 0.7325 -0.6708 -0.1163
vn 0.4508 -0.8767 0.1681
vn 0.7497 -0.6536 -0.1038
vn 0.2305 -0.9514 0.2044
vn 0.6655 -0.7418 -0.0823
vn 0.3379 -0.9181 0.2074
vn 0.5254 -0.8325 -0.1760
vn 0.0190 -0.9701 0.2419
vn -0.0317 -0.9755 -0.2175
vn -0.3630 -0.8899 0.2760
vn -0.5204 -0.8528 0.0438
vn -0.1139 -0.9248 0.3629
vn -0.6080 -0.7732 0.1801
vn -0.1841 -0.9133 0.3634
vn -0.7254 -0.6627 0.1859
vn -0.2098 -0.8649 0.4561
vn -0.7269 -0.6650 0.1717
vn -0.1175 -0.9818 0.1492
vn -0.6383 -0.7698 -0.0032
vn -0.1094 -0.9923 -0.0576
vn -0.5613 -0.8087 -0.1761
vn -0.1225 -0.9920 0.0312
vn -0.5915 -0.7887 -0.1677
vn -0.0854 -0.9957 0.0353
vn -0.5659 -0.8112 -0.1473
vn -0.0324 -0.9994 0.0082
vn -0.5383 -0.8361 -0.1057
vn -0.0283 -0.9994 0.0205
vn -0.5376 -0.8426 -0.0323
vn -0.0011 -0.9983 0.0577
vn -0.4917 -0.8697 0.0437
vn 0.0240 -0.9993 0.0272
vn -0.4502 -0.8908 0.0619
vn 0.0067 -0.9949 0.1011
vn 0.3258 -0.9447 0.0383
vn 0.4292 -0.9032 0.0022
vn 0.5554 -0.8298 -0.0550
vn 0.4776 -0.8749 -0.0801
vn 0.4017 -0.9107 -0.0965
vn 0.2945 -0.9492 -0.1107
vn 0.2987 -0.9337 -0.1975
vn -0.0356 -0.9699 -0.2409
vn -0.2752 -0.9611 0.0229
vn -0.6594 -0.7453 0.0988
vn -0.1260 -0.9827 0.1361
vn 0.2910 -0.9523 0.0917
vn 0.3222 -0.9427 0.0869
vn 0.4626 -0.8839 0.0687
vn 0.3199 -0.9445 0.0752
vn 0.1363 -0.9865 0.0907
vn 0.0044 -0.9962 0.0865
vn 0.0305 -0.9961 0.0824
vn -0.1795 -0.9810 0.0738
vn -0.3336 -0.9411 0.0559
vn -0.7054 -0.7037 0.0855
vn -0.0917 -0.9897 0.1096
vn 0.3084 -0.9465 0.0948
vn 0.3429 -0.9357 0.0831
vn 0.4639 -0.8832 0.0686
vn 0.2977 -0.9518 0.0733
vn 0.1393 -0.9865 0.0855
vn 0.0178 -0.9961 0.0863
vn -0.0662 -0.9930 0.0983
vn -0.2447 -0.9657 0.0865
vn -0.2849 -0.9585 -0.0077
vn -0.6693 -0.7430 -0.0038
vn -0.0775 -0.9948 0.0666
vn 0.3892 -0.9196 0.0532
vn 0.3976 -0.9160 0.0538
vn 0.5122 -0.8577 0.0454
vn 0.3178 -0.9473 0.0409
vn 0.1195 -0.9903 0.0708
vn 0.0859 -0.9941 0.0658
vn -0.0031 -0.9980 0.0624
vn -0.1987 -0.9787 0.0512
vn -0.3499 -0.9362 -0.0342
vn -0.6639 -0.7440 -0.0759
vn -0.0399 -0.9991 0.0107
vn 0.3722 -0.9266 0.0546
vn 0.3962 -0.9160 0.0624
vn 0.4703 -0.8792 0.0766
vn 0.1821 -0.9789 0.0931
vn -0.0004 -0.9924 0.1232
vn -0.0642 -0.9881 0.1400
vn -0.1643 -0.9745 0.1531
vn -0.3471 -0.9242 0.1592
vn -0.3862 -0.9219 -0.0313
vn -0.6288 -0.7693 -0.1129
vn -0.0656 -0.9978 0.0049
vn 0.3501 -0.9348 0.0604
vn 0.3866 -0.9196 0.0697
vn 0.4341 -0.8972 0.0813
vn 0.1235 -0.9892 0.0789
vn -0.0331 -0.9930 0.1130
vn -0.0654 -0.9893 0.1304
vn -0.2122 -0.9684 0.1310
vn -0.3838 -0.9143 0.1296
vn -0.5036 -0.8625 -0.0503
vn -0.5574 -0.8207 -0.1253
vn 0.0032 -0.9999 -0.0159
vn 0.3478 -0.9363 0.0480
vn 0.4235 -0.9041 0.0575
vn 0.4416 -0.8951 0.0621
vn 0.0411 -0.9971 0.0647
vn -0.0304 -0.9956 0.0885
vn -0.0465 -0.9920 0.1171
vn -0.2283 -0.9678 0.1059
vn -0.4226 -0.8997 0.1091
vn -0.4788 -0.8587 -0.1828
vn -0.4587 -0.8731 -0.1654
vn 0.1465 -0.9886 -0.0355
vn 0.3849 -0.9230 -0.0032
vn 0.5070 -0.8619 0.0112
vn 0.5123 -0.8588 -0.0027
vn 0.0746 -0.9972 -0.0087
vn 0.0433 -0.9989 0.0188
vn 0.0542 -0.9972 0.0512
vn -0.2088 -0.9768 0.0473
vn -0.3985 -0.9159 0.0479
vn -0.4635 -0.8750 0.1397
vn -0.5959 -0.8024 0.0320
vn -0.1063 -0.9866 0.1240
vn 0.2738 -0.9553 0.1111
vn 0.3651 -0.9237 0.1163
vn 0.4825 -0.8731 0.0694
vn 0.0090 -0.9995 0.0318
vn -0.0630 -0.9966 0.0535
vn 0.1053 -0.9934 0.0454
vn -0.1838 -0.9826 0.0256
vn -0.3806 -0.9247 0.0108
vn -0.4681 -0.8236 0.3201
vn -0.4012 -0.8861 0.2323
vn -0.2432 -0.9356 0.2561
vn 0.0279 -0.9674 0.2518
vn 0.3076 -0.9281 0.2097
vn 0.3756 -0.9113 0.1687
vn -0.1777 -0.9699 0.1668
vn -0.0610 -0.9924 0.1066
vn 0.0159 -0.9921 0.1243
vn -0.2316 -0.9683 0.0930
vn -0.3890 -0.9182 0.0741
vn -0.3580 -0.8850 0.2977
vn -0.1813 -0.9493 0.2567
vn 0.1272 -0.9617 0.2428
vn 0.1788 -0.9634 0.2000
vn 0.4138 -0.8939 0.1724
vn 0.5275 -0.8413 0.1180
vn -0.1388 -0.9724 0.1878
vn -0.0786 -0.9888 0.1267
vn 0.1813 -0.9775 0.1077
vn -0.1968 -0.9719 0.1295
vn -0.3042 -0.9454 0.1170
vt 0.759261 0.172574
vt 0.743009 0.172835
vt 0.742958 0.143960
vt 0.758966 0.143821
vt 0.837119 0.143963
vt 0.837153 0.172831
vt 0.820899 0.172600
vt 0.821116 0.143852
vt 0.727637 0.144154
vt 0.727863 0.173148
vt 0.712719 0.173424
vt 0.712350 0.144292
vt 0.696389 0.144515
vt 0.696379 0.173797
vt 0.680061 0.174030
vt 0.680466 0.144664
vt 0.665302 0.144832
vt 0.664998 0.174263
vt 0.649978 0.174364
vt 0.650179 0.144872
vt 0.634410 0.144912
vt 0.633957 0.174405
vt 0.617780 0.174227
vt 0.618578 0.144756
vt 0.602970 0.144493
vt 0.601656 0.174033
vt 0.585736 0.173505
vt 0.587482 0.143879
vt 0.191196 0.668700
vt 0.190330 0.639168
vt 0.206459 0.639273
vt 0.206801 0.668763
vt 0.175695 0.669089
vt 0.174406 0.639433
vt 0.222632 0.668864
vt 0.222626 0.639362
vt 0.238643 0.639637
vt 0.238392 0.669125
vt 0.253502 0.669391
vt 0.253655 0.639958
vt 0.268703 0.640412
vt 0.268638 0.669785
vt 0.284529 0.670167
vt 0.284998 0.640887
vt 0.301309 0.641506
vt 0.300453 0.670628
vt 0.315702 0.671007
vt 0.316423 0.642021
vt 0.331551 0.642583
vt 0.330971 0.671452
vt 0.347770 0.643107
vt 0.348907 0.605911
vt 0.390666 0.606459
vt 0.391315 0.643527
vt 0.346920 0.671833
vt 0.356738 0.392303
vt 0.387310 0.393777
vt 0.387230 0.429015
vt 0.356531 0.427799
vt 0.422905 0.605508
vt 0.423495 0.642812
vt 0.439034 0.671386
vt 0.438623 0.642397
vt 0.453739 0.642031
vt 0.454278 0.671159
vt 0.423762 0.671674
vt 0.470198 0.670853
vt 0.470049 0.641578
vt 0.486339 0.641269
vt 0.486085 0.670627
vt 0.501221 0.670390
vt 0.501382 0.640971
vt 0.516400 0.640812
vt 0.516324 0.670290
vt 0.532081 0.670199
vt 0.532422 0.640715
vt 0.548608 0.640843
vt 0.547906 0.670316
vt 0.563513 0.670553
vt 0.564739 0.640999
vt 0.580653 0.641492
vt 0.579004 0.671154
vt 0.977027 0.144422
vt 0.978456 0.173939
vt 0.962330 0.174125
vt 0.961427 0.144645
vt 0.992513 0.143730
vt 0.994368 0.173371
vt 0.945598 0.144820
vt 0.946158 0.174319
vt 0.930140 0.174306
vt 0.929833 0.144822
vt 0.914711 0.144796
vt 0.915106 0.174224
vt 0.900034 0.174001
vt 0.899558 0.144639
vt 0.883649 0.144501
vt 0.883728 0.173773
vt 0.867404 0.173407
vt 0.867700 0.144288
vt 0.804718 0.172317
vt 0.805145 0.143705
vt 0.852287 0.173137
vt 0.852425 0.144154
vt 0.790041 0.143721
vt 0.790079 0.172280
vt 0.775439 0.172304
vt 0.774940 0.143689
vt 0.790111 0.209323
vt 0.775956 0.209387
vt 0.437987 0.604986
vt 0.453093 0.604468
vt 0.759693 0.209729
vt 0.664607 0.212239
vt 0.649499 0.212465
vt 0.469752 0.603889
vt 0.565919 0.602715
vt 0.582271 0.603028
vt 0.633295 0.212532
vt 0.222668 0.601241
vt 0.238851 0.601549
vt 0.996184 0.211831
vt 0.979862 0.212213
vt 0.883699 0.211465
vt 0.867052 0.210962
vt 0.253934 0.601998
vt 0.851986 0.210535
vt 0.743299 0.210129
vt 0.349894 0.573410
vt 0.351473 0.538278
vt 0.389398 0.538970
vt 0.390284 0.574028
vt 0.486413 0.603408
vt 0.728221 0.210550
vt 0.616896 0.212427
vt 0.501561 0.603007
vt 0.963247 0.212342
vt 0.600284 0.212301
vt 0.269080 0.602554
vt 0.946846 0.212460
vt 0.836936 0.210129
vt 0.285739 0.603200
vt 0.820535 0.209742
vt 0.713125 0.210993
vt 0.422165 0.572901
vt 0.516652 0.602716
vt 0.696446 0.211490
vt 0.583954 0.211939
vt 0.532869 0.602597
vt 0.930647 0.212418
vt 0.173325 0.601014
vt 0.189658 0.600934
vt 0.302395 0.603942
vt 0.915535 0.212199
vt 0.804264 0.209408
vt 0.317473 0.604610
vt 0.679766 0.211899
vt 0.549298 0.602639
vt 0.206267 0.601082
vt 0.900360 0.211868
vt 0.332533 0.605264
vt 0.337351 0.203306
vt 0.400448 0.202614
vt 0.399361 0.229668
vt 0.338532 0.230383
vt 0.636133 0.400077
vt 0.637120 0.438497
vt 0.620246 0.439195
vt 0.618910 0.400549
vt 0.346250 0.697893
vt 0.391946 0.672142
vt 0.392657 0.697950
vt 0.978094 0.401107
vt 0.975890 0.439979
vt 0.959752 0.439342
vt 0.961165 0.400639
vt 0.603991 0.439812
vt 0.601931 0.400982
vt 0.942983 0.438655
vt 0.944011 0.400175
vt 0.588299 0.440656
vt 0.585459 0.401870
vt 0.387712 0.467247
vt 0.415735 0.426392
vt 0.417560 0.465453
vt 0.926225 0.437526
vt 0.927027 0.399382
vt 0.177647 0.411957
vt 0.180851 0.373494
vt 0.196526 0.374471
vt 0.194099 0.413022
vt 0.909873 0.435683
vt 0.910655 0.397957
vt 0.212736 0.375198
vt 0.211061 0.413626
vt 0.415711 0.390732
vt 0.430423 0.388829
vt 0.430382 0.424738
vt 0.893446 0.433482
vt 0.894254 0.396248
vt 0.229529 0.375969
vt 0.228240 0.414222
vt 0.790199 0.385824
vt 0.790210 0.420862
vt 0.779261 0.421374
vt 0.779141 0.386240
vt 0.876602 0.431068
vt 0.877080 0.394324
vt 0.445173 0.386649
vt 0.445211 0.422948
vt 0.764688 0.422650
vt 0.764539 0.387348
vt 0.246282 0.377163
vt 0.245234 0.415139
vt 0.461945 0.384363
vt 0.462257 0.421081
vt 0.859915 0.428715
vt 0.860139 0.392428
vt 0.262568 0.379059
vt 0.261555 0.416669
vt 0.749730 0.424433
vt 0.749502 0.388891
vt 0.845319 0.426464
vt 0.845466 0.390622
vt 0.478833 0.381986
vt 0.479508 0.419179
vt 0.735071 0.426410
vt 0.734919 0.390574
vt 0.278921 0.381306
vt 0.277910 0.418479
vt 0.495218 0.379823
vt 0.495889 0.417480
vt 0.830733 0.424497
vt 0.830965 0.388939
vt 0.295775 0.383776
vt 0.295129 0.420506
vt 0.720362 0.428632
vt 0.720149 0.392379
vt 0.815747 0.422695
vt 0.815905 0.387379
vt 0.511534 0.378003
vt 0.512242 0.416060
vt 0.703577 0.430950
vt 0.703119 0.394257
vt 0.312492 0.386181
vt 0.312139 0.422504
vt 0.528377 0.376885
vt 0.529323 0.415256
vt 0.801140 0.421387
vt 0.801264 0.386243
vt 0.327154 0.388481
vt 0.326909 0.424403
vt 0.686661 0.433343
vt 0.685873 0.396166
vt 0.545256 0.376212
vt 0.546587 0.414794
vt 0.670260 0.435525
vt 0.669505 0.397864
vt 0.341796 0.390483
vt 0.341498 0.426168
vt 0.561522 0.375625
vt 0.563578 0.414357
vt 0.653935 0.437358
vt 0.653166 0.399282
vt 0.577216 0.374806
vt 0.580047 0.413475
vt 0.566444 0.568811
vt 0.582797 0.569026
vt 0.994516 0.402051
vt 0.991522 0.440865
vt 0.979737 0.546483
vt 0.988625 0.546308
vt 0.991696 0.578328
vt 0.982491 0.578567
vt 0.972824 0.578272
vt 0.974530 0.608214
vt 0.964067 0.607270
vt 0.962349 0.577622
vt 0.568330 0.238458
vt 0.569405 0.208865
vt 0.579681 0.209160
vt 0.577621 0.239216
vt 0.563028 0.305496
vt 0.565268 0.269882
vt 0.574173 0.270145
vt 0.574100 0.305149
vt 0.341579 0.260879
vt 0.397137 0.260570
vt 0.402046 0.168984
vt 0.444799 0.171391
vt 0.441252 0.205250
vt 0.335152 0.169812
vt 0.603004 0.545951
vt 0.612429 0.545501
vt 0.613360 0.576938
vt 0.604209 0.577474
vt 0.190621 0.239087
vt 0.195897 0.210136
vt 0.206249 0.210231
vt 0.200121 0.239158
vt 0.622204 0.576676
vt 0.623626 0.606155
vt 0.616183 0.606749
vt 0.627298 0.508594
vt 0.622667 0.545271
vt 0.614342 0.509416
vt 0.959227 0.545891
vt 0.970150 0.546243
vt 0.950706 0.577184
vt 0.952487 0.606231
vt 0.940532 0.605960
vt 0.938564 0.577520
vt 0.984750 0.608912
vt 0.977345 0.510485
vt 0.965703 0.509748
vt 0.402446 0.127660
vt 0.445343 0.129320
vt 0.439423 0.232582
vt 0.459734 0.206594
vt 0.457762 0.234167
vt 0.335017 0.128091
vt 0.341489 0.088724
vt 0.397107 0.086863
vt 0.196926 0.269739
vt 0.188135 0.269415
vt 0.208914 0.238959
vt 0.214881 0.210084
vt 0.221560 0.210046
vt 0.217227 0.238919
vt 0.606508 0.607879
vt 0.595812 0.609481
vt 0.594702 0.578505
vt 0.602642 0.510196
vt 0.594118 0.546615
vt 0.591676 0.511021
vt 0.934393 0.546399
vt 0.947240 0.545853
vt 0.924803 0.578126
vt 0.927069 0.606483
vt 0.910535 0.607108
vt 0.908320 0.578873
vt 0.952745 0.508926
vt 0.939270 0.508049
vt 0.453521 0.264553
vt 0.435417 0.262927
vt 0.475839 0.235486
vt 0.477425 0.207799
vt 0.494818 0.208832
vt 0.493804 0.236642
vt 0.424051 0.342363
vt 0.390535 0.344418
vt 0.393009 0.312561
vt 0.428847 0.311916
vt 0.215738 0.270009
vt 0.205929 0.269917
vt 0.226506 0.239154
vt 0.228857 0.210551
vt 0.237775 0.210515
vt 0.237083 0.238755
vt 0.195682 0.304762
vt 0.207321 0.305532
vt 0.903640 0.548141
vt 0.919926 0.547189
vt 0.890393 0.579791
vt 0.892398 0.607786
vt 0.873423 0.608451
vt 0.871682 0.580773
vt 0.909766 0.505973
vt 0.924999 0.506987
vt 0.750986 0.552550
vt 0.771163 0.553374
vt 0.769551 0.582774
vt 0.748413 0.582179
vt 0.727613 0.581348
vt 0.725971 0.608458
vt 0.706043 0.607943
vt 0.707922 0.580433
vt 0.789874 0.583015
vt 0.789879 0.609602
vt 0.768759 0.609362
vt 0.789956 0.553596
vt 0.774199 0.502838
vt 0.790021 0.502669
vt 0.488970 0.267305
vt 0.471501 0.265943
vt 0.510127 0.237792
vt 0.510905 0.209830
vt 0.524313 0.210692
vt 0.523835 0.238742
vt 0.445803 0.311732
vt 0.462314 0.311131
vt 0.238828 0.268997
vt 0.226522 0.269709
vt 0.250534 0.237689
vt 0.250808 0.209744
vt 0.267087 0.208733
vt 0.266606 0.236321
vt 0.233659 0.307053
vt 0.220223 0.306330
vt 0.867922 0.550467
vt 0.886163 0.549282
vt 0.851998 0.581707
vt 0.853552 0.608951
vt 0.832486 0.609351
vt 0.831256 0.582447
vt 0.893595 0.504995
vt 0.876611 0.504197
vt 0.711903 0.550208
vt 0.731015 0.551488
vt 0.689162 0.579463
vt 0.687030 0.607366
vt 0.668664 0.606856
vt 0.671221 0.578606
vt 0.747158 0.608981
vt 0.737300 0.503124
vt 0.755670 0.502941
vt 0.519671 0.269471
vt 0.505190 0.268504
vt 0.535999 0.239050
vt 0.536383 0.210353
vt 0.548247 0.209366
vt 0.547733 0.238635
vt 0.495262 0.309547
vt 0.479163 0.310413
vt 0.269232 0.266577
vt 0.253156 0.267926
vt 0.283655 0.234863
vt 0.283773 0.207570
vt 0.300022 0.206139
vt 0.300768 0.233376
vt 0.247866 0.308018
vt 0.263007 0.308881
vt 0.828875 0.552722
vt 0.848823 0.551723
vt 0.810179 0.582916
vt 0.810971 0.609565
vt 0.842803 0.503310
vt 0.859934 0.503549
vt 0.676235 0.547833
vt 0.693691 0.549040
vt 0.654738 0.577840
vt 0.651788 0.606349
vt 0.639144 0.605924
vt 0.641855 0.577186
vt 0.703428 0.503948
vt 0.720130 0.503344
vt 0.544650 0.270163
vt 0.532604 0.270022
vt 0.558426 0.238297
vt 0.559034 0.208798
vt 0.524710 0.307627
vt 0.510432 0.308654
vt 0.304599 0.263810
vt 0.286631 0.265155
vt 0.318843 0.231845
vt 0.317569 0.204663
vt 0.295892 0.310467
vt 0.279063 0.309738
vt 0.808736 0.553456
vt 0.767419 0.642499
vt 0.744709 0.642333
vt 0.805851 0.502895
vt 0.824417 0.503077
vt 0.645707 0.545993
vt 0.660034 0.546836
vt 0.631669 0.576685
vt 0.630702 0.605793
vt 0.670272 0.505695
vt 0.686458 0.504759
vt 0.555618 0.269969
vt 0.994925 0.609640
vt 0.551252 0.306137
vt 0.538264 0.306914
vt 0.322710 0.262300
vt 0.329345 0.311300
vt 0.312409 0.311101
vt 0.633628 0.545458
vt 0.665303 0.642223
vt 0.673613 0.684769
vt 0.662973 0.682951
vt 0.651275 0.641717
vt 0.545736 0.172124
vt 0.536777 0.126246
vt 0.543592 0.124310
vt 0.554113 0.171314
vt 0.297181 0.172292
vt 0.297045 0.129528
vt 0.314800 0.129079
vt 0.314824 0.171018
vt 0.641452 0.641596
vt 0.654589 0.682381
vt 0.648698 0.682986
vt 0.634642 0.642580
vt 0.564518 0.170353
vt 0.553469 0.121403
vt 0.567392 0.117401
vt 0.575860 0.168968
vt 0.628660 0.643990
vt 0.642996 0.684378
vt 0.635201 0.687090
vt 0.620926 0.645566
vt 0.980341 0.648423
vt 0.961352 0.695595
vt 0.953975 0.693495
vt 0.969607 0.646543
vt 0.393328 0.068650
vt 0.347251 0.068044
vt 0.353102 0.052015
vt 0.388809 0.052799
vt 0.610230 0.647953
vt 0.624880 0.692181
vt 0.612874 0.698090
vt 0.598551 0.650929
vt 0.961226 0.645192
vt 0.946256 0.690911
vt 0.941361 0.689179
vt 0.952968 0.643587
vt 0.877891 0.643306
vt 0.879051 0.687446
vt 0.857823 0.686285
vt 0.856896 0.643179
vt 0.435620 0.088475
vt 0.424275 0.067783
vt 0.210257 0.171723
vt 0.220306 0.126204
vt 0.227921 0.129034
vt 0.219436 0.172405
vt 0.942905 0.642171
vt 0.935484 0.687801
vt 0.924933 0.686731
vt 0.930086 0.641851
vt 0.651122 0.460405
vt 0.635094 0.461869
vt 0.666993 0.458257
vt 0.661551 0.482798
vt 0.646440 0.484831
vt 0.631610 0.486294
vt 0.463260 0.172554
vt 0.463844 0.129588
vt 0.481049 0.129333
vt 0.480533 0.173417
vt 0.226655 0.172893
vt 0.234295 0.130484
vt 0.241151 0.131367
vt 0.233364 0.173750
vt 0.914330 0.642225
vt 0.910243 0.686234
vt 0.895444 0.686952
vt 0.897494 0.643162
vt 0.744075 0.684206
vt 0.721706 0.684898
vt 0.722600 0.642412
vt 0.497451 0.173975
vt 0.497212 0.129005
vt 0.511021 0.128613
vt 0.513300 0.174171
vt 0.240793 0.174126
vt 0.248714 0.131513
vt 0.255811 0.130351
vt 0.250010 0.173795
vt 0.789857 0.642659
vt 0.789815 0.684284
vt 0.766987 0.684090
vt 0.701840 0.642553
vt 0.700815 0.686184
vt 0.685074 0.686471
vt 0.682317 0.642712
vt 0.526378 0.174074
vt 0.520976 0.128263
vt 0.529428 0.127514
vt 0.536937 0.173301
vt 0.264148 0.173564
vt 0.266222 0.129312
vt 0.280440 0.129114
vt 0.280849 0.173181
vt 0.834866 0.642934
vt 0.835411 0.685267
vt 0.812618 0.684641
vt 0.812258 0.642822
vt 0.789077 0.724538
vt 0.769716 0.724272
vt 0.750420 0.724323
vt 0.786936 0.745458
vt 0.771299 0.745113
vt 0.755741 0.745049
vt 0.773159 0.760510
vt 0.761066 0.760722
vt 0.785388 0.760851
vt 0.785926 0.774717
vt 0.781387 0.777025
vt 0.766667 0.774939
vt 0.776191 0.773377
vt 0.412350 0.051445
vt 0.387930 0.045991
vt 0.408901 0.044708
vt 0.731891 0.725408
vt 0.714473 0.726088
vt 0.740658 0.745693
vt 0.726228 0.745559
vt 0.749271 0.761398
vt 0.737891 0.761561
vt 0.775123 0.767411
vt 0.764662 0.767764
vt 0.754193 0.768232
vt 0.697577 0.724536
vt 0.685077 0.720522
vt 0.711695 0.744111
vt 0.697612 0.741211
vt 0.726710 0.760823
vt 0.715917 0.759587
vt 0.744766 0.769431
vt 0.735291 0.769884
vt 0.676150 0.716262
vt 0.668821 0.713458
vt 0.686587 0.737438
vt 0.679159 0.733198
vt 0.705589 0.758051
vt 0.695631 0.755049
vt 0.726635 0.770731
vt 0.717741 0.771234
vt 0.656678 0.710466
vt 0.649043 0.711452
vt 0.667885 0.727845
vt 0.655830 0.727561
vt 0.683674 0.750354
vt 0.673341 0.747540
vt 0.709502 0.771575
vt 0.700470 0.771071
vt 0.639810 0.714478
vt 0.632922 0.717987
vt 0.198846 0.170669
vt 0.645904 0.729638
vt 0.639522 0.732891
vt 0.665610 0.748264
vt 0.661364 0.750008
vt 0.693369 0.771958
vt 0.685913 0.772270
vt 0.208893 0.123675
vt 0.624658 0.722857
vt 0.222316 0.098028
vt 0.229400 0.101894
vt 0.632655 0.735585
vt 0.233234 0.083261
vt 0.236145 0.088656
vt 0.249031 0.058575
vt 0.252718 0.062264
vt 0.657027 0.753141
vt 0.682729 0.774819
vt 0.677994 0.776968
vt 0.234090 0.105059
vt 0.238900 0.106625
vt 0.240800 0.090839
vt 0.249852 0.089757
vt 0.256907 0.064601
vt 0.264817 0.065470
vt 0.270448 0.038188
vt 0.275405 0.040102
vt 0.279007 0.042054
vt 0.249229 0.105321
vt 0.260939 0.100288
vt 0.260113 0.085465
vt 0.271072 0.080437
vt 0.275084 0.062832
vt 0.287050 0.058823
vt 0.286471 0.042183
vt 0.293852 0.042828
vt 0.269093 0.098210
vt 0.280310 0.095806
vt 0.281160 0.077974
vt 0.292808 0.075060
vt 0.298818 0.056136
vt 0.308999 0.054275
vt 0.303016 0.042583
vt 0.311190 0.042856
vt 0.293599 0.092935
vt 0.308476 0.090386
vt 0.305723 0.071791
vt 0.318871 0.069218
vt 0.319281 0.052943
vt 0.330120 0.051890
vt 0.319896 0.042945
vt 0.328287 0.043483
vt 0.324173 0.088714
vt 0.332555 0.067722
vt 0.341377 0.051531
vt 0.337466 0.043569
vt 0.346514 0.044527
vt 0.354491 0.370222
vt 0.388462 0.371750
vt 0.356649 0.045024
vt 0.769845 0.777660
vt 0.757450 0.775327
vt 0.453829 0.088038
vt 0.438604 0.065976
vt 0.423448 0.049730
vt 0.470119 0.086398
vt 0.485467 0.084524
vt 0.452248 0.063757
vt 0.465814 0.061492
vt 0.433920 0.047693
vt 0.443507 0.045136
vt 0.417956 0.042637
vt 0.427133 0.040642
vt 0.499756 0.083101
vt 0.511076 0.082179
vt 0.478251 0.057867
vt 0.490185 0.054959
vt 0.451874 0.041143
vt 0.459033 0.036685
vt 0.435370 0.037869
vt 0.443735 0.034915
vt 0.519924 0.081177
vt 0.528045 0.079472
vt 0.502148 0.053098
vt 0.513771 0.051281
vt 0.466019 0.032967
vt 0.472186 0.029689
vt 0.450525 0.030581
vt 0.457900 0.027580
vt 0.535074 0.076982
vt 0.541322 0.073844
vt 0.991633 0.650792
vt 0.523355 0.049614
vt 0.529716 0.047862
vt 0.477225 0.026891
vt 0.480473 0.024626
vt 0.464283 0.024663
vt 0.470108 0.021885
vt 0.973850 0.699303
vt 0.548745 0.070231
vt 0.961207 0.747565
vt 0.953632 0.744292
vt 0.533857 0.043476
vt 0.945179 0.774022
vt 0.940632 0.769892
vt 0.892520 0.793664
vt 0.890191 0.790409
vt 0.482818 0.021364
vt 0.474051 0.019208
vt 0.477417 0.016207
vt 0.947042 0.741150
vt 0.940283 0.738351
vt 0.934240 0.768035
vt 0.924997 0.765971
vt 0.887043 0.788139
vt 0.882178 0.785130
vt 0.886800 0.798811
vt 0.883558 0.795747
vt 0.879801 0.792854
vt 0.932526 0.736588
vt 0.923055 0.735405
vt 0.913594 0.763618
vt 0.900955 0.761079
vt 0.876040 0.781588
vt 0.868558 0.777675
vt 0.874215 0.789732
vt 0.867817 0.786602
vt 0.910426 0.734338
vt 0.896146 0.733546
vt 0.887348 0.758308
vt 0.873756 0.755713
vt 0.860331 0.773941
vt 0.851459 0.770937
vt 0.859760 0.783777
vt 0.851602 0.781133
vt 0.880842 0.731634
vt 0.863814 0.728884
vt 0.860466 0.753343
vt 0.847534 0.750225
vt 0.842145 0.768500
vt 0.832284 0.765934
vt 0.842951 0.778481
vt 0.835149 0.775461
vt 0.846257 0.726932
vt 0.827581 0.725735
vt 0.833634 0.748013
vt 0.818299 0.746829
vt 0.821476 0.763801
vt 0.809715 0.762373
vt 0.826541 0.772961
vt 0.817431 0.770641
vt 0.808372 0.725049
vt 0.640801 0.507742
vt 0.655071 0.506671
vt 0.802621 0.746017
vt 0.797621 0.761396
vt 0.807127 0.769484
vt 0.785840 0.768065
vt 0.338650 0.368502
vt 0.323535 0.366572
vt 0.318102 0.340447
vt 0.333972 0.341838
vt 0.350959 0.343062
vt 0.347417 0.311466
vt 0.546356 0.352573
vt 0.561528 0.351732
vt 0.530400 0.353532
vt 0.533894 0.329138
vt 0.548483 0.328084
vt 0.562094 0.327189
vt 0.683095 0.455780
vt 0.699748 0.453125
vt 0.693565 0.478277
vt 0.677227 0.480621
vt 0.802206 0.443404
vt 0.790170 0.442815
vt 0.817918 0.444657
vt 0.821155 0.471677
vt 0.803915 0.470786
vt 0.790123 0.470296
vt 0.308656 0.364136
vt 0.292036 0.361542
vt 0.285979 0.336295
vt 0.302630 0.338452
vt 0.514361 0.354960
vt 0.498523 0.357076
vt 0.503976 0.332518
vt 0.519051 0.330534
vt 0.716463 0.450592
vt 0.731420 0.448221
vt 0.725968 0.474201
vt 0.710363 0.476156
vt 0.833827 0.446392
vt 0.848922 0.448306
vt 0.854279 0.474339
vt 0.838327 0.472944
vt 0.275480 0.358836
vt 0.259437 0.356340
vt 0.254153 0.331821
vt 0.269752 0.333974
vt 0.482472 0.359526
vt 0.465885 0.362161
vt 0.472126 0.336952
vt 0.488366 0.334648
vt 0.746594 0.446302
vt 0.762477 0.444594
vt 0.759132 0.471568
vt 0.741987 0.472809
vt 0.863780 0.450712
vt 0.880405 0.453279
vt 0.886537 0.478490
vt 0.869817 0.476326
vt 0.243625 0.354170
vt 0.227669 0.352717
vt 0.224348 0.328454
vt 0.239103 0.329835
vt 0.449231 0.364672
vt 0.434283 0.367011
vt 0.439950 0.340990
vt 0.455454 0.339050
vt 0.778142 0.443381
vt 0.776335 0.470751
vt 0.896980 0.455970
vt 0.913120 0.458461
vt 0.918548 0.483063
vt 0.902832 0.480849
vt 0.211804 0.351674
vt 0.196680 0.350713
vt 0.196309 0.326303
vt 0.209855 0.327327
vt 0.419099 0.368856
vt 0.929018 0.460626
vt 0.944983 0.462060
vt 0.948458 0.486528
vt 0.933688 0.485100
vt 0.182130 0.349795
vt 0.603996 0.463778
vt 0.589400 0.464592
vt 0.603442 0.488421
vt 0.590491 0.489244
vt 0.183408 0.325411
vt 0.184741 0.304018
vt 0.960823 0.463057
vt 0.975883 0.463955
vt 0.976423 0.488618
vt 0.962941 0.487652
vt 0.619160 0.462879
vt 0.617047 0.487427
vt 0.990379 0.464778
vt 0.576123 0.350963
vt 0.575038 0.326495
vt 0.989270 0.489363
vt 0.988251 0.510863
vt 0.567145 0.531919
vt 0.583985 0.531907
vt 0.996922 0.245859
vt 0.980587 0.246146
vt 0.566909 0.495915
vt 0.583613 0.495671
vt 0.998337 0.283086
vt 0.981514 0.283134
vt 0.566338 0.455541
vt 0.583421 0.454852
vt 0.998094 0.319459
vt 0.981414 0.319228
vt 0.997965 0.360495
vt 0.980910 0.359791
vt 0.664457 0.245671
vt 0.649104 0.246016
vt 0.664635 0.281906
vt 0.649131 0.282499
vt 0.632767 0.246215
vt 0.665318 0.317053
vt 0.649467 0.317867
vt 0.632611 0.282829
vt 0.666836 0.356647
vt 0.650772 0.357849
vt 0.632765 0.318438
vt 0.633857 0.358574
vt 0.318543 0.571838
vt 0.333628 0.572654
vt 0.320162 0.536439
vt 0.335157 0.537384
vt 0.321966 0.502232
vt 0.336930 0.503353
vt 0.324494 0.463899
vt 0.339286 0.465200
vt 0.352918 0.504347
vt 0.355042 0.466403
vt 0.533202 0.568920
vt 0.549757 0.568867
vt 0.533158 0.532354
vt 0.549949 0.532135
vt 0.532827 0.496766
vt 0.549775 0.496360
vt 0.531622 0.456721
vt 0.548830 0.456114
vt 0.696722 0.244575
vt 0.679871 0.245143
vt 0.697434 0.280341
vt 0.680231 0.281177
vt 0.698561 0.314955
vt 0.681237 0.316032
vt 0.700507 0.353842
vt 0.682984 0.355338
vt 0.820097 0.242222
vt 0.803938 0.241788
vt 0.819366 0.277288
vt 0.803289 0.276802
vt 0.790128 0.241700
vt 0.818480 0.311157
vt 0.802753 0.310559
vt 0.790159 0.276685
vt 0.817217 0.348941
vt 0.801900 0.348245
vt 0.790170 0.310437
vt 0.790195 0.348024
vt 0.286608 0.570118
vt 0.303391 0.571042
vt 0.287963 0.534358
vt 0.305080 0.535453
vt 0.289659 0.499758
vt 0.306847 0.501090
vt 0.292163 0.460900
vt 0.309538 0.462457
vt 0.501494 0.569578
vt 0.516843 0.569175
vt 0.501086 0.533357
vt 0.516598 0.532721
vt 0.500213 0.498229
vt 0.516076 0.497378
vt 0.498554 0.458670
vt 0.514644 0.457456
vt 0.728719 0.243303
vt 0.713537 0.243882
vt 0.729656 0.278671
vt 0.714567 0.279463
vt 0.730888 0.312845
vt 0.715762 0.313813
vt 0.732787 0.351133
vt 0.717869 0.352449
vt 0.851533 0.243290
vt 0.836445 0.242705
vt 0.850649 0.278666
vt 0.835702 0.277945
vt 0.849452 0.312852
vt 0.834538 0.311917
vt 0.847591 0.351161
vt 0.832927 0.350013
vt 0.254389 0.568581
vt 0.269784 0.569319
vt 0.255190 0.532386
vt 0.270778 0.533309
vt 0.256432 0.497297
vt 0.272348 0.498492
vt 0.258484 0.457793
vt 0.274639 0.459251
vt 0.469259 0.570798
vt 0.486090 0.570164
vt 0.468294 0.535022
vt 0.485489 0.534133
vt 0.466960 0.500397
vt 0.484285 0.499284
vt 0.464837 0.461506
vt 0.482382 0.460000
vt 0.760182 0.242216
vt 0.743844 0.242705
vt 0.760973 0.277272
vt 0.744653 0.277935
vt 0.761902 0.311142
vt 0.745862 0.311900
vt 0.763209 0.348906
vt 0.747525 0.349976
vt 0.883446 0.244548
vt 0.866671 0.243856
vt 0.882755 0.280322
vt 0.865677 0.279444
vt 0.881639 0.314953
vt 0.864505 0.313808
vt 0.879696 0.353867
vt 0.862421 0.352467
vt 0.222734 0.567588
vt 0.239053 0.568021
vt 0.223189 0.531066
vt 0.239694 0.531600
vt 0.223905 0.495535
vt 0.240588 0.496304
vt 0.225526 0.455575
vt 0.242417 0.456450
vt 0.437283 0.572219
vt 0.452466 0.571561
vt 0.436041 0.536820
vt 0.451163 0.535962
vt 0.434591 0.502597
vt 0.449754 0.501579
vt 0.432419 0.464253
vt 0.447433 0.462923
vt 0.776324 0.241788
vt 0.777031 0.276776
vt 0.777597 0.310559
vt 0.778495 0.348205
vt 0.915701 0.245642
vt 0.900268 0.245116
vt 0.915546 0.281889
vt 0.899916 0.281160
vt 0.914867 0.317057
vt 0.898912 0.316033
vt 0.913344 0.356683
vt 0.897152 0.355370
vt 0.189549 0.567076
vt 0.206220 0.567342
vt 0.189277 0.530244
vt 0.206454 0.530665
vt 0.189913 0.494318
vt 0.207024 0.494958
vt 0.190921 0.454050
vt 0.208405 0.454812
vt 0.423750 0.697830
vt 0.420999 0.537647
vt 0.388827 0.505078
vt 0.419581 0.503594
vt 0.947404 0.246166
vt 0.931075 0.245980
vt 0.947601 0.282776
vt 0.931089 0.282473
vt 0.947441 0.318440
vt 0.930755 0.317872
vt 0.946340 0.358579
vt 0.929459 0.357881
vt 0.599572 0.246223
vt 0.583225 0.245943
vt 0.598674 0.283145
vt 0.581836 0.283103
vt 0.173202 0.567080
vt 0.598749 0.319223
vt 0.582046 0.319429
vt 0.172442 0.530022
vt 0.599208 0.359682
vt 0.582123 0.360360
vt 0.173217 0.493872
vt 0.173849 0.453161
vt 0.963919 0.246154
vt 0.964340 0.282926
vt 0.964313 0.318814
vt 0.963447 0.359153
vt 0.616247 0.246225
vt 0.615860 0.282969
vt 0.615871 0.318820
vt 0.616708 0.359115
vt 0.789990 0.117921
vt 0.774330 0.117867
vt 0.821297 0.117795
vt 0.805659 0.117871
vt 0.758696 0.117776
vt 0.883592 0.117867
vt 0.868080 0.117846
vt 0.914466 0.118098
vt 0.899052 0.117984
vt 0.852512 0.117843
vt 0.945116 0.118087
vt 0.929827 0.118119
vt 0.975559 0.117749
vt 0.960350 0.118043
vt 0.562255 0.697280
vt 0.577486 0.698001
vt 0.531813 0.696926
vt 0.547041 0.696935
vt 0.990785 0.116936
vt 0.501191 0.697070
vt 0.516534 0.696970
vt 0.470347 0.697483
vt 0.485787 0.697274
vt 0.439329 0.697697
vt 0.454864 0.697599
vt 0.315139 0.697327
vt 0.330689 0.697626
vt 0.284126 0.696813
vt 0.299610 0.697078
vt 0.253279 0.696099
vt 0.268685 0.696455
vt 0.222619 0.695615
vt 0.237917 0.695833
vt 0.192146 0.695413
vt 0.207372 0.695399
vt 0.604252 0.117764
vt 0.589013 0.117043
vt 0.634736 0.118176
vt 0.619483 0.118132
vt 0.176899 0.695925
vt 0.665423 0.118140
vt 0.650045 0.118181
vt 0.696348 0.117875
vt 0.680866 0.118005
vt 0.727453 0.117832
vt 0.711875 0.117844
vt 0.743072 0.117773
vt 0.836913 0.117799
vt 0.796542 0.768352
vt 0.775939 0.771043
vt 0.785963 0.771758
vt 0.766070 0.771336
vt 0.756325 0.771743
vt 0.748903 0.776275
vt 0.747470 0.772818
vt 0.740121 0.776624
vt 0.738416 0.773205
vt 0.731573 0.777446
vt 0.729926 0.774030
vt 0.722472 0.778018
vt 0.720917 0.774530
vt 0.714403 0.778898
vt 0.712655 0.775186
vt 0.704434 0.779079
vt 0.703114 0.774991
vt 0.696877 0.779786
vt 0.695734 0.775738
vt 0.690846 0.779535
vt 0.688726 0.775824
vt 0.684945 0.776813
vt 0.686446 0.783168
vt 0.682155 0.780594
vt 0.279405 0.029938
vt 0.280903 0.034610
vt 0.278177 0.036560
vt 0.274111 0.034098
vt 0.285720 0.034675
vt 0.282490 0.038892
vt 0.291232 0.035154
vt 0.289468 0.038788
vt 0.298147 0.036122
vt 0.296679 0.039514
vt 0.307522 0.035200
vt 0.306061 0.038975
vt 0.315408 0.035891
vt 0.314055 0.039468
vt 0.324309 0.036114
vt 0.322824 0.039617
vt 0.332390 0.036480
vt 0.331013 0.040068
vt 0.341104 0.036544
vt 0.339881 0.040104
vt 0.349532 0.037329
vt 0.348528 0.040979
vt 0.358714 0.037690
vt 0.358064 0.041415
vt 0.387426 0.038773
vt 0.387582 0.042428
vt 0.406400 0.038120
vt 0.407415 0.041477
vt 0.414134 0.036037
vt 0.415728 0.039447
vt 0.422892 0.034373
vt 0.424589 0.037669
vt 0.430464 0.032073
vt 0.432517 0.035186
vt 0.438131 0.029835
vt 0.440460 0.032464
vt 0.445489 0.025821
vt 0.447325 0.028682
vt 0.452628 0.021293
vt 0.454514 0.024780
vt 0.459525 0.018666
vt 0.461164 0.021958
vt 0.465272 0.016940
vt 0.467234 0.019551
vt 0.467538 0.015664
vt 0.471461 0.017060
vt 0.469510 0.013664
vt 0.473863 0.014316
vt 0.878491 0.801187
vt 0.877980 0.799051
vt 0.880799 0.797855
vt 0.883138 0.800760
vt 0.874195 0.796231
vt 0.876732 0.795047
vt 0.869602 0.794499
vt 0.870987 0.792218
vt 0.861659 0.791719
vt 0.864176 0.788993
vt 0.854323 0.788864
vt 0.856605 0.785256
vt 0.846274 0.786264
vt 0.848454 0.783426
vt 0.838178 0.784126
vt 0.840140 0.781093
vt 0.830810 0.781375
vt 0.832618 0.778252
vt 0.822729 0.779435
vt 0.824299 0.776076
vt 0.814520 0.777626
vt 0.815718 0.774054
vt 0.805225 0.776575
vt 0.806027 0.772970
vt 0.795769 0.775642
vt 0.796075 0.771953
vt 0.761513 0.779100
vt 0.752531 0.780427
vt 0.743452 0.781294
vt 0.733670 0.781764
vt 0.724631 0.783520
vt 0.713841 0.784000
vt 0.705484 0.783958
vt 0.698282 0.783437
vt 0.692701 0.786875
vt 0.287122 0.027705
vt 0.789396 0.777835
vt 0.785693 0.780895
vt 0.774226 0.782043
vt 0.764929 0.784206
vt 0.755119 0.785305
vt 0.744463 0.785989
vt 0.734349 0.788333
vt 0.722606 0.788986
vt 0.713111 0.788658
vt 0.704608 0.787999
vt 0.697627 0.791225
vt 0.294214 0.027360
vt 0.800309 0.779311
vt 0.794051 0.782769
vt 0.785924 0.785287
vt 0.776386 0.788014
vt 0.765921 0.789588
vt 0.754504 0.790904
vt 0.743601 0.793619
vt 0.731009 0.794417
vt 0.720327 0.794205
vt 0.710893 0.793842
vt 0.306361 0.021192
vt 0.302071 0.028559
vt 0.297946 0.020420
vt 0.811183 0.780817
vt 0.805889 0.784883
vt 0.798315 0.787643
vt 0.789115 0.791109
vt 0.778551 0.793032
vt 0.766901 0.794760
vt 0.755646 0.798390
vt 0.742743 0.799691
vt 0.731576 0.799479
vt 0.327175 0.013940
vt 0.318180 0.019464
vt 0.314692 0.015913
vt 0.312586 0.027033
vt 0.820348 0.783064
vt 0.815359 0.786991
vt 0.808141 0.789594
vt 0.798810 0.793801
vt 0.788004 0.796316
vt 0.776060 0.798828
vt 0.764341 0.803101
vt 0.750912 0.804570
vt 0.347208 0.010287
vt 0.336266 0.014956
vt 0.337571 0.009123
vt 0.326911 0.020495
vt 0.320837 0.027963
vt 0.829335 0.785206
vt 0.824727 0.789033
vt 0.818020 0.791415
vt 0.808785 0.796032
vt 0.797966 0.799174
vt 0.786024 0.802465
vt 0.774484 0.807047
vt 0.369479 0.006834
vt 0.357379 0.012146
vt 0.359320 0.004731
vt 0.346227 0.016330
vt 0.336736 0.021717
vt 0.330244 0.028790
vt 0.837162 0.788088
vt 0.832629 0.791219
vt 0.826495 0.793082
vt 0.817239 0.797973
vt 0.806527 0.801692
vt 0.794601 0.805813
vt 0.782838 0.810627
vt 0.378658 0.009292
vt 0.366356 0.014309
vt 0.355136 0.018005
vt 0.345667 0.023206
vt 0.338860 0.029835
vt 0.846107 0.790265
vt 0.841987 0.792771
vt 0.835100 0.794811
vt 0.827588 0.799036
vt 0.817095 0.803274
vt 0.805296 0.807773
vt 0.399774 0.006330
vt 0.388748 0.011793
vt 0.389830 0.003748
vt 0.376556 0.016452
vt 0.365299 0.019671
vt 0.355673 0.024558
vt 0.348260 0.030667
vt 0.853908 0.790523
vt 0.850068 0.794574
vt 0.846883 0.796830
vt 0.837359 0.800523
vt 0.833416 0.803281
vt 0.425151 0.007324
vt 0.412494 0.009530
vt 0.410985 0.003264
vt 0.399447 0.014345
vt 0.387215 0.019114
vt 0.375773 0.021680
vt 0.365766 0.026280
vt 0.357566 0.031976
vt 0.861842 0.793705
vt 0.859357 0.796806
vt 0.852324 0.798286
vt 0.846975 0.801086
vt 0.842352 0.804876
vt 0.433347 0.011151
vt 0.423537 0.013938
vt 0.414792 0.018936
vt 0.402130 0.023222
vt 0.388116 0.024791
vt 0.375265 0.028484
vt 0.366947 0.033349
vt 0.868733 0.795950
vt 0.868723 0.798777
vt 0.867255 0.800716
vt 0.863439 0.802740
vt 0.454324 0.014019
vt 0.447007 0.015406
vt 0.438563 0.008750
vt 0.438645 0.017966
vt 0.430125 0.022341
vt 0.421151 0.026913
vt 0.412108 0.029093
vt 0.403808 0.032485
vt 0.395352 0.035753
vt 0.876519 0.803092
vt 0.874242 0.804373
s 1
usemtl T_Bin_bag.001
f 47/1/1 316/2/2 852/3/3 289/4/4
f 853/5/5 360/6/6 3/7/7 291/8/8
f 312/9/9 45/10/10 318/11/11 851/12/12
f 852/3/3 316/2/2 45/10/10 312/9/9
f 311/13/13 43/14/14 320/15/15 850/16/16
f 851/12/12 318/11/11 43/14/14 311/13/13
f 310/17/17 41/18/18 322/19/19 849/20/20
f 850/16/16 320/15/15 41/18/18 310/17/17
f 309/21/21 39/22/22 324/23/23 848/24/24
f 849/20/20 322/19/19 39/22/22 309/21/21
f 308/25/25 37/26/26 326/27/27 847/28/28
f 848/24/24 324/23/23 37/26/26 308/25/25
f 307/29/29 35/30/30 328/31/31 846/32/32
f 847/33/28 326/34/27 35/30/30 307/29/29
f 306/35/33 33/36/34 330/37/35 845/38/36
f 846/32/32 328/31/31 33/36/34 306/35/33
f 305/39/37 31/40/38 332/41/39 844/42/40
f 845/38/36 330/37/35 31/40/38 305/39/37
f 304/43/41 29/44/42 334/45/43 843/46/44
f 844/42/40 332/41/39 29/44/42 304/43/41
f 303/47/45 27/48/46 336/49/47 842/50/48
f 843/46/44 334/45/43 27/48/46 303/47/45
f 25/51/49 61/52/50 375/53/51 338/54/52
f 842/50/48 336/49/47 25/51/49 302/55/53
f 85/56/54 400/57/55 818/58/56 173/59/57
f 375/53/51 376/60/58 340/61/59 338/54/52
f 301/62/60 23/63/61 342/64/62 839/65/63
f 840/66/64 340/61/59 23/63/61 301/62/60
f 300/67/65 21/68/66 344/69/67 838/70/68
f 839/65/63 342/64/62 21/68/66 300/67/65
f 299/71/69 19/72/70 346/73/71 837/74/72
f 838/70/68 344/69/67 19/72/70 299/71/69
f 298/75/73 17/76/74 348/77/75 836/78/76
f 837/74/72 346/73/71 17/76/74 298/75/73
f 297/79/77 15/80/78 350/81/79 835/82/80
f 836/78/76 348/77/75 15/80/78 297/79/77
f 296/83/81 13/84/82 352/85/83 834/86/84
f 835/87/80 350/88/79 13/84/82 296/83/81
f 295/89/85 11/90/86 354/91/87 833/92/88
f 834/86/84 352/85/83 11/90/86 295/89/85
f 294/93/89 9/94/90 356/95/91 832/96/92
f 833/92/88 354/91/87 9/94/90 294/93/89
f 293/97/93 7/98/94 358/99/95 831/100/96
f 832/96/92 356/95/91 7/98/94 293/97/93
f 291/8/8 3/7/7 362/101/97 830/102/98
f 831/100/96 358/99/95 5/103/99 292/104/100
f 290/105/101 2/106/102 314/107/103 829/108/104
f 830/102/98 362/101/97 2/106/102 290/105/101
f 2/106/102 49/109/105 363/110/106 314/107/103
f 829/108/104 314/107/103 47/1/1 289/4/4
f 23/63/61 60/111/107 377/112/108 342/64/62
f 314/107/103 363/110/106 72/113/109 47/1/1
f 41/18/18 69/114/110 367/115/111 322/19/19
f 342/64/62 377/112/108 59/116/112 21/68/66
f 15/80/78 56/117/113 381/118/114 350/81/79
f 322/19/19 367/115/111 68/119/115 39/22/22
f 33/36/34 65/120/116 371/121/117 330/37/35
f 350/88/79 381/122/114 55/123/118 13/84/82
f 7/98/94 52/124/119 385/125/120 358/99/95
f 330/37/35 371/121/117 64/126/121 31/40/38
f 358/99/95 385/125/120 51/127/122 5/103/99
f 72/113/109 364/128/123 316/2/2 47/1/1
f 169/129/124 170/130/125 815/131/126 814/132/127
f 59/116/112 378/133/128 344/69/67 21/68/66
f 316/2/2 364/128/123 71/134/129 45/10/10
f 68/119/115 368/135/130 324/23/23 39/22/22
f 344/69/67 378/133/128 58/136/131 19/72/70
f 55/123/118 382/137/132 352/85/83 13/84/82
f 324/23/23 368/135/130 67/138/133 37/26/26
f 64/126/121 372/139/134 332/41/39 31/40/38
f 352/85/83 382/137/132 54/140/135 11/90/86
f 51/127/122 386/141/136 360/6/6 5/103/99
f 332/41/39 372/139/134 63/142/137 29/44/42
f 360/6/6 386/141/136 50/143/138 3/7/7
f 71/134/129 365/144/139 318/11/11 45/10/10
f 375/53/51 814/132/127 799/145/140 376/60/58
f 58/136/131 379/146/141 346/73/71 19/72/70
f 318/11/11 365/144/139 70/147/142 43/14/14
f 67/138/133 369/148/143 326/27/27 37/26/26
f 346/73/71 379/146/141 57/149/144 17/76/74
f 54/140/135 383/150/145 354/91/87 11/90/86
f 326/34/27 369/151/143 66/152/146 35/30/30
f 63/142/137 373/153/147 334/45/43 29/44/42
f 354/91/87 383/150/145 53/154/148 9/94/90
f 50/143/138 387/155/149 362/101/97 3/7/7
f 334/45/43 373/153/147 62/156/150 27/48/46
f 362/101/97 387/155/149 49/109/105 2/106/102
f 70/147/142 366/157/151 320/15/15 43/14/14
f 340/61/59 376/60/58 60/111/107 23/63/61
f 57/149/144 380/158/152 348/77/75 17/76/74
f 320/15/15 366/157/151 69/114/110 41/18/18
f 66/152/146 370/159/153 328/31/31 35/30/30
f 348/77/75 380/158/152 56/117/113 15/80/78
f 53/154/148 384/160/154 356/95/91 9/94/90
f 328/31/31 370/159/153 65/120/116 33/36/34
f 62/156/150 374/161/155 336/49/47 27/48/46
f 356/95/91 384/160/154 52/124/119 7/98/94
f 642/162/156 886/163/157 857/164/158 415/165/159
f 336/49/47 374/161/155 61/52/50 25/51/49
f 183/166/160 92/167/161 393/168/162 828/169/163
f 26/170/164 302/55/53 841/171/165 337/172/166
f 193/173/167 79/174/168 407/175/169 823/176/170
f 828/169/163 393/168/162 91/177/171 174/178/172
f 823/176/170 407/175/169 78/179/173 184/180/174
f 91/177/171 394/181/175 813/182/176 174/178/172
f 817/183/177 818/58/56 803/184/178 802/185/179
f 78/179/173 408/186/180 808/187/181 184/180/174
f 813/188/176 394/189/175 90/190/182 194/191/183
f 808/187/181 408/186/180 77/192/184 199/193/185
f 90/190/182 395/194/186 798/195/187 194/191/183
f 803/184/178 401/196/188 84/197/189 204/198/190
f 77/192/184 409/199/191 793/200/192 199/193/185
f 798/195/187 395/194/186 89/201/193 209/202/194
f 228/203/195 73/204/196 388/205/197 788/206/198
f 793/200/192 409/199/191 76/207/199 214/208/200
f 84/197/189 402/209/201 783/210/202 204/198/190
f 788/206/198 388/205/197 96/211/203 219/212/204
f 89/201/193 396/213/205 778/214/206 209/202/194
f 783/210/202 402/209/201 83/215/207 229/216/208
f 76/207/199 410/217/209 773/218/210 214/208/200
f 778/214/206 396/213/205 88/219/211 234/220/212
f 96/211/203 389/221/213 768/222/214 219/212/204
f 773/218/210 410/217/209 75/223/215 239/224/216
f 83/215/207 403/225/217 763/226/218 229/216/208
f 768/222/214 389/221/213 95/227/219 244/228/220
f 88/219/211 397/229/221 758/230/222 234/220/212
f 763/226/218 403/225/217 82/231/223 249/232/224
f 75/223/215 411/233/225 753/234/226 239/224/216
f 758/230/222 397/229/221 87/235/227 254/236/228
f 95/227/219 390/237/229 748/238/230 244/228/220
f 753/234/226 411/233/225 74/239/231 259/240/232
f 82/231/223 404/241/233 743/242/234 249/232/224
f 748/238/230 390/237/229 94/243/235 264/244/236
f 87/235/227 398/245/237 738/246/238 254/236/228
f 743/242/234 404/241/233 81/247/239 269/248/240
f 74/239/231 412/249/241 733/250/242 259/240/232
f 738/246/238 398/245/237 86/251/243 274/252/244
f 94/243/235 391/253/245 728/254/246 264/244/236
f 733/250/242 412/249/241 73/204/196 228/203/195
f 81/247/239 405/255/247 723/256/248 269/248/240
f 728/254/246 391/253/245 93/257/249 279/258/250
f 86/251/243 399/259/251 718/260/252 274/252/244
f 723/256/248 405/255/247 80/261/253 284/262/254
f 93/257/249 392/263/255 713/264/256 279/258/250
f 718/260/252 399/259/251 85/56/54 173/59/57
f 80/261/253 406/265/257 708/266/258 284/262/254
f 713/264/256 392/263/255 92/167/161 183/166/160
f 288/267/259 704/268/260 381/118/114 56/117/113
f 708/269/258 406/270/257 79/174/168 193/173/167
f 476/271/261 1078/272/262 854/273/263 471/274/264
f 856/275/265 885/276/266 635/277/267 444/278/268
f 414/279/269 637/280/270 883/281/271 854/282/263
f 439/283/272 460/284/273 1078/285/262 1077/286/274
f 466/287/275 415/165/159 857/164/158 1069/288/276
f 886/163/157 953/289/277 957/290/278 890/291/279
f 553/292/280 953/289/277 886/163/157 642/162/156
f 469/293/281 1075/294/282 855/295/283 441/296/284
f 858/297/285 887/298/286 647/299/287 446/300/288
f 417/301/289 649/302/290 884/303/291 855/295/283
f 443/304/292 478/305/293 1075/294/282 1074/306/294
f 482/307/295 1072/308/296 856/275/265 444/278/268
f 859/309/297 888/310/298 634/311/299 468/312/300
f 471/274/264 636/313/301 885/276/266 856/275/265
f 438/314/302 476/271/261 1072/308/296 1071/315/303
f 953/289/277 954/316/304 958/317/305 957/290/278
f 860/318/306 890/291/279 641/319/307 449/320/308
f 553/292/280 554/321/309 954/316/304 953/289/277
f 555/322/310 955/323/311 954/316/304 554/321/309
f 465/324/312 1066/325/313 858/297/285 446/300/288
f 861/326/314 891/327/315 646/328/316 481/329/317
f 441/296/284 648/330/318 887/331/286 858/332/285
f 442/333/319 469/293/281 1066/334/313 1065/335/320
f 448/336/321 1063/337/322 859/309/297 468/312/300
f 862/338/323 892/339/324 633/340/325 452/341/326
f 444/278/268 635/277/267 888/310/298 859/309/297
f 445/342/327 482/307/295 1063/337/322 1062/343/328
f 477/344/329 1060/345/330 860/318/306 449/320/308
f 864/346/331 894/347/332 640/348/333 475/349/334
f 697/350/335 700/351/336 1068/352/337 1059/353/338
f 451/354/339 1057/355/340 861/326/314 481/329/317
f 865/356/341 895/357/342 645/358/343 458/359/344
f 446/300/288 647/299/287 891/327/315 861/326/314
f 447/360/345 465/324/312 1057/355/340 1056/361/346
f 461/362/347 1054/363/348 862/338/323 452/341/326
f 866/364/349 896/365/350 632/366/351 437/367/352
f 468/312/300 634/311/299 892/339/324 862/338/323
f 448/336/321 1054/363/348 1053/368/353 473/369/354
f 454/370/355 1051/371/356 863/372/357 464/373/358
f 867/374/359 897/375/360 652/376/361 655/377/362
f 425/378/363 629/379/364 900/380/365 863/372/357
f 456/381/366 1051/371/356 1050/382/367 470/383/368
f 457/384/369 1048/385/370 864/346/331 475/349/334
f 868/386/371 898/387/372 639/388/373 658/389/374
f 449/320/308 641/319/307 894/347/332 864/346/331
f 450/390/375 477/344/329 1048/385/370 1047/391/376
f 472/392/377 1045/393/378 865/356/341 458/359/344
f 869/394/379 899/395/380 644/396/381 661/397/382
f 481/329/317 646/328/316 895/357/342 865/356/341
f 451/354/339 1045/393/378 1044/398/383 462/399/384
f 653/400/385 1042/401/386 866/364/349 437/367/352
f 870/402/387 889/403/388 630/404/389 664/405/390
f 452/341/326 633/340/325 896/365/350 866/364/349
f 453/406/391 461/362/347 1042/401/386 1041/407/392
f 656/408/393 1039/409/394 867/374/359 655/377/362
f 871/410/395 901/411/396 651/412/397 667/413/398
f 464/373/358 631/414/399 897/375/360 867/374/359
f 454/370/355 1039/409/394 1038/415/400 467/416/401
f 659/417/402 1036/418/403 868/386/371 658/389/374
f 872/419/404 902/420/405 638/421/406 670/422/407
f 475/349/334 640/348/333 898/387/372 868/386/371
f 457/384/369 1036/418/403 1035/423/408 479/424/409
f 662/425/410 1033/426/411 869/394/379 661/397/382
f 873/427/412 903/428/413 643/429/414 673/430/415
f 458/359/344 645/358/343 899/395/380 869/394/379
f 459/431/416 472/392/377 1033/426/411 1032/432/417
f 665/433/418 1030/434/419 870/402/387 664/405/390
f 874/435/420 904/436/421 629/379/364 425/378/363
f 437/367/352 632/366/351 889/403/388 870/402/387
f 653/400/385 1030/434/419 1029/437/422 654/438/423
f 668/439/424 1027/440/425 871/410/395 667/413/398
f 875/441/426 879/442/427 650/443/428 676/444/429
f 652/376/361 901/411/396 871/410/395 655/377/362
f 656/408/393 1027/440/425 1026/445/430 657/446/431
f 671/447/432 1024/448/433 872/419/404 670/422/407
f 876/449/434 880/450/435 637/280/270 414/279/269
f 639/388/373 902/420/405 872/419/404 658/389/374
f 659/417/402 1024/448/433 1023/451/436 660/452/437
f 674/453/438 1021/454/439 873/427/412 673/430/415
f 877/455/440 881/456/441 642/162/156 415/165/159
f 644/396/381 903/428/413 873/427/412 661/397/382
f 662/425/410 1021/454/439 1020/457/442 663/458/443
f 456/381/366 1018/459/444 874/435/420 425/378/363
f 900/380/365 905/460/445 483/461/446 631/414/399
f 630/404/389 904/436/421 874/435/420 664/405/390
f 665/433/418 1018/459/444 1017/462/447 666/463/448
f 677/464/449 1015/465/450 875/441/426 676/444/429
f 878/466/451 882/467/452 649/302/290 417/301/289
f 651/412/397 879/442/427 875/441/426 667/413/398
f 668/439/424 1015/465/450 1014/468/453 669/469/454
f 460/284/273 1012/470/455 876/449/434 414/279/269
f 854/273/263 883/471/271 636/313/301 471/274/264
f 638/421/406 880/450/435 876/449/434 670/422/407
f 671/447/432 1012/470/455 1011/472/456 672/473/457
f 466/287/275 1009/474/458 877/455/440 415/165/159
f 643/429/414 881/456/441 877/455/440 673/430/415
f 674/453/438 1009/474/458 1008/475/459 675/476/460
f 478/305/293 1006/477/461 878/466/451 417/301/289
f 855/295/283 884/303/291 648/330/318 441/296/284
f 650/443/428 882/467/452 878/466/451 676/444/429
f 499/478/462 500/479/463 918/480/464 917/481/465
f 499/478/462 917/481/465 879/442/427 651/412/397
f 579/482/466 580/483/467 974/484/468 973/485/469
f 579/482/466 973/485/469 880/450/435 638/421/406
f 547/486/470 548/487/471 950/488/472 949/489/473
f 547/486/470 949/489/473 881/456/441 643/429/414
f 505/490/474 506/491/475 922/492/476 921/493/477
f 505/490/474 921/493/477 882/467/452 650/443/428
f 585/494/478 586/495/479 978/496/480 977/497/481
f 585/494/478 977/497/481 883/281/271 637/280/270
f 511/498/482 512/499/483 926/500/484 925/501/485
f 511/498/482 925/501/485 884/303/291 649/302/290
f 591/502/486 592/503/487 982/504/488 981/505/489
f 591/502/486 981/505/489 885/276/266 636/313/301
f 559/506/490 128/507/491 557/508/492 956/509/493
f 517/510/494 518/511/495 930/512/496 929/513/497
f 517/510/494 929/513/497 887/331/286 648/330/318
f 597/514/498 598/515/499 986/516/500 985/517/501
f 597/514/498 985/517/501 888/310/298 635/277/267
f 615/518/502 616/519/503 998/520/504 997/521/505
f 615/518/502 997/521/505 889/403/388 632/366/351
f 959/522/506 955/323/311 559/506/490 564/523/507
f 400/57/55 401/196/188 803/184/178 818/58/56
f 523/524/508 524/525/509 934/526/510 933/527/511
f 523/524/508 933/527/511 891/327/315 647/299/287
f 603/528/512 604/529/513 990/530/514 989/531/515
f 603/528/512 989/531/515 892/339/324 634/311/299
f 92/167/161 392/263/255 893/532/516 474/533/517
f 392/263/255 93/257/249 436/534/518 893/532/516
f 893/532/516 436/534/518 168/535/519 679/536/520
f 474/533/517 893/532/516 679/536/520 98/537/521
f 561/538/522 562/539/523 962/540/524 961/541/525
f 561/538/522 961/541/525 894/347/332 641/319/307
f 529/542/526 530/543/527 938/544/528 937/545/529
f 529/542/526 937/545/529 895/357/342 646/328/316
f 609/546/530 610/547/531 994/548/532 993/549/533
f 609/546/530 993/549/533 896/365/350 633/340/325
f 483/461/446 485/550/534 910/551/535 909/552/536
f 483/461/446 909/552/536 897/375/360 631/414/399
f 567/553/537 568/554/538 966/555/539 965/556/540
f 567/553/537 965/556/540 898/387/372 640/348/333
f 535/557/541 536/558/542 942/559/543 941/560/544
f 535/557/541 941/560/544 899/395/380 645/358/343
f 484/561/545 486/562/546 906/563/547 905/460/445
f 484/561/545 905/460/445 900/380/365 629/379/364
f 493/564/548 494/565/549 914/566/550 913/567/551
f 493/564/548 913/567/551 901/411/396 652/376/361
f 573/568/552 574/569/553 970/570/554 969/571/555
f 573/568/552 969/571/555 902/420/405 639/388/373
f 541/572/556 542/573/557 946/574/558 945/575/559
f 541/572/556 945/575/559 903/428/413 644/396/381
f 621/576/560 622/577/561 1002/578/562 1001/579/563
f 621/576/560 1001/579/563 904/436/421 630/404/389
f 905/460/445 906/563/547 485/550/534 483/461/446
f 486/562/546 488/580/564 907/581/565 906/563/547
f 906/563/547 907/581/565 487/582/566 485/550/534
f 897/375/360 909/552/536 493/564/548 652/376/361
f 907/581/565 488/580/564 104/583/567 489/584/568
f 487/582/566 907/581/565 489/584/568 150/585/569
f 150/585/569 489/584/568 908/586/570 490/587/571
f 489/584/568 104/583/567 491/588/572 908/586/570
f 1079/589/573 1133/590/574 1148/591/575 1151/592/576
f 960/593/577 956/509/493 1188/594/578 1191/595/579
f 909/552/536 910/551/535 494/565/549 493/564/548
f 485/550/534 487/582/566 911/596/580 910/551/535
f 910/551/535 911/596/580 495/597/581 494/565/549
f 901/411/396 913/567/551 499/478/462 651/412/397
f 911/596/580 487/582/566 150/585/569 496/598/582
f 495/597/581 911/596/580 496/598/582 148/599/583
f 148/599/583 496/598/582 912/600/584 497/601/585
f 496/598/582 150/585/569 490/587/571 912/600/584
f 490/587/571 908/586/570 1152/602/586 1149/603/587
f 912/600/584 490/587/571 1149/603/587 1155/604/588
f 913/567/551 914/566/550 500/479/463 499/478/462
f 494/565/549 495/597/581 915/605/589 914/566/550
f 914/566/550 915/605/589 501/606/590 500/479/463
f 879/442/427 917/481/465 505/490/474 650/443/428
f 915/605/589 495/597/581 148/599/583 502/607/591
f 501/606/590 915/605/589 502/607/591 146/608/592
f 146/608/592 502/607/591 916/609/593 503/610/594
f 502/607/591 148/599/583 497/601/585 916/609/593
f 497/601/585 912/600/584 1155/604/588 1146/611/595
f 916/609/593 497/601/585 1146/611/595 1158/612/596
f 917/481/465 918/480/464 506/491/475 505/490/474
f 500/479/463 501/606/590 919/613/597 918/480/464
f 918/480/464 919/613/597 507/614/598 506/491/475
f 882/467/452 921/493/477 511/498/482 649/302/290
f 919/613/597 501/606/590 146/608/592 508/615/599
f 507/614/598 919/613/597 508/615/599 144/616/600
f 144/616/600 508/615/599 920/617/601 509/618/602
f 508/615/599 146/608/592 503/610/594 920/617/601
f 503/610/594 916/609/593 1158/612/596 1143/619/603
f 920/617/601 503/610/594 1143/619/603 1161/620/604
f 921/493/477 922/492/476 512/499/483 511/498/482
f 506/491/475 507/614/598 923/621/605 922/492/476
f 922/492/476 923/621/605 513/622/606 512/499/483
f 884/303/291 925/501/485 517/510/494 648/330/318
f 923/621/605 507/614/598 144/616/600 514/623/607
f 513/622/606 923/621/605 514/623/607 142/624/608
f 142/624/608 514/623/607 924/625/609 515/626/610
f 514/623/607 144/616/600 509/618/602 924/625/609
f 509/618/602 920/617/601 1161/620/604 1140/627/611
f 924/625/609 509/618/602 1140/627/611 1164/628/612
f 925/501/485 926/500/484 518/511/495 517/510/494
f 512/499/483 513/622/606 927/629/613 926/500/484
f 926/500/484 927/629/613 519/630/614 518/511/495
f 887/298/286 929/631/497 523/524/508 647/299/287
f 927/629/613 513/622/606 142/624/608 520/632/615
f 519/630/614 927/629/613 520/632/615 140/633/616
f 140/633/616 520/632/615 928/634/617 521/635/618
f 520/632/615 142/624/608 515/626/610 928/634/617
f 515/626/610 924/625/609 1164/628/612 1137/636/619
f 928/634/617 515/626/610 1137/636/619 1167/637/620
f 929/631/497 930/638/496 524/525/509 523/524/508
f 518/511/495 519/630/614 931/639/621 930/512/496
f 930/638/496 931/640/621 525/641/622 524/525/509
f 891/327/315 933/527/511 529/542/526 646/328/316
f 931/639/621 519/630/614 140/633/616 526/642/623
f 525/641/622 931/640/621 526/643/623 138/644/624
f 138/644/624 526/643/623 932/645/625 527/646/626
f 526/642/623 140/633/616 521/635/618 932/647/625
f 521/635/618 928/634/617 1167/637/620 1134/648/627
f 932/647/625 521/635/618 1134/648/627 1170/649/628
f 933/527/511 934/526/510 530/543/527 529/542/526
f 524/525/509 525/641/622 935/650/629 934/526/510
f 934/526/510 935/650/629 531/651/630 530/543/527
f 895/357/342 937/545/529 535/557/541 645/358/343
f 935/650/629 525/641/622 138/644/624 532/652/631
f 531/651/630 935/650/629 532/652/631 136/653/632
f 136/653/632 532/652/631 936/654/633 533/655/634
f 532/652/631 138/644/624 527/646/626 936/654/633
f 527/646/626 932/645/625 1170/656/628 1131/657/635
f 936/654/633 527/646/626 1131/657/635 1173/658/636
f 937/545/529 938/544/528 536/558/542 535/557/541
f 530/543/527 531/651/630 939/659/637 938/544/528
f 938/544/528 939/659/637 537/660/638 536/558/542
f 899/395/380 941/560/544 541/572/556 644/396/381
f 939/659/637 531/651/630 136/653/632 538/661/639
f 537/660/638 939/659/637 538/661/639 134/662/640
f 134/662/640 538/661/639 940/663/641 539/664/642
f 538/661/639 136/653/632 533/655/634 940/663/641
f 533/655/634 936/654/633 1173/658/636 1128/665/643
f 940/663/641 533/655/634 1128/665/643 1176/666/644
f 941/560/544 942/559/543 542/573/557 541/572/556
f 536/558/542 537/660/638 943/667/645 942/559/543
f 942/559/543 943/667/645 543/668/646 542/573/557
f 903/428/413 945/575/559 547/486/470 643/429/414
f 943/667/645 537/660/638 134/662/640 544/669/647
f 543/668/646 943/667/645 544/669/647 132/670/648
f 132/670/648 544/669/647 944/671/649 545/672/650
f 544/669/647 134/662/640 539/664/642 944/671/649
f 539/664/642 940/663/641 1176/666/644 1125/673/651
f 944/671/649 539/664/642 1125/673/651 1179/674/652
f 945/575/559 946/574/558 548/487/471 547/486/470
f 542/573/557 543/668/646 947/675/653 946/574/558
f 946/574/558 947/675/653 549/676/654 548/487/471
f 881/456/441 949/489/473 553/292/280 642/162/156
f 947/675/653 543/668/646 132/670/648 550/677/655
f 549/676/654 947/675/653 550/677/655 130/678/656
f 130/678/656 550/677/655 948/679/657 551/680/658
f 550/677/655 132/670/648 545/672/650 948/679/657
f 545/672/650 944/671/649 1179/674/652 1122/681/659
f 948/679/657 545/672/650 1122/681/659 1182/682/660
f 949/489/473 950/488/472 554/321/309 553/292/280
f 548/487/471 549/676/654 951/683/661 950/488/472
f 950/488/472 951/683/661 555/322/310 554/321/309
f 951/683/661 549/676/654 130/678/656 556/684/662
f 555/322/310 951/683/661 556/684/662 128/507/491
f 128/507/491 556/684/662 952/685/663 557/508/492
f 556/684/662 130/678/656 551/680/658 952/685/663
f 551/680/658 948/679/657 1182/682/660 1119/686/664
f 952/685/663 551/680/658 1119/686/664 1185/687/665
f 555/322/310 128/507/491 559/506/490 955/323/311
f 85/56/54 463/688/666 1067/689/667 400/57/55
f 557/508/492 952/685/663 1185/687/665 1116/690/668
f 1133/590/574 572/691/669 1154/692/670 1148/591/575
f 890/291/279 957/290/278 561/538/522 641/319/307
f 955/323/311 959/522/506 958/317/305 954/316/304
f 886/163/157 890/291/279 860/318/306 857/164/158
f 564/523/507 559/506/490 956/509/493 960/593/577
f 957/290/278 958/317/305 562/539/523 561/538/522
f 958/317/305 959/522/506 563/693/671 562/539/523
f 894/347/332 961/541/525 567/553/537 640/348/333
f 563/693/671 959/522/506 564/523/507 126/694/672
f 126/694/672 564/523/507 960/593/577 565/695/673
f 557/508/492 1116/690/668 1188/594/578 956/509/493
f 961/541/525 962/540/524 568/554/538 567/553/537
f 562/539/523 563/693/671 963/696/674 962/540/524
f 962/540/524 963/696/674 569/697/675 568/554/538
f 898/387/372 965/556/540 573/568/552 639/388/373
f 963/696/674 563/693/671 126/694/672 570/698/676
f 569/697/675 963/696/674 570/698/676 124/699/677
f 124/699/677 570/698/676 964/700/678 571/701/679
f 570/698/676 126/694/672 565/695/673 964/700/678
f 565/695/673 960/593/577 1191/595/579 1113/702/680
f 964/700/678 565/695/673 1113/702/680 1194/703/681
f 965/556/540 966/555/539 574/569/553 573/568/552
f 568/554/538 569/697/675 967/704/682 966/555/539
f 966/555/539 967/704/682 575/705/683 574/569/553
f 902/420/405 969/571/555 579/482/466 638/421/406
f 967/704/682 569/697/675 124/699/677 576/706/684
f 575/705/683 967/704/682 576/706/684 122/707/685
f 122/707/685 576/706/684 968/708/686 577/709/687
f 576/706/684 124/699/677 571/701/679 968/708/686
f 571/701/679 964/700/678 1194/703/681 1110/710/688
f 968/708/686 571/701/679 1110/710/688 1197/711/689
f 969/571/555 970/570/554 580/483/467 579/482/466
f 574/569/553 575/705/683 971/712/690 970/570/554
f 970/570/554 971/712/690 581/713/691 580/483/467
f 880/450/435 973/485/469 585/494/478 637/280/270
f 971/712/690 575/705/683 122/707/685 582/714/692
f 581/713/691 971/712/690 582/714/692 120/715/693
f 120/715/693 582/714/692 972/716/694 583/717/695
f 582/714/692 122/707/685 577/709/687 972/716/694
f 577/709/687 968/708/686 1197/711/689 1107/718/696
f 972/716/694 577/709/687 1107/718/696 1200/719/697
f 973/485/469 974/484/468 586/495/479 585/494/478
f 580/483/467 581/713/691 975/720/698 974/484/468
f 974/484/468 975/720/698 587/721/699 586/495/479
f 883/471/271 977/722/481 591/502/486 636/313/301
f 975/720/698 581/713/691 120/715/693 588/723/700
f 587/721/699 975/720/698 588/723/700 118/724/701
f 118/724/701 588/723/700 976/725/702 589/726/703
f 588/723/700 120/715/693 583/717/695 976/725/702
f 583/717/695 972/716/694 1200/719/697 1104/727/704
f 976/725/702 583/717/695 1104/727/704 1203/728/705
f 977/722/481 978/729/480 592/503/487 591/502/486
f 586/495/479 587/721/699 979/730/706 978/496/480
f 978/729/480 979/731/706 593/732/707 592/503/487
f 885/276/266 981/505/489 597/514/498 635/277/267
f 979/730/706 587/721/699 118/724/701 594/733/708
f 593/732/707 979/731/706 594/734/708 116/735/709
f 116/735/709 594/734/708 980/736/710 595/737/711
f 594/733/708 118/724/701 589/726/703 980/738/710
f 589/726/703 976/725/702 1203/728/705 1101/739/712
f 980/738/710 589/726/703 1101/739/712 1206/740/713
f 981/505/489 982/504/488 598/515/499 597/514/498
f 592/503/487 593/732/707 983/741/714 982/504/488
f 982/504/488 983/741/714 599/742/715 598/515/499
f 888/310/298 985/517/501 603/528/512 634/311/299
f 983/741/714 593/732/707 116/735/709 600/743/716
f 599/742/715 983/741/714 600/743/716 114/744/717
f 114/744/717 600/743/716 984/745/718 601/746/719
f 600/743/716 116/735/709 595/737/711 984/745/718
f 595/737/711 980/736/710 1206/747/713 1098/748/720
f 984/745/718 595/737/711 1098/748/720 1209/749/721
f 985/517/501 986/516/500 604/529/513 603/528/512
f 598/515/499 599/742/715 987/750/722 986/516/500
f 986/516/500 987/750/722 605/751/723 604/529/513
f 892/339/324 989/531/515 609/546/530 633/340/325
f 987/750/722 599/742/715 114/744/717 606/752/724
f 605/751/723 987/750/722 606/752/724 112/753/725
f 112/753/725 606/752/724 988/754/726 607/755/727
f 606/752/724 114/744/717 601/746/719 988/754/726
f 601/746/719 984/745/718 1209/749/721 1095/756/728
f 988/754/726 601/746/719 1095/756/728 1212/757/729
f 989/531/515 990/530/514 610/547/531 609/546/530
f 604/529/513 605/751/723 991/758/730 990/530/514
f 990/530/514 991/758/730 611/759/731 610/547/531
f 896/365/350 993/549/533 615/518/502 632/366/351
f 991/758/730 605/751/723 112/753/725 612/760/732
f 611/759/731 991/758/730 612/760/732 110/761/733
f 110/761/733 612/760/732 992/762/734 613/763/735
f 612/760/732 112/753/725 607/755/727 992/762/734
f 607/755/727 988/754/726 1212/757/729 1092/764/736
f 992/762/734 607/755/727 1092/764/736 1215/765/737
f 993/549/533 994/548/532 616/519/503 615/518/502
f 610/547/531 611/759/731 995/766/738 994/548/532
f 994/548/532 995/766/738 617/767/739 616/519/503
f 889/403/388 997/521/505 621/576/560 630/404/389
f 995/766/738 611/759/731 110/761/733 618/768/740
f 617/767/739 995/766/738 618/768/740 108/769/741
f 108/769/741 618/768/740 996/770/742 619/771/743
f 618/768/740 110/761/733 613/763/735 996/770/742
f 613/763/735 992/762/734 1215/765/737 1089/772/744
f 996/770/742 613/763/735 1089/772/744 1218/773/745
f 997/521/505 998/520/504 622/577/561 621/576/560
f 616/519/503 617/767/739 999/774/746 998/520/504
f 998/520/504 999/774/746 623/775/747 622/577/561
f 904/436/421 1001/579/563 484/561/545 629/379/364
f 999/774/746 617/767/739 108/769/741 624/776/748
f 623/775/747 999/774/746 624/776/748 106/777/749
f 106/777/749 624/776/748 1000/778/750 625/779/751
f 624/776/748 108/769/741 619/771/743 1000/778/750
f 619/771/743 996/770/742 1218/773/745 1086/780/752
f 1000/778/750 619/771/743 1086/780/752 1221/781/753
f 1001/579/563 1002/578/562 486/562/546 484/561/545
f 622/577/561 623/775/747 1003/782/754 1002/578/562
f 1002/578/562 1003/782/754 488/580/564 486/562/546
f 677/464/449 1006/477/461 1005/783/755 678/784/756
f 1003/782/754 623/775/747 106/777/749 627/785/757
f 488/580/564 1003/782/754 627/785/757 104/583/567
f 104/583/567 627/785/757 1004/786/758 491/588/572
f 627/785/757 106/777/749 625/779/751 1004/786/758
f 625/779/751 1000/778/750 1221/781/753 1083/787/759
f 908/586/570 491/588/572 1080/788/760 1152/602/586
f 98/537/521 679/536/520 1005/783/755 443/304/292
f 679/536/520 168/535/519 678/784/756 1005/783/755
f 1005/783/755 1006/477/461 478/305/293 443/304/292
f 1006/477/461 677/464/449 676/444/429 878/466/451
f 85/56/54 399/259/251 1007/789/761 463/688/666
f 399/259/251 86/251/243 435/790/762 1007/789/761
f 1007/789/761 435/790/762 167/791/763 680/792/764
f 463/688/666 1007/789/761 680/792/764 100/793/765
f 100/793/765 680/792/764 1008/475/459 440/794/766
f 680/792/764 167/791/763 675/476/460 1008/475/459
f 1008/475/459 1009/474/458 466/287/275 440/794/766
f 1009/474/458 674/453/438 673/430/415 877/455/440
f 80/261/253 405/255/247 1010/795/767 480/796/768
f 405/255/247 81/247/239 434/797/769 1010/795/767
f 1010/795/767 434/797/769 166/798/770 681/799/771
f 480/796/768 1010/795/767 681/799/771 101/800/772
f 101/800/772 681/799/771 1011/472/456 439/283/272
f 681/799/771 166/798/770 672/473/457 1011/472/456
f 1011/472/456 1012/470/455 460/284/273 439/283/272
f 1012/470/455 671/447/432 670/422/407 876/449/434
f 93/257/249 391/253/245 1013/801/773 436/534/518
f 391/253/245 94/243/235 433/802/774 1013/801/773
f 1013/801/773 433/802/774 165/803/775 682/804/776
f 436/534/518 1013/801/773 682/804/776 168/535/519
f 168/535/519 682/804/776 1014/468/453 678/784/756
f 682/804/776 165/803/775 669/469/454 1014/468/453
f 1014/468/453 1015/465/450 677/464/449 678/784/756
f 1015/465/450 668/439/424 667/413/398 875/441/426
f 73/204/196 412/249/241 1016/805/777 455/806/778
f 412/249/241 74/239/231 432/807/779 1016/805/777
f 1016/805/777 432/807/779 164/808/780 683/809/781
f 455/806/778 1016/805/777 683/809/781 157/810/782
f 157/810/782 683/809/781 1017/462/447 470/383/368
f 683/809/781 164/808/780 666/463/448 1017/462/447
f 1017/462/447 1018/459/444 456/381/366 470/383/368
f 1018/459/444 665/433/418 664/405/390 874/435/420
f 86/251/243 398/245/237 1019/811/783 435/790/762
f 398/245/237 87/235/227 431/812/784 1019/811/783
f 1019/811/783 431/812/784 163/813/785 684/814/786
f 435/790/762 1019/811/783 684/814/786 167/791/763
f 167/791/763 684/814/786 1020/457/442 675/476/460
f 684/814/786 163/813/785 663/458/443 1020/457/442
f 1020/457/442 1021/454/439 674/453/438 675/476/460
f 1021/454/439 662/425/410 661/397/382 873/427/412
f 81/247/239 404/241/233 1022/815/787 434/797/769
f 404/241/233 82/231/223 430/816/788 1022/815/787
f 1022/815/787 430/816/788 162/817/789 685/818/790
f 434/797/769 1022/815/787 685/818/790 166/798/770
f 166/798/770 685/818/790 1023/451/436 672/473/457
f 685/818/790 162/817/789 660/452/437 1023/451/436
f 1023/451/436 1024/448/433 671/447/432 672/473/457
f 1024/448/433 659/417/402 658/389/374 872/419/404
f 94/243/235 390/237/229 1025/819/791 433/802/774
f 390/237/229 95/227/219 429/820/792 1025/819/791
f 1025/819/791 429/820/792 161/821/793 686/822/794
f 433/802/774 1025/819/791 686/822/794 165/803/775
f 165/803/775 686/822/794 1026/445/430 669/469/454
f 686/822/794 161/821/793 657/446/431 1026/445/430
f 1026/445/430 1027/440/425 668/439/424 669/469/454
f 1027/440/425 656/408/393 655/377/362 871/410/395
f 74/239/231 411/233/225 1028/823/795 432/807/779
f 411/233/225 75/223/215 428/824/796 1028/823/795
f 1028/823/795 428/824/796 160/825/797 687/826/798
f 432/807/779 1028/823/795 687/826/798 164/808/780
f 164/808/780 687/826/798 1029/437/422 666/463/448
f 687/826/798 160/825/797 654/438/423 1029/437/422
f 1029/437/422 1030/434/419 665/433/418 666/463/448
f 1030/434/419 653/400/385 437/367/352 870/402/387
f 87/235/227 397/229/221 1031/827/799 431/812/784
f 397/229/221 88/219/211 427/828/800 1031/827/799
f 1031/827/799 427/828/800 159/829/801 688/830/802
f 431/812/784 1031/827/799 688/830/802 163/813/785
f 163/813/785 688/830/802 1032/432/417 663/458/443
f 688/830/802 159/829/801 459/431/416 1032/432/417
f 1032/432/417 1033/426/411 662/425/410 663/458/443
f 1033/426/411 472/392/377 458/359/344 869/394/379
f 82/231/223 403/225/217 1034/831/803 430/816/788
f 403/225/217 83/215/207 426/832/804 1034/831/803
f 1034/831/803 426/832/804 158/833/805 689/834/806
f 430/816/788 1034/831/803 689/834/806 162/817/789
f 162/817/789 689/834/806 1035/423/408 660/452/437
f 689/834/806 158/833/805 479/424/409 1035/423/408
f 1035/423/408 1036/418/403 659/417/402 660/452/437
f 1036/418/403 457/384/369 475/349/334 868/386/371
f 95/227/219 389/221/213 1037/835/807 429/820/792
f 389/221/213 96/211/203 424/836/808 1037/835/807
f 1037/835/807 424/836/808 156/837/809 690/838/810
f 429/820/792 1037/835/807 690/838/810 161/821/793
f 161/821/793 690/838/810 1038/415/400 657/446/431
f 690/838/810 156/837/809 467/416/401 1038/415/400
f 1038/415/400 1039/409/394 656/408/393 657/446/431
f 1039/409/394 454/370/355 464/373/358 867/374/359
f 75/223/215 410/217/209 1040/839/811 428/824/796
f 410/217/209 76/207/199 423/840/812 1040/839/811
f 1040/839/811 423/840/812 155/841/813 691/842/814
f 428/824/796 1040/839/811 691/842/814 160/825/797
f 160/825/797 691/842/814 1041/407/392 654/438/423
f 691/842/814 155/841/813 453/406/391 1041/407/392
f 1041/407/392 1042/401/386 653/400/385 654/438/423
f 1042/401/386 461/362/347 452/341/326 866/364/349
f 88/219/211 396/213/205 1043/843/815 427/828/800
f 396/213/205 89/201/193 422/844/816 1043/843/815
f 1043/843/815 422/844/816 154/845/817 692/846/818
f 427/828/800 1043/843/815 692/846/818 159/829/801
f 159/829/801 692/846/818 1044/398/383 459/431/416
f 692/846/818 154/845/817 462/399/384 1044/398/383
f 1044/398/383 1045/393/378 472/392/377 459/431/416
f 1045/393/378 451/354/339 481/329/317 865/356/341
f 83/215/207 402/209/201 1046/847/819 426/832/804
f 402/209/201 84/197/189 421/848/820 1046/847/819
f 1046/847/819 421/848/820 153/849/821 693/850/822
f 426/832/804 1046/847/819 693/850/822 158/833/805
f 158/833/805 693/850/822 1047/391/376 479/424/409
f 693/850/822 153/849/821 450/390/375 1047/391/376
f 1047/391/376 1048/385/370 457/384/369 479/424/409
f 1048/385/370 477/344/329 449/320/308 864/346/331
f 96/211/203 388/205/197 1049/851/823 424/836/808
f 388/205/197 73/204/196 455/806/778 1049/851/823
f 1049/851/823 455/806/778 157/810/782 694/852/824
f 424/836/808 1049/851/823 694/852/824 156/837/809
f 156/837/809 694/852/824 1050/382/367 467/416/401
f 694/852/824 157/810/782 470/383/368 1050/382/367
f 1050/382/367 1051/371/356 454/370/355 467/416/401
f 1051/371/356 456/381/366 425/378/363 863/372/357
f 76/207/199 409/199/191 1052/853/825 423/840/812
f 409/199/191 77/192/184 420/854/826 1052/853/825
f 1052/853/825 420/854/826 152/855/827 695/856/828
f 423/840/812 1052/853/825 695/856/828 155/841/813
f 155/841/813 695/856/828 1053/368/353 453/406/391
f 695/856/828 152/855/827 473/369/354 1053/368/353
f 1053/368/353 1054/363/348 461/362/347 453/406/391
f 1054/363/348 448/336/321 468/312/300 862/338/323
f 89/201/193 395/194/186 1055/857/829 422/844/816
f 395/194/186 90/190/182 419/858/830 1055/857/829
f 1055/857/829 419/858/830 151/859/831 696/860/832
f 422/844/816 1055/857/829 696/860/832 154/845/817
f 154/845/817 696/860/832 1056/361/346 462/399/384
f 696/860/832 151/859/831 447/360/345 1056/361/346
f 1056/361/346 1057/355/340 451/354/339 462/399/384
f 1057/355/340 465/324/312 446/300/288 861/326/314
f 84/197/189 401/196/188 1058/861/833 421/848/820
f 1068/352/337 1069/288/276 1060/345/330 1059/353/338
f 400/57/55 1067/689/667 1058/861/833 401/196/188
f 421/848/820 1058/861/833 697/350/335 153/849/821
f 153/849/821 697/350/335 1059/353/338 450/390/375
f 1060/345/330 1069/288/276 857/164/158 860/318/306
f 1059/353/338 1060/345/330 477/344/329 450/390/375
f 77/192/184 408/186/180 1061/862/834 420/854/826
f 408/186/180 78/179/173 418/863/835 1061/862/834
f 1061/862/834 418/863/835 97/864/836 698/865/837
f 420/854/826 1061/862/834 698/865/837 152/855/827
f 152/855/827 698/865/837 1062/343/328 473/369/354
f 698/865/837 97/864/836 445/342/327 1062/343/328
f 1062/343/328 1063/337/322 448/336/321 473/369/354
f 1063/337/322 482/307/295 444/278/268 859/309/297
f 90/190/182 394/189/175 1064/866/838 419/858/830
f 394/181/175 91/177/171 416/867/839 1064/868/838
f 1064/868/838 416/867/839 99/869/840 699/870/841
f 419/858/830 1064/866/838 699/871/841 151/859/831
f 151/859/831 699/871/841 1065/872/320 447/360/345
f 699/870/841 99/869/840 442/333/319 1065/335/320
f 1065/872/320 1066/325/313 465/324/312 447/360/345
f 1066/334/313 469/293/281 441/296/284 858/332/285
f 440/794/766 466/287/275 1069/288/276 1068/352/337
f 1067/689/667 463/688/666 100/793/765 700/351/336
f 61/52/50 169/129/124 814/132/127 375/53/51
f 78/179/173 407/175/169 1070/873/842 418/863/835
f 407/175/169 79/174/168 413/874/843 1070/873/842
f 1070/873/842 413/874/843 102/875/844 701/876/845
f 418/863/835 1070/873/842 701/876/845 97/864/836
f 97/864/836 701/876/845 1071/315/303 445/342/327
f 701/876/845 102/875/844 438/314/302 1071/315/303
f 1071/315/303 1072/308/296 482/307/295 445/342/327
f 1072/308/296 476/271/261 471/274/264 856/275/265
f 91/177/171 393/168/162 1073/877/846 416/867/839
f 393/168/162 92/167/161 474/533/517 1073/877/846
f 1073/877/846 474/533/517 98/537/521 702/878/847
f 416/867/839 1073/877/846 702/878/847 99/869/840
f 99/869/840 702/878/847 1074/306/294 442/333/319
f 702/878/847 98/537/521 443/304/292 1074/306/294
f 1074/306/294 1075/294/282 469/293/281 442/333/319
f 1075/294/282 478/305/293 417/301/289 855/295/283
f 100/793/765 440/794/766 1068/352/337 700/351/336
f 79/174/168 406/270/257 1076/879/848 413/874/843
f 406/265/257 80/261/253 480/796/768 1076/880/848
f 1076/880/848 480/796/768 101/800/772 703/881/849
f 413/874/843 1076/879/848 703/882/849 102/875/844
f 102/875/844 703/882/849 1077/883/274 438/314/302
f 703/881/849 101/800/772 439/283/272 1077/286/274
f 1077/883/274 1078/272/262 476/271/261 438/314/302
f 1078/285/262 460/284/273 414/279/269 854/282/263
f 287/884/850 705/885/851 704/268/260 288/267/259
f 381/122/114 704/886/260 189/887/852 55/123/118
f 286/888/853 706/889/854 705/885/851 287/884/850
f 704/886/260 705/890/851 190/891/855 189/887/852
f 285/892/856 707/893/857 706/889/854 286/888/853
f 705/890/851 706/894/854 191/895/858 190/891/855
f 284/262/254 708/266/258 707/893/857 285/892/856
f 706/894/854 707/896/857 192/897/859 191/895/858
f 283/898/860 709/899/861 367/115/111 69/114/110
f 707/896/857 708/269/258 193/173/167 192/897/859
f 282/900/862 710/901/863 709/899/861 283/898/860
f 367/115/111 709/899/861 179/902/864 68/119/115
f 281/903/865 711/904/866 710/901/863 282/900/862
f 709/899/861 710/901/863 180/905/867 179/902/864
f 280/906/868 712/907/869 711/904/866 281/903/865
f 710/901/863 711/904/866 181/908/870 180/905/867
f 279/258/250 713/264/256 712/907/869 280/906/868
f 711/904/866 712/907/869 182/909/871 181/908/870
f 278/910/872 714/911/873 374/161/155 62/156/150
f 712/907/869 713/264/256 183/166/160 182/909/871
f 277/912/874 715/913/875 714/911/873 278/910/872
f 374/161/155 714/911/873 169/129/124 61/52/50
f 276/914/876 716/915/877 715/913/875 277/912/874
f 714/911/873 715/913/875 170/130/125 169/129/124
f 275/916/878 717/917/879 716/915/877 276/914/876
f 715/913/875 716/915/877 171/918/880 170/130/125
f 274/252/244 718/260/252 717/917/879 275/916/878
f 716/915/877 717/917/879 172/919/881 171/918/880
f 273/920/882 719/921/883 380/158/152 57/149/144
f 717/917/879 718/260/252 173/59/57 172/919/881
f 272/922/884 720/923/885 719/921/883 273/920/882
f 380/158/152 719/921/883 288/267/259 56/117/113
f 271/924/886 721/925/887 720/923/885 272/922/884
f 719/921/883 720/923/885 287/884/850 288/267/259
f 270/926/888 722/927/889 721/925/887 271/924/886
f 720/923/885 721/925/887 286/888/853 287/884/850
f 269/248/240 723/256/248 722/927/889 270/926/888
f 721/925/887 722/927/889 285/892/856 286/888/853
f 268/928/890 724/929/891 366/157/151 70/147/142
f 722/927/889 723/256/248 284/262/254 285/892/856
f 267/930/892 725/931/893 724/929/891 268/928/890
f 366/157/151 724/929/891 283/898/860 69/114/110
f 266/932/894 726/933/895 725/931/893 267/930/892
f 724/929/891 725/931/893 282/900/862 283/898/860
f 265/934/896 727/935/897 726/933/895 266/932/894
f 725/931/893 726/933/895 281/903/865 282/900/862
f 264/244/236 728/254/246 727/935/897 265/934/896
f 726/933/895 727/935/897 280/906/868 281/903/865
f 263/936/898 729/937/899 387/155/149 50/143/138
f 727/935/897 728/254/246 279/258/250 280/906/868
f 262/938/900 730/939/901 729/937/899 263/936/898
f 387/155/149 729/937/899 224/940/902 49/109/105
f 261/941/903 731/942/904 730/939/901 262/938/900
f 729/937/899 730/939/901 225/943/905 224/940/902
f 260/944/906 732/945/907 731/942/904 261/941/903
f 730/939/901 731/942/904 226/946/908 225/943/905
f 259/240/232 733/250/242 732/945/907 260/944/906
f 731/942/904 732/945/907 227/947/909 226/946/908
f 258/948/910 734/949/911 373/153/147 63/142/137
f 732/945/907 733/250/242 228/203/195 227/947/909
f 257/950/912 735/951/913 734/949/911 258/948/910
f 373/153/147 734/949/911 278/910/872 62/156/150
f 256/952/914 736/953/915 735/951/913 257/950/912
f 734/949/911 735/951/913 277/912/874 278/910/872
f 255/954/916 737/955/917 736/953/915 256/952/914
f 735/951/913 736/953/915 276/914/876 277/912/874
f 254/236/228 738/246/238 737/955/917 255/954/916
f 736/953/915 737/955/917 275/916/878 276/914/876
f 253/956/918 739/957/919 379/146/141 58/136/131
f 737/955/917 738/246/238 274/252/244 275/916/878
f 252/958/920 740/959/921 739/957/919 253/956/918
f 379/146/141 739/957/919 273/920/882 57/149/144
f 251/960/922 741/961/923 740/959/921 252/958/920
f 739/957/919 740/959/921 272/922/884 273/920/882
f 250/962/924 742/963/925 741/961/923 251/960/922
f 740/959/921 741/961/923 271/924/886 272/922/884
f 249/232/224 743/242/234 742/963/925 250/962/924
f 741/961/923 742/963/925 270/926/888 271/924/886
f 248/964/926 744/965/927 365/144/139 71/134/129
f 742/963/925 743/242/234 269/248/240 270/926/888
f 247/966/928 745/967/929 744/965/927 248/964/926
f 365/144/139 744/965/927 268/928/890 70/147/142
f 246/968/930 746/969/931 745/967/929 247/966/928
f 744/965/927 745/967/929 267/930/892 268/928/890
f 245/970/932 747/971/933 746/969/931 246/968/930
f 745/967/929 746/969/931 266/932/894 267/930/892
f 244/228/220 748/238/230 747/971/933 245/970/932
f 746/969/931 747/971/933 265/934/896 266/932/894
f 243/972/934 749/973/935 386/141/136 51/127/122
f 747/971/933 748/238/230 264/244/236 265/934/896
f 242/974/936 750/975/937 749/973/935 243/972/934
f 386/141/136 749/973/935 263/936/898 50/143/138
f 241/976/938 751/977/939 750/975/937 242/974/936
f 749/973/935 750/975/937 262/938/900 263/936/898
f 240/978/940 752/979/941 751/977/939 241/976/938
f 750/975/937 751/977/939 261/941/903 262/938/900
f 239/224/216 753/234/226 752/979/941 240/978/940
f 751/977/939 752/979/941 260/944/906 261/941/903
f 238/980/942 754/981/943 372/139/134 64/126/121
f 752/979/941 753/234/226 259/240/232 260/944/906
f 237/982/944 755/983/945 754/981/943 238/980/942
f 372/139/134 754/981/943 258/948/910 63/142/137
f 236/984/946 756/985/947 755/983/945 237/982/944
f 754/981/943 755/983/945 257/950/912 258/948/910
f 235/986/948 757/987/949 756/985/947 236/984/946
f 755/983/945 756/985/947 256/952/914 257/950/912
f 234/220/212 758/230/222 757/987/949 235/986/948
f 756/985/947 757/987/949 255/954/916 256/952/914
f 233/988/950 759/989/951 378/133/128 59/116/112
f 757/987/949 758/230/222 254/236/228 255/954/916
f 232/990/952 760/991/953 759/989/951 233/988/950
f 378/133/128 759/989/951 253/956/918 58/136/131
f 231/992/954 761/993/955 760/991/953 232/990/952
f 759/989/951 760/991/953 252/958/920 253/956/918
f 230/994/956 762/995/957 761/993/955 231/992/954
f 760/991/953 761/993/955 251/960/922 252/958/920
f 229/216/208 763/226/218 762/995/957 230/994/956
f 761/993/955 762/995/957 250/962/924 251/960/922
f 223/996/958 764/997/959 364/128/123 72/113/109
f 762/995/957 763/226/218 249/232/224 250/962/924
f 222/998/960 765/999/961 764/997/959 223/996/958
f 364/128/123 764/997/959 248/964/926 71/134/129
f 221/1000/962 766/1001/963 765/999/961 222/998/960
f 764/997/959 765/999/961 247/966/928 248/964/926
f 220/1002/964 767/1003/965 766/1001/963 221/1000/962
f 765/999/961 766/1001/963 246/968/930 247/966/928
f 219/212/204 768/222/214 767/1003/965 220/1002/964
f 766/1001/963 767/1003/965 245/970/932 246/968/930
f 218/1004/966 769/1005/967 385/125/120 52/124/119
f 767/1003/965 768/222/214 244/228/220 245/970/932
f 217/1006/968 770/1007/969 769/1005/967 218/1004/966
f 385/125/120 769/1005/967 243/972/934 51/127/122
f 216/1008/970 771/1009/971 770/1007/969 217/1006/968
f 769/1005/967 770/1007/969 242/974/936 243/972/934
f 215/1010/972 772/1011/973 771/1009/971 216/1008/970
f 770/1007/969 771/1009/971 241/976/938 242/974/936
f 214/208/200 773/218/210 772/1011/973 215/1010/972
f 771/1009/971 772/1011/973 240/978/940 241/976/938
f 213/1012/974 774/1013/975 371/121/117 65/120/116
f 772/1011/973 773/218/210 239/224/216 240/978/940
f 212/1014/976 775/1015/977 774/1013/975 213/1012/974
f 371/121/117 774/1013/975 238/980/942 64/126/121
f 211/1016/978 776/1017/979 775/1015/977 212/1014/976
f 774/1013/975 775/1015/977 237/982/944 238/980/942
f 210/1018/980 777/1019/981 776/1017/979 211/1016/978
f 775/1015/977 776/1017/979 236/984/946 237/982/944
f 209/202/194 778/214/206 777/1019/981 210/1018/980
f 776/1017/979 777/1019/981 235/986/948 236/984/946
f 208/1020/982 779/1021/983 377/112/108 60/111/107
f 777/1019/981 778/214/206 234/220/212 235/986/948
f 207/1022/984 780/1023/985 779/1021/983 208/1020/982
f 377/112/108 779/1021/983 233/988/950 59/116/112
f 206/1024/986 781/1025/987 780/1023/985 207/1022/984
f 779/1021/983 780/1023/985 232/990/952 233/988/950
f 205/1026/988 782/1027/989 781/1025/987 206/1024/986
f 780/1023/985 781/1025/987 231/992/954 232/990/952
f 204/198/190 783/210/202 782/1027/989 205/1026/988
f 781/1025/987 782/1027/989 230/994/956 231/992/954
f 49/109/105 224/940/902 784/1028/990 363/110/106
f 782/1027/989 783/210/202 229/216/208 230/994/956
f 224/940/902 225/943/905 785/1029/991 784/1028/990
f 363/110/106 784/1028/990 223/996/958 72/113/109
f 225/943/905 226/946/908 786/1030/992 785/1029/991
f 784/1028/990 785/1029/991 222/998/960 223/996/958
f 226/946/908 227/947/909 787/1031/993 786/1030/992
f 785/1029/991 786/1030/992 221/1000/962 222/998/960
f 227/947/909 228/203/195 788/206/198 787/1031/993
f 786/1030/992 787/1031/993 220/1002/964 221/1000/962
f 203/1032/994 789/1033/995 384/160/154 53/154/148
f 787/1031/993 788/206/198 219/212/204 220/1002/964
f 202/1034/996 790/1035/997 789/1033/995 203/1032/994
f 384/160/154 789/1033/995 218/1004/966 52/124/119
f 201/1036/998 791/1037/999 790/1035/997 202/1034/996
f 789/1033/995 790/1035/997 217/1006/968 218/1004/966
f 200/1038/1000 792/1039/1001 791/1037/999 201/1036/998
f 790/1035/997 791/1037/999 216/1008/970 217/1006/968
f 199/193/185 793/200/192 792/1039/1001 200/1038/1000
f 791/1037/999 792/1039/1001 215/1010/972 216/1008/970
f 198/1040/1002 794/1041/1003 370/159/153 66/152/146
f 792/1039/1001 793/200/192 214/208/200 215/1010/972
f 197/1042/1004 795/1043/1005 794/1041/1003 198/1040/1002
f 370/159/153 794/1041/1003 213/1012/974 65/120/116
f 196/1044/1006 796/1045/1007 795/1043/1005 197/1042/1004
f 794/1041/1003 795/1043/1005 212/1014/976 213/1012/974
f 195/1046/1008 797/1047/1009 796/1045/1007 196/1044/1006
f 795/1043/1005 796/1045/1007 211/1016/978 212/1014/976
f 194/191/183 798/195/187 797/1047/1009 195/1046/1008
f 796/1045/1007 797/1047/1009 210/1018/980 211/1016/978
f 1058/861/833 1067/689/667 700/351/336 697/350/335
f 797/1047/1009 798/195/187 209/202/194 210/1018/980
f 337/172/166 841/171/165 840/66/64 339/1048/1010
f 376/60/58 799/145/140 208/1020/982 60/111/107
f 814/132/127 815/131/126 800/1049/1011 799/145/140
f 799/145/140 800/1049/1011 207/1022/984 208/1020/982
f 815/131/126 816/1050/1012 801/1051/1013 800/1049/1011
f 800/1049/1011 801/1051/1013 206/1024/986 207/1022/984
f 816/1050/1012 817/183/177 802/185/179 801/1051/1013
f 801/1051/1013 802/185/179 205/1026/988 206/1024/986
f 188/1052/1014 804/1053/1015 383/150/145 54/140/135
f 802/185/179 803/184/178 204/198/190 205/1026/988
f 187/1054/1016 805/1055/1017 804/1053/1015 188/1052/1014
f 383/150/145 804/1053/1015 203/1032/994 53/154/148
f 186/1056/1018 806/1057/1019 805/1055/1017 187/1054/1016
f 804/1053/1015 805/1055/1017 202/1034/996 203/1032/994
f 185/1058/1020 807/1059/1021 806/1057/1019 186/1056/1018
f 805/1055/1017 806/1057/1019 201/1036/998 202/1034/996
f 184/180/174 808/187/181 807/1059/1021 185/1058/1020
f 806/1057/1019 807/1059/1021 200/1038/1000 201/1036/998
f 178/1060/1022 809/1061/1023 369/148/143 67/138/133
f 807/1059/1021 808/187/181 199/193/185 200/1038/1000
f 177/1062/1024 810/1063/1025 809/1061/1023 178/1060/1022
f 369/151/143 809/1064/1023 198/1040/1002 66/152/146
f 176/1065/1026 811/1066/1027 810/1063/1025 177/1062/1024
f 809/1064/1023 810/1067/1025 197/1042/1004 198/1040/1002
f 175/1068/1028 812/1069/1029 811/1066/1027 176/1065/1026
f 810/1067/1025 811/1070/1027 196/1044/1006 197/1042/1004
f 174/178/172 813/182/176 812/1069/1029 175/1068/1028
f 811/1070/1027 812/1071/1029 195/1046/1008 196/1044/1006
f 812/1071/1029 813/188/176 194/191/183 195/1046/1008
f 170/130/125 171/918/880 816/1050/1012 815/131/126
f 171/918/880 172/919/881 817/183/177 816/1050/1012
f 172/919/881 173/59/57 818/58/56 817/183/177
f 55/123/118 189/887/852 819/1072/1030 382/137/132
f 189/887/852 190/891/855 820/1073/1031 819/1072/1030
f 382/137/132 819/1072/1030 188/1052/1014 54/140/135
f 190/891/855 191/895/858 821/1074/1032 820/1073/1031
f 819/1072/1030 820/1073/1031 187/1054/1016 188/1052/1014
f 191/895/858 192/897/859 822/1075/1033 821/1074/1032
f 820/1073/1031 821/1074/1032 186/1056/1018 187/1054/1016
f 192/897/859 193/173/167 823/176/170 822/1075/1033
f 821/1074/1032 822/1075/1033 185/1058/1020 186/1056/1018
f 68/119/115 179/902/864 824/1076/1034 368/135/130
f 822/1075/1033 823/176/170 184/180/174 185/1058/1020
f 179/902/864 180/905/867 825/1077/1035 824/1076/1034
f 368/135/130 824/1076/1034 178/1060/1022 67/138/133
f 180/905/867 181/908/870 826/1078/1036 825/1077/1035
f 824/1076/1034 825/1077/1035 177/1062/1024 178/1060/1022
f 181/908/870 182/909/871 827/1079/1037 826/1078/1036
f 825/1077/1035 826/1078/1036 176/1065/1026 177/1062/1024
f 182/909/871 183/166/160 828/169/163 827/1079/1037
f 826/1078/1036 827/1079/1037 175/1068/1028 176/1065/1026
f 827/1079/1037 828/169/163 174/178/172 175/1068/1028
f 1/1080/1038 290/105/101 829/108/104 313/1081/1039
f 4/1082/1040 291/8/8 830/102/98 361/1083/1041
f 313/1081/1039 829/108/104 289/4/4 48/1084/1042
f 8/1085/1043 293/97/93 831/100/96 357/1086/1044
f 361/1083/1041 830/102/98 290/105/101 1/1080/1038
f 10/1087/1045 294/93/89 832/96/92 355/1088/1046
f 357/1086/1044 831/100/96 292/104/100 6/1089/1047
f 12/1090/1048 295/89/85 833/92/88 353/1091/1049
f 355/1088/1046 832/96/92 293/97/93 8/1085/1043
f 14/1092/1050 296/83/81 834/86/84 351/1093/1051
f 353/1091/1049 833/92/88 294/93/89 10/1087/1045
f 16/1094/1052 297/79/77 835/82/80 349/1095/1053
f 351/1093/1051 834/86/84 295/89/85 12/1090/1048
f 18/1096/1054 298/75/73 836/78/76 347/1097/1055
f 349/1098/1053 835/87/80 296/83/81 14/1092/1050
f 20/1099/1056 299/71/69 837/74/72 345/1100/1057
f 347/1097/1055 836/78/76 297/79/77 16/1094/1052
f 22/1101/1058 300/67/65 838/70/68 343/1102/1059
f 345/1100/1057 837/74/72 298/75/73 18/1096/1054
f 24/1103/1060 301/62/60 839/65/63 341/1104/1061
f 343/1102/1059 838/70/68 299/71/69 20/1099/1056
f 341/1104/1061 839/65/63 300/67/65 22/1101/1058
f 339/1048/1010 840/66/64 301/62/60 24/1103/1060
f 28/1105/1062 303/47/45 842/50/48 335/1106/1063
f 30/1107/1064 304/43/41 843/46/44 333/1108/1065
f 335/1106/1063 842/50/48 302/55/53 26/170/164
f 32/1109/1066 305/39/37 844/42/40 331/1110/1067
f 333/1108/1065 843/46/44 303/47/45 28/1105/1062
f 34/1111/1068 306/35/33 845/38/36 329/1112/1069
f 331/1110/1067 844/42/40 304/43/41 30/1107/1064
f 36/1113/1070 307/29/29 846/32/32 327/1114/1071
f 329/1112/1069 845/38/36 305/39/37 32/1109/1066
f 38/1115/1072 308/25/25 847/28/28 325/1116/1073
f 327/1114/1071 846/32/32 306/35/33 34/1111/1068
f 40/1117/1074 309/21/21 848/24/24 323/1118/1075
f 325/1119/1073 847/33/28 307/29/29 36/1113/1070
f 42/1120/1076 310/17/17 849/20/20 321/1121/1077
f 323/1118/1075 848/24/24 308/25/25 38/1115/1072
f 44/1122/1078 311/13/13 850/16/16 319/1123/1079
f 321/1121/1077 849/20/20 309/21/21 40/1117/1074
f 46/1124/1080 312/9/9 851/12/12 317/1125/1081
f 319/1123/1079 850/16/16 310/17/17 42/1120/1076
f 289/4/4 852/3/3 315/1126/1082 48/1084/1042
f 317/1125/1081 851/12/12 311/13/13 44/1122/1078
f 6/1089/1047 292/104/100 853/5/5 359/1127/1083
f 315/1126/1082 852/3/3 312/9/9 46/1124/1080
f 359/1127/1083 853/5/5 291/8/8 4/1082/1040
f 863/372/357 900/380/365 631/414/399 464/373/358
f 292/104/100 5/103/99 360/6/6 853/5/5
f 25/51/49 338/54/52 841/171/165 302/55/53
f 841/171/165 338/54/52 340/61/59 840/66/64
f 1004/786/758 625/779/751 1083/787/759 1224/1128/1084
f 1079/589/573 1151/592/576 1153/1129/1085 1081/1130/1086
f 1081/1130/1086 1153/1129/1085 1152/602/586 1080/788/760
f 1151/592/576 1148/591/575 1150/1131/1087 1153/1129/1085
f 1153/1129/1085 1150/1131/1087 1149/603/587 1152/602/586
f 1148/591/575 1154/692/670 1156/1132/1088 1150/1131/1087
f 1150/1131/1087 1156/1132/1088 1155/604/588 1149/603/587
f 1154/692/670 1145/1133/1089 1147/1134/1090 1156/1132/1088
f 1156/1132/1088 1147/1134/1090 1146/611/595 1155/604/588
f 1145/1133/1089 1157/1135/1091 1159/1136/1092 1147/1134/1090
f 1147/1134/1090 1159/1136/1092 1158/612/596 1146/611/595
f 1157/1135/1091 1142/1137/1093 1144/1138/1094 1159/1136/1092
f 1159/1136/1092 1144/1138/1094 1143/619/603 1158/612/596
f 1142/1137/1093 1160/1139/1095 1162/1140/1096 1144/1138/1094
f 1144/1138/1094 1162/1140/1096 1161/620/604 1143/619/603
f 1160/1139/1095 1139/1141/1097 1141/1142/1098 1162/1140/1096
f 1162/1140/1096 1141/1142/1098 1140/627/611 1161/620/604
f 1139/1141/1097 1163/1143/1099 1165/1144/1100 1141/1142/1098
f 1141/1142/1098 1165/1144/1100 1164/628/612 1140/627/611
f 1163/1143/1099 1136/1145/1101 1138/1146/1102 1165/1144/1100
f 1165/1144/1100 1138/1146/1102 1137/636/619 1164/628/612
f 1136/1145/1101 1166/1147/1103 1168/1148/1104 1138/1146/1102
f 1138/1146/1102 1168/1148/1104 1167/637/620 1137/636/619
f 1168/1148/1104 1166/1147/1103 1135/1149/1105
f 1168/1148/1104 1135/1149/1105 1134/648/627 1167/637/620
f 1166/1147/1103 1169/1150/1106 1171/1151/1107 1135/1149/1105
f 1135/1149/1105 1171/1151/1107 1170/649/628 1134/648/627
f 1169/1152/1106 1130/1153/1108 1132/1154/1109 1171/1155/1107
f 1171/1155/1107 1132/1154/1109 1131/657/635 1170/656/628
f 1130/1153/1108 1172/1156/1110 1174/1157/1111 1132/1154/1109
f 1132/1154/1109 1174/1157/1111 1173/658/636 1131/657/635
f 1172/1156/1110 1127/1158/1112 1129/1159/1113 1174/1157/1111
f 1174/1157/1111 1129/1159/1113 1128/665/643 1173/658/636
f 1127/1158/1112 1175/1160/1114 1177/1161/1115 1129/1159/1113
f 1129/1159/1113 1177/1161/1115 1176/666/644 1128/665/643
f 1175/1160/1114 1124/1162/1116 1126/1163/1117 1177/1161/1115
f 1177/1161/1115 1126/1163/1117 1125/673/651 1176/666/644
f 1124/1162/1116 1178/1164/1118 1180/1165/1119 1126/1163/1117
f 1126/1163/1117 1180/1165/1119 1179/674/652 1125/673/651
f 1178/1164/1118 1121/1166/1120 1123/1167/1121 1180/1165/1119
f 1180/1165/1119 1123/1167/1121 1122/681/659 1179/674/652
f 1121/1166/1120 1181/1168/1122 1183/1169/1123 1123/1167/1121
f 1123/1167/1121 1183/1169/1123 1182/682/660 1122/681/659
f 1181/1168/1122 1118/1170/1124 1120/1171/1125 1183/1169/1123
f 1183/1169/1123 1120/1171/1125 1119/686/664 1182/682/660
f 1118/1170/1124 1184/1172/1126 1186/1173/1127 1120/1171/1125
f 1120/1171/1125 1186/1173/1127 1185/687/665 1119/686/664
f 1184/1172/1126 1115/1174/1128 1117/1175/1129 1186/1173/1127
f 1186/1173/1127 1117/1175/1129 1116/690/668 1185/687/665
f 1115/1174/1128 1187/1176/1130 1189/1177/1131 1117/1175/1129
f 1117/1175/1129 1189/1177/1131 1188/594/578 1116/690/668
f 1187/1176/1130 1190/1178/1132 1192/1179/1133 1189/1177/1131
f 1189/1177/1131 1192/1179/1133 1191/595/579 1188/594/578
f 1190/1178/1132 1112/1180/1134 1114/1181/1135 1192/1179/1133
f 1192/1179/1133 1114/1181/1135 1113/702/680 1191/595/579
f 1112/1180/1134 1193/1182/1136 1195/1183/1137 1114/1181/1135
f 1114/1181/1135 1195/1183/1137 1194/703/681 1113/702/680
f 1193/1182/1136 1109/1184/1138 1111/1185/1139 1195/1183/1137
f 1195/1183/1137 1111/1185/1139 1110/710/688 1194/703/681
f 1109/1184/1138 1196/1186/1140 1198/1187/1141 1111/1185/1139
f 1111/1185/1139 1198/1187/1141 1197/711/689 1110/710/688
f 1196/1186/1140 1106/1188/1142 1108/1189/1143 1198/1187/1141
f 1198/1187/1141 1108/1189/1143 1107/718/696 1197/711/689
f 1106/1188/1142 1199/1190/1144 1201/1191/1145 1108/1189/1143
f 1108/1189/1143 1201/1191/1145 1200/719/697 1107/718/696
f 1199/1190/1144 1103/1192/1146 1105/1193/1147 1201/1191/1145
f 1201/1191/1145 1105/1193/1147 1104/727/704 1200/719/697
f 1103/1192/1146 1202/1194/1148 1204/1195/1149 1105/1193/1147
f 1105/1193/1147 1204/1195/1149 1203/728/705 1104/727/704
f 1202/1194/1148 1100/1196/1150 1102/1197/1151 1204/1195/1149
f 1204/1195/1149 1102/1197/1151 1101/739/712 1203/728/705
f 1100/1196/1150 1205/1198/1152 1207/1199/1153 1102/1197/1151
f 1102/1197/1151 1207/1199/1153 1206/740/713 1101/739/712
f 1205/1200/1152 1097/1201/1154 1099/1202/1155 1207/1203/1153
f 1207/1203/1153 1099/1202/1155 1098/748/720 1206/747/713
f 1097/1201/1154 1208/1204/1156 1210/1205/1157 1099/1202/1155
f 1099/1202/1155 1210/1205/1157 1209/749/721 1098/748/720
f 1208/1204/1156 1094/1206/1158 1096/1207/1159 1210/1205/1157
f 1210/1205/1157 1096/1207/1159 1095/756/728 1209/749/721
f 1094/1206/1158 1211/1208/1160 1213/1209/1161 1096/1207/1159
f 1096/1207/1159 1213/1209/1161 1212/757/729 1095/756/728
f 1211/1208/1160 1091/1210/1162 1093/1211/1163 1213/1209/1161
f 1213/1209/1161 1093/1211/1163 1092/764/736 1212/757/729
f 1091/1210/1162 1214/1212/1164 1216/1213/1165 1093/1211/1163
f 1093/1211/1163 1216/1213/1165 1215/765/737 1092/764/736
f 1214/1212/1164 1088/1214/1166 1090/1215/1167 1216/1213/1165
f 1216/1213/1165 1090/1215/1167 1089/772/744 1215/765/737
f 1088/1214/1166 1217/1216/1168 1219/1217/1169 1090/1215/1167
f 1090/1215/1167 1219/1217/1169 1218/773/745 1089/772/744
f 1217/1216/1168 1085/1218/1170 1087/1219/1171 1219/1217/1169
f 1219/1217/1169 1087/1219/1171 1086/780/752 1218/773/745
f 1085/1218/1170 1220/1220/1172 1222/1221/1173 1087/1219/1171
f 1087/1219/1171 1222/1221/1173 1221/781/753 1086/780/752
f 1220/1220/1172 1082/1222/1174 1084/1223/1175 1222/1221/1173
f 1222/1221/1173 1084/1223/1175 1083/787/759 1221/781/753
f 1082/1222/1174 1223/1224/1176 1225/1225/1177 1084/1223/1175
f 1084/1223/1175 1225/1225/1177 1224/1128/1084 1083/787/759
f 1223/1224/1176 1079/589/573 1081/1130/1086 1225/1225/1177
f 1225/1225/1177 1081/1130/1086 1080/788/760 1224/1128/1084
f 491/588/572 1004/786/758 1224/1128/1084 1080/788/760
f 572/691/669 510/1226/1178 1145/1133/1089 1154/692/670
f 510/1226/1178 135/1227/1179 1157/1135/1091 1145/1133/1089
f 135/1227/1179 113/1228/1180 1142/1137/1093 1157/1135/1091
f 113/1228/1180 1231/1229/1181 1160/1139/1095 1142/1137/1093
f 1231/1229/1181 1242/1230/1182 1139/1141/1097 1160/1139/1095
f 1242/1230/1182 1253/1231/1183 1163/1143/1099 1139/1141/1097
f 1253/1231/1183 1264/1232/1184 1136/1145/1101 1163/1143/1099
f 1264/1232/1184 1275/1233/1185 1166/1147/1103 1136/1145/1101
f 1275/1233/1185 1286/1234/1186 1169/1150/1106 1166/1147/1103
f 1286/1235/1186 1172/1156/1110 1130/1153/1108 1169/1152/1106
f 1223/1224/1176 628/1236/1187 1133/590/574 1079/589/573
f 628/1236/1187 566/1237/1188 572/691/669 1133/590/574
f 566/1237/1188 504/1238/1189 510/1226/1178 572/691/669
f 504/1238/1189 133/1239/1190 135/1227/1179 510/1226/1178
f 133/1239/1190 111/1240/1191 113/1228/1180 135/1227/1179
f 111/1240/1191 1232/1241/1192 1231/1229/1181 113/1228/1180
f 1232/1241/1192 1243/1242/1193 1242/1230/1182 1231/1229/1181
f 1243/1242/1193 1254/1243/1194 1253/1231/1183 1242/1230/1182
f 1254/1243/1194 1265/1244/1195 1264/1232/1184 1253/1231/1183
f 1265/1244/1195 1276/1245/1196 1275/1233/1185 1264/1232/1184
f 1276/1245/1196 1287/1246/1197 1286/1234/1186 1275/1233/1185
f 1287/1247/1197 1127/1158/1112 1172/1156/1110 1286/1235/1186
f 1082/1222/1174 626/1248/1198 628/1236/1187 1223/1224/1176
f 626/1248/1198 560/1249/1199 566/1237/1188 628/1236/1187
f 560/1249/1199 498/1250/1200 504/1238/1189 566/1237/1188
f 498/1250/1200 131/1251/1201 133/1239/1190 504/1238/1189
f 131/1251/1201 109/1252/1202 111/1240/1191 133/1239/1190
f 109/1252/1202 1233/1253/1203 1232/1241/1192 111/1240/1191
f 1233/1253/1203 1244/1254/1204 1243/1242/1193 1232/1241/1192
f 1244/1254/1204 1255/1255/1205 1254/1243/1194 1243/1242/1193
f 1255/1255/1205 1266/1256/1206 1265/1244/1195 1254/1243/1194
f 1266/1256/1206 1277/1257/1207 1276/1245/1196 1265/1244/1195
f 1277/1258/1207 1288/1259/1208 1287/1247/1197 1276/1260/1196
f 1288/1259/1208 1175/1160/1114 1127/1158/1112 1287/1247/1197
f 1220/1220/1172 620/1261/1209 626/1248/1198 1082/1222/1174
f 620/1261/1209 558/1262/1210 560/1249/1199 626/1248/1198
f 558/1262/1210 492/1263/1211 498/1250/1200 560/1249/1199
f 492/1263/1211 129/1264/1212 131/1251/1201 498/1250/1200
f 129/1264/1212 107/1265/1213 109/1252/1202 131/1251/1201
f 107/1265/1213 1234/1266/1214 1233/1253/1203 109/1252/1202
f 1234/1266/1214 1245/1267/1215 1244/1254/1204 1233/1253/1203
f 1245/1267/1215 1256/1268/1216 1255/1255/1205 1244/1254/1204
f 1256/1268/1216 1267/1269/1217 1266/1256/1206 1255/1255/1205
f 1267/1270/1217 1278/1271/1218 1277/1258/1207 1266/1272/1206
f 1278/1271/1218 1289/1273/1219 1288/1259/1208 1277/1258/1207
f 1289/1273/1219 1124/1162/1116 1175/1160/1114 1288/1259/1208
f 1085/1218/1170 614/1274/1220 620/1261/1209 1220/1220/1172
f 614/1274/1220 552/1275/1221 558/1262/1210 620/1261/1209
f 552/1275/1221 149/1276/1222 492/1263/1211 558/1262/1210
f 149/1276/1222 127/1277/1223 129/1264/1212 492/1263/1211
f 127/1277/1223 105/1278/1224 107/1265/1213 129/1264/1212
f 105/1278/1224 1235/1279/1225 1234/1266/1214 107/1265/1213
f 1235/1279/1225 1246/1280/1226 1245/1267/1215 1234/1266/1214
f 1246/1280/1226 1257/1281/1227 1256/1268/1216 1245/1267/1215
f 1257/1282/1227 1268/1283/1228 1267/1270/1217 1256/1284/1216
f 1268/1283/1228 1279/1285/1229 1278/1271/1218 1267/1270/1217
f 1279/1285/1229 1290/1286/1230 1289/1273/1219 1278/1271/1218
f 1290/1286/1230 1178/1164/1118 1124/1162/1116 1289/1273/1219
f 1217/1216/1168 608/1287/1231 614/1274/1220 1085/1218/1170
f 608/1287/1231 546/1288/1232 552/1275/1221 614/1274/1220
f 546/1288/1232 147/1289/1233 149/1276/1222 552/1275/1221
f 147/1289/1233 125/1290/1234 127/1277/1223 149/1276/1222
f 125/1290/1234 103/1291/1235 105/1278/1224 127/1277/1223
f 103/1291/1235 1236/1292/1236 1235/1279/1225 105/1278/1224
f 1236/1292/1236 1247/1293/1237 1246/1280/1226 1235/1279/1225
f 1247/1294/1237 1258/1295/1238 1257/1282/1227 1246/1296/1226
f 1258/1295/1238 1269/1297/1239 1268/1283/1228 1257/1282/1227
f 1269/1297/1239 1280/1298/1240 1279/1285/1229 1268/1283/1228
f 1280/1298/1240 1291/1299/1241 1290/1286/1230 1279/1285/1229
f 1291/1299/1241 1121/1166/1120 1178/1164/1118 1290/1286/1230
f 1088/1214/1166 602/1300/1242 608/1287/1231 1217/1216/1168
f 602/1300/1242 540/1301/1243 546/1288/1232 608/1287/1231
f 540/1301/1243 145/1302/1244 147/1289/1233 546/1288/1232
f 145/1302/1244 123/1303/1245 125/1290/1234 147/1289/1233
f 123/1303/1245 1226/1304/1246 103/1291/1235 125/1290/1234
f 1226/1304/1246 1237/1305/1247 1236/1292/1236 103/1291/1235
f 1237/1305/1247 1248/1306/1248 1247/1293/1237 1236/1292/1236
f 1248/1307/1248 1259/1308/1249 1258/1295/1238 1247/1294/1237
f 1259/1308/1249 1270/1309/1250 1269/1297/1239 1258/1295/1238
f 1270/1309/1250 1281/1310/1251 1280/1298/1240 1269/1297/1239
f 1281/1310/1251 1292/1311/1252 1291/1299/1241 1280/1298/1240
f 1292/1311/1252 1181/1168/1122 1121/1166/1120 1291/1299/1241
f 1214/1212/1164 596/1312/1253 602/1300/1242 1088/1214/1166
f 596/1312/1253 534/1313/1254 540/1301/1243 602/1300/1242
f 534/1313/1254 143/1314/1255 145/1302/1244 540/1301/1243
f 143/1314/1255 121/1315/1256 123/1303/1245 145/1302/1244
f 121/1315/1256 1227/1316/1257 1226/1304/1246 123/1303/1245
f 1227/1316/1257 1238/1317/1258 1237/1305/1247 1226/1304/1246
f 1238/1318/1258 1249/1319/1259 1248/1307/1248 1237/1320/1247
f 1249/1319/1259 1260/1321/1260 1259/1308/1249 1248/1307/1248
f 1260/1321/1260 1271/1322/1261 1270/1309/1250 1259/1308/1249
f 1271/1322/1261 1282/1323/1262 1281/1310/1251 1270/1309/1250
f 1282/1323/1262 1293/1324/1263 1292/1311/1252 1281/1310/1251
f 1293/1324/1263 1118/1170/1124 1181/1168/1122 1292/1311/1252
f 1091/1210/1162 590/1325/1264 596/1312/1253 1214/1212/1164
f 590/1325/1264 528/1326/1265 534/1313/1254 596/1312/1253
f 528/1326/1265 141/1327/1266 143/1314/1255 534/1313/1254
f 141/1327/1266 119/1328/1267 121/1315/1256 143/1314/1255
f 119/1328/1267 1228/1329/1268 1227/1316/1257 121/1315/1256
f 1228/1330/1268 1239/1331/1269 1238/1318/1258 1227/1332/1257
f 1239/1331/1269 1250/1333/1270 1249/1319/1259 1238/1318/1258
f 1250/1333/1270 1261/1334/1271 1260/1321/1260 1249/1319/1259
f 1261/1334/1271 1272/1335/1272 1271/1322/1261 1260/1321/1260
f 1272/1335/1272 1283/1336/1273 1282/1323/1262 1271/1322/1261
f 1283/1336/1273 1294/1337/1274 1293/1324/1263 1282/1323/1262
f 1294/1337/1274 1184/1172/1126 1118/1170/1124 1293/1324/1263
f 1211/1208/1160 584/1338/1275 590/1325/1264 1091/1210/1162
f 584/1338/1275 522/1339/1276 528/1326/1265 590/1325/1264
f 522/1339/1276 139/1340/1277 141/1327/1266 528/1326/1265
f 139/1340/1277 117/1341/1278 119/1328/1267 141/1327/1266
f 117/1341/1278 1229/1342/1279 1228/1329/1268 119/1328/1267
f 1229/1343/1279 1240/1344/1280 1239/1331/1269 1228/1330/1268
f 1240/1344/1280 1251/1345/1281 1250/1333/1270 1239/1331/1269
f 1251/1345/1281 1262/1346/1282 1261/1334/1271 1250/1333/1270
f 1262/1346/1282 1273/1347/1283 1272/1335/1272 1261/1334/1271
f 1273/1347/1283 1284/1348/1284 1283/1336/1273 1272/1335/1272
f 1284/1348/1284 1295/1349/1285 1294/1337/1274 1283/1336/1273
f 1295/1349/1285 1115/1174/1128 1184/1172/1126 1294/1337/1274
f 1094/1206/1158 578/1350/1286 584/1338/1275 1211/1208/1160
f 578/1350/1286 516/1351/1287 522/1339/1276 584/1338/1275
f 516/1351/1287 137/1352/1288 139/1340/1277 522/1339/1276
f 137/1352/1288 115/1353/1289 117/1341/1278 139/1340/1277
f 115/1354/1289 1230/1355/1290 1229/1343/1279 117/1356/1278
f 1230/1355/1290 1241/1357/1291 1240/1344/1280 1229/1343/1279
f 1241/1357/1291 1252/1358/1292 1251/1345/1281 1240/1344/1280
f 1252/1358/1292 1263/1359/1293 1262/1346/1282 1251/1345/1281
f 1263/1359/1293 1274/1360/1294 1273/1347/1283 1262/1346/1282
f 1274/1360/1294 1285/1361/1295 1284/1348/1284 1273/1347/1283
f 1285/1361/1295 1296/1362/1296 1295/1349/1285 1284/1348/1284
f 1296/1362/1296 1187/1176/1130 1115/1174/1128 1295/1349/1285
f 1208/1204/1156 1097/1201/1154 578/1350/1286 1094/1206/1158
f 1097/1201/1154 1205/1200/1152 516/1351/1287 578/1350/1286
f 1205/1200/1152 1100/1363/1150 137/1352/1288 516/1351/1287
f 1100/1363/1150 1202/1364/1148 115/1353/1289 137/1352/1288
f 1202/1194/1148 1103/1192/1146 1230/1355/1290 115/1354/1289
f 1103/1192/1146 1199/1190/1144 1241/1357/1291 1230/1355/1290
f 1199/1190/1144 1106/1188/1142 1252/1358/1292 1241/1357/1291
f 1106/1188/1142 1196/1186/1140 1263/1359/1293 1252/1358/1292
f 1196/1186/1140 1109/1184/1138 1274/1360/1294 1263/1359/1293
f 1109/1184/1138 1193/1182/1136 1285/1361/1295 1274/1360/1294
f 1193/1182/1136 1112/1180/1134 1296/1362/1296 1285/1361/1295
f 1112/1180/1134 1190/1178/1132 1187/1176/1130 1296/1362/1296
