# 3ds Max Wavefront OBJ Exporter v0.97b - (c)2007 guruware
# File Created: 14.03.2020 23:54:05

mtllib tapete.mtl

#
# object Architectural_Model_008_05_Carpet
#

v  -354.3288 -11.9626 10.0000
v  -410.5788 -11.9626 10.0000
v  -410.5788 -67.7438 10.0000
v  -354.3288 -67.7438 10.0000
v  -298.0788 -11.9626 10.0000
v  -298.0788 -67.7438 10.0000
v  -354.3288 43.8187 10.0000
v  -410.5788 43.8187 10.0000
v  -298.0788 43.8187 10.0000
v  -185.5788 -11.9626 10.0000
v  -241.8288 -11.9626 10.0000
v  -241.8288 -67.7438 10.0000
v  -185.5788 -67.7438 10.0000
v  -185.5788 43.8187 10.0000
v  -241.8288 43.8187 10.0000
v  -241.8288 99.5999 10.0000
v  -185.5788 99.5999 10.0000
v  -185.5788 155.3812 10.0000
v  -241.8288 155.3812 10.0000
v  -298.0788 99.5999 10.0000
v  -298.0788 155.3812 10.0000
v  -410.5788 99.5999 10.0000
v  -354.3288 99.5999 10.0000
v  -354.3288 155.3812 10.0000
v  -410.5788 155.3812 10.0000
v  -354.3289 -782.0993 9.7500
v  -410.5789 -782.0993 9.7500
v  -410.5789 -792.6403 9.3750
v  -354.3289 -792.6403 9.3750
v  -298.0789 -782.0993 9.7500
v  -298.0789 -792.6403 9.3750
v  -354.3289 -766.2263 9.9375
v  -410.5789 -766.2263 9.9375
v  -298.0789 -766.2263 9.9375
v  -185.5789 -782.0993 9.7500
v  -241.8289 -782.0993 9.7500
v  -241.8289 -792.6403 9.3750
v  -185.5789 -792.6403 9.3750
v  -185.5789 -766.2263 9.9375
v  -241.8289 -766.2263 9.9375
v  -241.8289 -743.5056 10.0000
v  -185.5789 -743.5056 10.0000
v  -185.5789 -712.4216 10.0000
v  -241.8289 -712.4216 10.0000
v  -298.0789 -743.5056 10.0000
v  -298.0789 -712.4216 10.0000
v  -410.5789 -743.5056 10.0000
v  -354.3289 -743.5056 10.0000
v  -354.3289 -712.4216 10.0000
v  -410.5789 -712.4216 10.0000
v  -354.3289 -671.4587 10.0000
v  -410.5789 -671.4587 10.0000
v  -298.0789 -671.4587 10.0000
v  -354.3289 -623.0866 10.0000
v  -410.5789 -623.0866 10.0000
v  -298.0789 -623.0866 10.0000
v  -185.5789 -671.4587 10.0000
v  -241.8289 -671.4587 10.0000
v  -185.5789 -623.0866 10.0000
v  -241.8289 -623.0866 10.0000
v  -241.8289 -569.7751 10.0000
v  -185.5789 -569.7751 10.0000
v  -185.5789 -513.9938 10.0000
v  -241.8289 -513.9938 10.0000
v  -298.0789 -569.7751 10.0000
v  -298.0789 -513.9938 10.0000
v  -410.5789 -569.7751 10.0000
v  -354.3289 -569.7751 10.0000
v  -354.3289 -513.9938 10.0000
v  -410.5789 -513.9938 10.0000
v  -354.3289 -458.2126 10.0000
v  -410.5789 -458.2126 10.0000
v  -298.0789 -458.2126 10.0000
v  -354.3289 -402.4313 10.0000
v  -410.5789 -402.4313 10.0000
v  -298.0789 -402.4313 10.0000
v  -185.5788 -458.2126 10.0000
v  -241.8289 -458.2126 10.0000
v  -185.5788 -402.4313 10.0000
v  -241.8288 -402.4313 10.0000
v  -241.8288 -346.6501 10.0000
v  -185.5788 -346.6501 10.0000
v  -185.5788 -290.8688 10.0000
v  -241.8288 -290.8688 10.0000
v  -298.0789 -346.6501 10.0000
v  -298.0789 -290.8688 10.0000
v  -410.5789 -346.6501 10.0000
v  -354.3289 -346.6501 10.0000
v  -354.3289 -290.8688 10.0000
v  -410.5789 -290.8688 10.0000
v  -354.3289 -235.0876 10.0000
v  -410.5789 -235.0876 10.0000
v  -298.0789 -235.0876 10.0000
v  -354.3289 -179.3063 10.0000
v  -410.5789 -179.3063 10.0000
v  -298.0788 -179.3063 10.0000
v  -185.5788 -235.0876 10.0000
v  -241.8288 -235.0876 10.0000
v  -185.5788 -179.3063 10.0000
v  -241.8288 -179.3063 10.0000
v  -241.8288 -123.5251 10.0000
v  -185.5788 -123.5251 10.0000
v  -298.0788 -123.5251 10.0000
v  -410.5788 -123.5251 10.0000
v  -354.3288 -123.5251 10.0000
v  -16.8288 869.7366 9.7500
v  39.4212 869.7366 9.7500
v  39.4212 880.2776 9.3750
v  -16.8288 880.2776 9.3750
v  -73.0788 869.7366 9.7500
v  -73.0788 880.2776 9.3750
v  -16.8288 853.8636 9.9375
v  39.4212 853.8636 9.9375
v  -73.0788 853.8636 9.9375
v  -185.5788 869.7366 9.7500
v  -129.3288 869.7366 9.7500
v  -129.3288 880.2776 9.3750
v  -185.5788 880.2776 9.3750
v  -185.5788 853.8636 9.9375
v  -129.3288 853.8636 9.9375
v  -129.3288 831.1429 10.0000
v  -185.5788 831.1429 10.0000
v  -185.5788 800.0589 10.0000
v  -129.3288 800.0589 10.0000
v  -73.0788 831.1429 10.0000
v  -73.0788 800.0589 10.0000
v  39.4212 831.1429 10.0000
v  -16.8288 831.1429 10.0000
v  -16.8288 800.0589 10.0000
v  39.4212 800.0589 10.0000
v  -16.8288 759.0960 10.0000
v  39.4212 759.0960 10.0000
v  -73.0788 759.0960 10.0000
v  -16.8288 710.7239 10.0000
v  39.4212 710.7239 10.0000
v  -73.0788 710.7239 10.0000
v  -185.5788 759.0960 10.0000
v  -129.3288 759.0960 10.0000
v  -185.5788 710.7239 10.0000
v  -129.3288 710.7239 10.0000
v  -129.3288 657.4124 10.0000
v  -185.5788 657.4124 10.0000
v  -185.5788 601.6312 10.0000
v  -129.3288 601.6312 10.0000
v  -73.0788 657.4124 10.0000
v  -73.0788 601.6312 10.0000
v  39.4212 657.4124 10.0000
v  -16.8288 657.4124 10.0000
v  -16.8288 601.6312 10.0000
v  39.4212 601.6312 10.0000
v  -16.8288 545.8499 10.0000
v  39.4212 545.8499 10.0000
v  -73.0788 545.8499 10.0000
v  -16.8288 490.0687 10.0000
v  39.4212 490.0687 10.0000
v  -73.0788 490.0687 10.0000
v  -185.5788 545.8499 10.0000
v  -129.3288 545.8499 10.0000
v  -185.5788 490.0687 10.0000
v  -129.3288 490.0687 10.0000
v  -129.3288 434.2874 10.0000
v  -185.5788 434.2874 10.0000
v  -185.5788 378.5062 10.0000
v  -129.3288 378.5062 10.0000
v  -73.0788 434.2874 10.0000
v  -73.0788 378.5062 10.0000
v  39.4212 434.2874 10.0000
v  -16.8288 434.2874 10.0000
v  -16.8288 378.5062 10.0000
v  39.4212 378.5062 10.0000
v  -16.8288 322.7249 10.0000
v  39.4212 322.7249 10.0000
v  -73.0788 322.7249 10.0000
v  -16.8288 266.9437 10.0000
v  39.4212 266.9437 10.0000
v  -73.0788 266.9437 10.0000
v  -185.5788 322.7249 10.0000
v  -129.3288 322.7249 10.0000
v  -185.5788 266.9437 10.0000
v  -129.3288 266.9437 10.0000
v  -129.3288 211.1624 10.0000
v  -185.5788 211.1624 10.0000
v  -129.3288 155.3812 10.0000
v  -73.0788 211.1624 10.0000
v  -73.0788 155.3812 10.0000
v  39.4212 211.1624 10.0000
v  -16.8288 211.1624 10.0000
v  -16.8288 155.3812 10.0000
v  39.4212 155.3812 10.0000
v  947.5461 -11.9626 10.0000
v  915.3586 -11.9626 10.0000
v  915.3586 -67.7439 10.0000
v  947.5461 -67.7439 10.0000
v  971.4680 -11.9626 9.9375
v  971.4680 -67.7439 9.9375
v  947.5461 43.8186 10.0000
v  915.3586 43.8186 10.0000
v  971.4680 43.8186 9.9375
v  999.9524 -11.9626 9.3750
v  988.4836 -11.9626 9.7500
v  988.4836 -67.7439 9.7500
v  999.9524 -67.7439 9.3750
v  999.9524 43.8186 9.3750
v  988.4836 43.8186 9.7500
v  988.4836 99.5999 9.7500
v  999.9524 99.5999 9.3750
v  999.9524 155.3811 9.3750
v  988.4836 155.3811 9.7500
v  971.4680 99.5999 9.9375
v  971.4680 155.3811 9.9375
v  915.3586 99.5999 10.0000
v  947.5461 99.5999 10.0000
v  947.5461 155.3811 10.0000
v  915.3586 155.3811 10.0000
v  770.6711 -11.9626 10.0000
v  714.4211 -11.9626 10.0000
v  714.4211 -67.7439 10.0000
v  770.6711 -67.7439 10.0000
v  824.5149 -11.9626 10.0000
v  824.5149 -67.7439 10.0000
v  770.6711 43.8186 10.0000
v  714.4211 43.8186 10.0000
v  824.5149 43.8186 10.0000
v  873.5461 -11.9626 10.0000
v  873.5461 -67.7439 10.0000
v  873.5461 43.8186 10.0000
v  873.5461 99.5999 10.0000
v  873.5461 155.3811 10.0000
v  824.5149 99.5999 10.0000
v  824.5149 155.3811 10.0000
v  714.4211 99.5999 10.0000
v  770.6711 99.5999 10.0000
v  770.6711 155.3811 10.0000
v  714.4211 155.3811 10.0000
v  545.6711 -11.9626 10.0000
v  489.4212 -11.9626 10.0000
v  489.4212 -67.7439 10.0000
v  545.6711 -67.7439 10.0000
v  601.9211 -11.9626 10.0000
v  601.9211 -67.7439 10.0000
v  545.6711 43.8186 10.0000
v  489.4212 43.8186 10.0000
v  601.9211 43.8186 10.0000
v  658.1711 -11.9626 10.0000
v  658.1711 -67.7439 10.0000
v  658.1711 43.8186 10.0000
v  658.1711 99.5999 10.0000
v  658.1711 155.3811 10.0000
v  601.9211 99.5999 10.0000
v  601.9211 155.3811 10.0000
v  489.4212 99.5999 10.0000
v  545.6711 99.5999 10.0000
v  545.6711 155.3811 10.0000
v  489.4212 155.3811 10.0000
v  320.6712 -11.9626 10.0000
v  264.4212 -11.9626 10.0000
v  264.4212 -67.7439 10.0000
v  320.6712 -67.7439 10.0000
v  376.9212 -11.9626 10.0000
v  376.9212 -67.7439 10.0000
v  320.6712 43.8186 10.0000
v  264.4212 43.8186 10.0000
v  376.9212 43.8186 10.0000
v  433.1712 -11.9626 10.0000
v  433.1712 -67.7439 10.0000
v  433.1712 43.8186 10.0000
v  433.1712 99.5999 10.0000
v  433.1712 155.3811 10.0000
v  376.9212 99.5999 10.0000
v  376.9212 155.3811 10.0000
v  264.4212 99.5999 10.0000
v  320.6712 99.5999 10.0000
v  320.6712 155.3811 10.0000
v  264.4212 155.3811 10.0000
v  95.6712 -11.9626 10.0000
v  39.4212 -11.9626 10.0000
v  39.4212 -67.7438 10.0000
v  95.6712 -67.7439 10.0000
v  151.9212 -11.9626 10.0000
v  151.9212 -67.7439 10.0000
v  95.6712 43.8187 10.0000
v  39.4212 43.8187 10.0000
v  151.9212 43.8186 10.0000
v  208.1712 -11.9626 10.0000
v  208.1712 -67.7439 10.0000
v  208.1712 43.8186 10.0000
v  208.1712 99.5999 10.0000
v  208.1712 155.3811 10.0000
v  151.9212 99.5999 10.0000
v  151.9212 155.3811 10.0000
v  39.4212 99.5999 10.0000
v  95.6712 99.5999 10.0000
v  95.6712 155.3811 10.0000
v  -129.3288 -11.9626 10.0000
v  -129.3288 -67.7438 10.0000
v  -73.0788 -11.9626 10.0000
v  -73.0788 -67.7438 10.0000
v  -129.3288 43.8187 10.0000
v  -73.0788 43.8187 10.0000
v  -16.8288 -11.9626 10.0000
v  -16.8288 -67.7438 10.0000
v  -16.8288 43.8187 10.0000
v  -16.8288 99.5999 10.0000
v  -73.0788 99.5999 10.0000
v  -129.3288 99.5999 10.0000
v  -1318.7039 99.6000 10.0000
v  -1286.5164 99.6000 10.0000
v  -1286.5164 155.3812 10.0000
v  -1318.7039 155.3812 10.0000
v  -1342.6257 99.6000 9.9375
v  -1342.6257 155.3812 9.9375
v  -1318.7039 43.8187 10.0000
v  -1286.5164 43.8187 10.0000
v  -1342.6257 43.8187 9.9375
v  -1371.1101 99.6000 9.3750
v  -1359.6414 99.6000 9.7500
v  -1359.6414 155.3812 9.7500
v  -1371.1101 155.3812 9.3750
v  -1371.1101 43.8187 9.3750
v  -1359.6414 43.8187 9.7500
v  -1359.6414 -11.9625 9.7500
v  -1371.1101 -11.9625 9.3750
v  -1371.1101 -67.7438 9.3750
v  -1359.6414 -67.7438 9.7500
v  -1342.6257 -11.9625 9.9375
v  -1342.6257 -67.7438 9.9375
v  -1286.5164 -11.9625 10.0000
v  -1318.7039 -11.9625 10.0000
v  -1318.7039 -67.7438 10.0000
v  -1286.5164 -67.7438 10.0000
v  -1141.8289 99.6000 10.0000
v  -1085.5789 99.6000 10.0000
v  -1085.5789 155.3812 10.0000
v  -1141.8289 155.3812 10.0000
v  -1195.6726 99.6000 10.0000
v  -1195.6726 155.3812 10.0000
v  -1141.8289 43.8187 10.0000
v  -1085.5789 43.8187 10.0000
v  -1195.6726 43.8187 10.0000
v  -1244.7039 99.6000 10.0000
v  -1244.7039 155.3812 10.0000
v  -1244.7039 43.8187 10.0000
v  -1244.7039 -11.9625 10.0000
v  -1244.7039 -67.7438 10.0000
v  -1195.6726 -11.9625 10.0000
v  -1195.6726 -67.7438 10.0000
v  -1085.5789 -11.9625 10.0000
v  -1141.8289 -11.9625 10.0000
v  -1141.8289 -67.7438 10.0000
v  -1085.5789 -67.7438 10.0000
v  -916.8289 99.5999 10.0000
v  -860.5789 99.5999 10.0000
v  -860.5789 155.3812 10.0000
v  -916.8289 155.3812 10.0000
v  -973.0789 99.5999 10.0000
v  -973.0789 155.3812 10.0000
v  -916.8289 43.8187 10.0000
v  -860.5789 43.8187 10.0000
v  -973.0789 43.8187 10.0000
v  -1029.3289 99.6000 10.0000
v  -1029.3289 155.3812 10.0000
v  -1029.3289 43.8187 10.0000
v  -1029.3289 -11.9625 10.0000
v  -1029.3289 -67.7438 10.0000
v  -973.0789 -11.9626 10.0000
v  -973.0789 -67.7438 10.0000
v  -860.5789 -11.9626 10.0000
v  -916.8289 -11.9626 10.0000
v  -916.8289 -67.7438 10.0000
v  -860.5789 -67.7438 10.0000
v  -691.8289 99.5999 10.0000
v  -635.5789 99.5999 10.0000
v  -635.5789 155.3812 10.0000
v  -691.8289 155.3812 10.0000
v  -748.0789 99.5999 10.0000
v  -748.0789 155.3812 10.0000
v  -691.8289 43.8187 10.0000
v  -635.5789 43.8187 10.0000
v  -748.0789 43.8187 10.0000
v  -804.3289 99.5999 10.0000
v  -804.3289 155.3812 10.0000
v  -804.3289 43.8187 10.0000
v  -804.3289 -11.9626 10.0000
v  -804.3289 -67.7438 10.0000
v  -748.0789 -11.9626 10.0000
v  -748.0789 -67.7438 10.0000
v  -635.5789 -11.9626 10.0000
v  -691.8289 -11.9626 10.0000
v  -691.8289 -67.7438 10.0000
v  -635.5789 -67.7438 10.0000
v  -466.8288 99.5999 10.0000
v  -466.8288 155.3812 10.0000
v  -523.0789 99.5999 10.0000
v  -523.0789 155.3812 10.0000
v  -466.8288 43.8187 10.0000
v  -523.0789 43.8187 10.0000
v  -579.3289 99.5999 10.0000
v  -579.3289 155.3812 10.0000
v  -579.3289 43.8187 10.0000
v  -579.3289 -11.9626 10.0000
v  -579.3289 -67.7438 10.0000
v  -523.0789 -11.9626 10.0000
v  -523.0789 -67.7438 10.0000
v  -466.8288 -11.9626 10.0000
v  -466.8288 -67.7438 10.0000
v  915.9836 657.4124 0.0000
v  948.7961 657.4124 0.0000
v  948.7961 601.6311 0.0000
v  915.9836 601.6311 0.0000
v  873.7961 657.4124 0.0000
v  873.7961 601.6311 0.0000
v  824.5774 657.4124 0.0000
v  824.5774 601.6311 0.0000
v  714.4211 657.4124 0.0000
v  770.6711 657.4124 0.0000
v  770.6711 601.6311 0.0000
v  714.4211 601.6311 0.0000
v  658.1711 657.4124 0.0000
v  658.1711 601.6311 0.0000
v  948.7961 545.8499 0.0000
v  915.9836 545.8499 0.0000
v  948.7961 490.0686 0.0000
v  915.9836 490.0686 0.0000
v  915.9836 434.2874 0.0000
v  948.7961 434.2874 0.0000
v  948.7961 378.5061 0.0000
v  915.9836 378.5061 0.0000
v  770.6711 545.8499 0.0000
v  714.4211 545.8499 0.0000
v  824.5774 545.8499 0.0000
v  770.6711 490.0686 0.0000
v  714.4211 490.0686 0.0000
v  824.5774 490.0686 0.0000
v  873.7961 545.8499 0.0000
v  873.7961 490.0686 0.0000
v  873.7961 434.2874 0.0000
v  873.7961 378.5061 0.0000
v  824.5774 434.2874 0.0000
v  824.5774 378.5061 0.0000
v  714.4211 434.2874 0.0000
v  770.6711 434.2874 0.0000
v  770.6711 378.5061 0.0000
v  714.4211 378.5061 0.0000
v  658.1711 545.8499 0.0000
v  658.1711 490.0686 0.0000
v  658.1711 434.2874 0.0000
v  658.1711 378.5061 0.0000
v  948.7961 322.7249 0.0000
v  915.9836 322.7249 0.0000
v  770.6711 322.7249 0.0000
v  714.4211 322.7249 0.0000
v  824.5774 322.7249 0.0000
v  873.7961 322.7249 0.0000
v  658.1711 322.7249 0.0000
v  947.5461 -782.0994 9.7500
v  915.3586 -782.0994 9.7500
v  915.3586 -792.6404 9.3750
v  947.5461 -792.6404 9.3750
v  971.4655 -782.0967 9.6927
v  971.4615 -792.6339 9.3255
v  947.5461 -766.2263 9.9375
v  915.3586 -766.2263 9.9375
v  971.4674 -766.2256 9.8763
v  999.9264 -782.0733 9.1771
v  988.4733 -782.0889 9.5208
v  988.4576 -792.6143 9.1771
v  999.8872 -792.5753 8.8802
v  999.9459 -766.2198 9.3255
v  988.4811 -766.2237 9.6927
v  988.4836 -743.5056 9.7500
v  999.9524 -743.5056 9.3750
v  999.9524 -712.4216 9.3750
v  988.4836 -712.4216 9.7500
v  971.4680 -743.5056 9.9375
v  971.4680 -712.4216 9.9375
v  915.3586 -743.5056 10.0000
v  947.5461 -743.5056 10.0000
v  947.5461 -712.4216 10.0000
v  915.3586 -712.4216 10.0000
v  770.6711 -782.0994 9.7500
v  714.4211 -782.0994 9.7500
v  714.4211 -792.6404 9.3750
v  770.6711 -792.6404 9.3750
v  824.5149 -782.0994 9.7500
v  824.5149 -792.6404 9.3750
v  770.6711 -766.2263 9.9375
v  714.4211 -766.2263 9.9375
v  824.5149 -766.2263 9.9375
v  873.5461 -782.0994 9.7500
v  873.5461 -792.6404 9.3750
v  873.5461 -766.2263 9.9375
v  873.5461 -743.5056 10.0000
v  873.5461 -712.4216 10.0000
v  824.5149 -743.5056 10.0000
v  824.5149 -712.4216 10.0000
v  714.4211 -743.5056 10.0000
v  770.6711 -743.5056 10.0000
v  770.6711 -712.4216 10.0000
v  714.4211 -712.4216 10.0000
v  545.6711 -782.0994 9.7500
v  489.4211 -782.0993 9.7500
v  489.4211 -792.6403 9.3750
v  545.6711 -792.6404 9.3750
v  601.9211 -782.0994 9.7500
v  601.9211 -792.6404 9.3750
v  545.6711 -766.2263 9.9375
v  489.4211 -766.2263 9.9375
v  601.9211 -766.2263 9.9375
v  658.1711 -782.0994 9.7500
v  658.1711 -792.6404 9.3750
v  658.1711 -766.2263 9.9375
v  658.1711 -743.5056 10.0000
v  658.1711 -712.4216 10.0000
v  601.9211 -743.5056 10.0000
v  601.9211 -712.4216 10.0000
v  489.4211 -743.5056 10.0000
v  545.6711 -743.5056 10.0000
v  545.6711 -712.4216 10.0000
v  489.4211 -712.4216 10.0000
v  320.6711 -782.0993 9.7500
v  264.4211 -782.0993 9.7500
v  264.4211 -792.6403 9.3750
v  320.6711 -792.6403 9.3750
v  376.9211 -782.0993 9.7500
v  376.9211 -792.6403 9.3750
v  320.6711 -766.2263 9.9375
v  264.4211 -766.2263 9.9375
v  376.9211 -766.2263 9.9375
v  433.1711 -782.0993 9.7500
v  433.1711 -792.6403 9.3750
v  433.1711 -766.2263 9.9375
v  433.1711 -743.5056 10.0000
v  433.1711 -712.4216 10.0000
v  376.9211 -743.5056 10.0000
v  376.9211 -712.4216 10.0000
v  264.4211 -743.5056 10.0000
v  320.6711 -743.5056 10.0000
v  320.6711 -712.4216 10.0000
v  264.4211 -712.4216 10.0000
v  95.6711 -782.0993 9.7500
v  39.4211 -782.0993 9.7500
v  39.4211 -792.6403 9.3750
v  95.6711 -792.6403 9.3750
v  151.9211 -782.0993 9.7500
v  151.9211 -792.6403 9.3750
v  95.6711 -766.2263 9.9375
v  39.4211 -766.2263 9.9375
v  151.9211 -766.2263 9.9375
v  208.1711 -782.0993 9.7500
v  208.1711 -792.6403 9.3750
v  208.1711 -766.2263 9.9375
v  208.1711 -743.5056 10.0000
v  208.1711 -712.4216 10.0000
v  151.9211 -743.5056 10.0000
v  151.9211 -712.4216 10.0000
v  39.4211 -743.5056 10.0000
v  95.6711 -743.5056 10.0000
v  95.6711 -712.4216 10.0000
v  39.4211 -712.4216 10.0000
v  -129.3289 -782.0993 9.7500
v  -129.3289 -792.6403 9.3750
v  -73.0789 -782.0993 9.7500
v  -73.0789 -792.6403 9.3750
v  -129.3289 -766.2263 9.9375
v  -73.0789 -766.2263 9.9375
v  -16.8289 -782.0993 9.7500
v  -16.8289 -792.6403 9.3750
v  -16.8289 -766.2263 9.9375
v  -16.8289 -743.5056 10.0000
v  -16.8289 -712.4216 10.0000
v  -73.0789 -743.5056 10.0000
v  -73.0789 -712.4216 10.0000
v  -129.3289 -743.5056 10.0000
v  -129.3289 -712.4216 10.0000
v  -1318.7039 -743.5055 10.0000
v  -1286.5164 -743.5055 10.0000
v  -1286.5164 -712.4215 10.0000
v  -1318.7039 -712.4215 10.0000
v  -1342.6257 -743.5055 9.9375
v  -1342.6257 -712.4215 9.9375
v  -1318.7039 -766.2262 9.9375
v  -1286.5164 -766.2262 9.9375
v  -1342.6251 -766.2255 9.8763
v  -1371.1101 -743.5055 9.3750
v  -1359.6414 -743.5055 9.7500
v  -1359.6414 -712.4215 9.7500
v  -1371.1101 -712.4215 9.3750
v  -1371.1036 -766.2197 9.3255
v  -1359.6388 -766.2236 9.6927
v  -1359.6310 -782.0888 9.5208
v  -1371.0841 -782.0732 9.1771
v  -1371.0449 -792.5752 8.8802
v  -1359.6154 -792.6142 9.1771
v  -1342.6232 -782.0966 9.6927
v  -1342.6193 -792.6337 9.3255
v  -1286.5164 -782.0992 9.7500
v  -1318.7039 -782.0992 9.7500
v  -1318.7039 -792.6403 9.3750
v  -1286.5164 -792.6403 9.3750
v  -1141.8289 -743.5055 10.0000
v  -1085.5789 -743.5055 10.0000
v  -1085.5789 -712.4215 10.0000
v  -1141.8289 -712.4215 10.0000
v  -1195.6726 -743.5055 10.0000
v  -1195.6726 -712.4215 10.0000
v  -1141.8289 -766.2262 9.9375
v  -1085.5789 -766.2262 9.9375
v  -1195.6726 -766.2262 9.9375
v  -1244.7039 -743.5055 10.0000
v  -1244.7039 -712.4215 10.0000
v  -1244.7039 -766.2262 9.9375
v  -1244.7039 -782.0992 9.7500
v  -1244.7039 -792.6403 9.3750
v  -1195.6726 -782.0992 9.7500
v  -1195.6726 -792.6403 9.3750
v  -1085.5789 -782.0992 9.7500
v  -1141.8289 -782.0992 9.7500
v  -1141.8289 -792.6403 9.3750
v  -1085.5789 -792.6403 9.3750
v  -916.8289 -743.5055 10.0000
v  -860.5789 -743.5056 10.0000
v  -860.5789 -712.4216 10.0000
v  -916.8289 -712.4215 10.0000
v  -973.0789 -743.5055 10.0000
v  -973.0789 -712.4215 10.0000
v  -916.8289 -766.2262 9.9375
v  -860.5789 -766.2263 9.9375
v  -973.0789 -766.2262 9.9375
v  -1029.3289 -743.5055 10.0000
v  -1029.3289 -712.4215 10.0000
v  -1029.3289 -766.2262 9.9375
v  -1029.3289 -782.0992 9.7500
v  -1029.3289 -792.6403 9.3750
v  -973.0789 -782.0992 9.7500
v  -973.0789 -792.6403 9.3750
v  -860.5789 -782.0993 9.7500
v  -916.8289 -782.0992 9.7500
v  -916.8289 -792.6403 9.3750
v  -860.5789 -792.6403 9.3750
v  -691.8289 -743.5056 10.0000
v  -635.5789 -743.5056 10.0000
v  -635.5789 -712.4216 10.0000
v  -691.8289 -712.4216 10.0000
v  -748.0789 -743.5056 10.0000
v  -748.0789 -712.4216 10.0000
v  -691.8289 -766.2263 9.9375
v  -635.5789 -766.2263 9.9375
v  -748.0789 -766.2263 9.9375
v  -804.3289 -743.5056 10.0000
v  -804.3289 -712.4216 10.0000
v  -804.3289 -766.2263 9.9375
v  -804.3289 -782.0993 9.7500
v  -804.3289 -792.6403 9.3750
v  -748.0789 -782.0993 9.7500
v  -748.0789 -792.6403 9.3750
v  -635.5789 -782.0993 9.7500
v  -691.8289 -782.0993 9.7500
v  -691.8289 -792.6403 9.3750
v  -635.5789 -792.6403 9.3750
v  -466.8289 -743.5056 10.0000
v  -466.8289 -712.4216 10.0000
v  -523.0789 -743.5056 10.0000
v  -523.0789 -712.4216 10.0000
v  -466.8289 -766.2263 9.9375
v  -523.0789 -766.2263 9.9375
v  -579.3289 -743.5056 10.0000
v  -579.3289 -712.4216 10.0000
v  -579.3289 -766.2263 9.9375
v  -579.3289 -782.0993 9.7500
v  -579.3289 -792.6403 9.3750
v  -523.0789 -782.0993 9.7500
v  -523.0789 -792.6403 9.3750
v  -466.8289 -782.0993 9.7500
v  -466.8289 -792.6403 9.3750
v  947.5461 -671.4587 10.0000
v  915.3586 -671.4587 10.0000
v  971.4680 -671.4587 9.9375
v  947.5461 -623.0867 10.0000
v  915.3586 -623.0867 10.0000
v  971.4680 -623.0867 9.9375
v  999.9524 -671.4587 9.3750
v  988.4836 -671.4587 9.7500
v  999.9524 -623.0867 9.3750
v  988.4836 -623.0867 9.7500
v  988.4836 -569.7751 9.7500
v  999.9524 -569.7751 9.3750
v  999.9524 -513.9939 9.3750
v  988.4836 -513.9939 9.7500
v  971.4680 -569.7751 9.9375
v  971.4680 -513.9939 9.9375
v  915.3586 -569.7751 10.0000
v  947.5461 -569.7751 10.0000
v  947.5461 -513.9939 10.0000
v  915.3586 -513.9939 10.0000
v  770.6711 -671.4587 10.0000
v  714.4211 -671.4587 10.0000
v  824.5149 -671.4587 10.0000
v  770.6711 -623.0867 10.0000
v  714.4211 -623.0867 10.0000
v  824.5149 -623.0867 10.0000
v  873.5461 -671.4587 10.0000
v  873.5461 -623.0867 10.0000
v  873.5461 -569.7751 10.0000
v  873.5461 -513.9939 10.0000
v  824.5149 -569.7751 10.0000
v  824.5149 -513.9939 10.0000
v  714.4211 -569.7751 10.0000
v  770.6711 -569.7751 10.0000
v  770.6711 -513.9939 10.0000
v  714.4211 -513.9939 10.0000
v  545.6711 -671.4587 10.0000
v  489.4211 -671.4587 10.0000
v  601.9211 -671.4587 10.0000
v  545.6711 -623.0867 10.0000
v  489.4212 -623.0866 10.0000
v  601.9211 -623.0867 10.0000
v  658.1711 -671.4587 10.0000
v  658.1711 -623.0867 10.0000
v  658.1711 -569.7751 10.0000
v  658.1711 -513.9939 10.0000
v  601.9211 -569.7751 10.0000
v  601.9211 -513.9939 10.0000
v  489.4212 -569.7751 10.0000
v  545.6711 -569.7751 10.0000
v  545.6711 -513.9939 10.0000
v  489.4212 -513.9938 10.0000
v  320.6711 -671.4587 10.0000
v  264.4211 -671.4587 10.0000
v  376.9211 -671.4587 10.0000
v  320.6711 -623.0866 10.0000
v  264.4211 -623.0866 10.0000
v  376.9212 -623.0866 10.0000
v  433.1711 -671.4587 10.0000
v  433.1712 -623.0866 10.0000
v  433.1712 -569.7751 10.0000
v  433.1712 -513.9938 10.0000
v  376.9212 -569.7751 10.0000
v  376.9212 -513.9938 10.0000
v  264.4211 -569.7751 10.0000
v  320.6711 -569.7751 10.0000
v  320.6711 -513.9938 10.0000
v  264.4211 -513.9938 10.0000
v  95.6711 -671.4587 10.0000
v  39.4211 -671.4587 10.0000
v  151.9211 -671.4587 10.0000
v  95.6711 -623.0866 10.0000
v  39.4211 -623.0866 10.0000
v  151.9211 -623.0866 10.0000
v  208.1711 -671.4587 10.0000
v  208.1711 -623.0866 10.0000
v  208.1711 -569.7751 10.0000
v  208.1711 -513.9938 10.0000
v  151.9211 -569.7751 10.0000
v  151.9211 -513.9938 10.0000
v  39.4211 -569.7751 10.0000
v  95.6711 -569.7751 10.0000
v  95.6711 -513.9938 10.0000
v  39.4211 -513.9938 10.0000
v  -129.3289 -671.4587 10.0000
v  -73.0789 -671.4587 10.0000
v  -129.3289 -623.0866 10.0000
v  -73.0789 -623.0866 10.0000
v  -16.8289 -671.4587 10.0000
v  -16.8289 -623.0866 10.0000
v  -16.8289 -569.7751 10.0000
v  -16.8289 -513.9938 10.0000
v  -73.0789 -569.7751 10.0000
v  -73.0788 -513.9938 10.0000
v  -129.3289 -569.7751 10.0000
v  -129.3289 -513.9938 10.0000
v  -1318.7039 -569.7750 10.0000
v  -1286.5164 -569.7750 10.0000
v  -1286.5164 -513.9938 10.0000
v  -1318.7039 -513.9938 10.0000
v  -1342.6257 -569.7750 9.9375
v  -1342.6257 -513.9938 9.9375
v  -1318.7039 -623.0865 10.0000
v  -1286.5164 -623.0865 10.0000
v  -1342.6257 -623.0865 9.9375
v  -1371.1101 -569.7750 9.3750
v  -1359.6414 -569.7750 9.7500
v  -1359.6414 -513.9938 9.7500
v  -1371.1101 -513.9938 9.3750
v  -1371.1101 -623.0865 9.3750
v  -1359.6414 -623.0865 9.7500
v  -1359.6414 -671.4586 9.7500
v  -1371.1101 -671.4586 9.3750
v  -1342.6257 -671.4586 9.9375
v  -1286.5164 -671.4586 10.0000
v  -1318.7039 -671.4586 10.0000
v  -1141.8289 -569.7750 10.0000
v  -1085.5789 -569.7750 10.0000
v  -1085.5789 -513.9938 10.0000
v  -1141.8289 -513.9938 10.0000
v  -1195.6726 -569.7750 10.0000
v  -1195.6726 -513.9938 10.0000
v  -1141.8289 -623.0865 10.0000
v  -1085.5789 -623.0865 10.0000
v  -1195.6726 -623.0865 10.0000
v  -1244.7039 -569.7750 10.0000
v  -1244.7039 -513.9938 10.0000
v  -1244.7039 -623.0865 10.0000
v  -1244.7039 -671.4586 10.0000
v  -1195.6726 -671.4586 10.0000
v  -1085.5789 -671.4586 10.0000
v  -1141.8289 -671.4586 10.0000
v  -916.8289 -569.7750 10.0000
v  -860.5789 -569.7751 10.0000
v  -860.5789 -513.9938 10.0000
v  -916.8289 -513.9938 10.0000
v  -973.0789 -569.7750 10.0000
v  -973.0789 -513.9938 10.0000
v  -916.8289 -623.0865 10.0000
v  -860.5789 -623.0866 10.0000
v  -973.0789 -623.0865 10.0000
v  -1029.3289 -569.7750 10.0000
v  -1029.3289 -513.9938 10.0000
v  -1029.3289 -623.0865 10.0000
v  -1029.3289 -671.4586 10.0000
v  -973.0789 -671.4586 10.0000
v  -860.5789 -671.4587 10.0000
v  -916.8289 -671.4586 10.0000
v  -691.8289 -569.7751 10.0000
v  -635.5789 -569.7751 10.0000
v  -635.5789 -513.9938 10.0000
v  -691.8289 -513.9938 10.0000
v  -748.0789 -569.7751 10.0000
v  -748.0789 -513.9938 10.0000
v  -691.8289 -623.0866 10.0000
v  -635.5789 -623.0866 10.0000
v  -748.0789 -623.0866 10.0000
v  -804.3289 -569.7751 10.0000
v  -804.3289 -513.9938 10.0000
v  -804.3289 -623.0866 10.0000
v  -804.3289 -671.4587 10.0000
v  -748.0789 -671.4587 10.0000
v  -635.5789 -671.4587 10.0000
v  -691.8289 -671.4587 10.0000
v  -466.8289 -569.7751 10.0000
v  -466.8289 -513.9938 10.0000
v  -523.0789 -569.7751 10.0000
v  -523.0789 -513.9938 10.0000
v  -466.8289 -623.0866 10.0000
v  -523.0789 -623.0866 10.0000
v  -579.3289 -569.7751 10.0000
v  -579.3289 -513.9938 10.0000
v  -579.3289 -623.0866 10.0000
v  -579.3289 -671.4587 10.0000
v  -523.0789 -671.4587 10.0000
v  -466.8289 -671.4587 10.0000
v  947.5461 -458.2126 10.0000
v  915.3586 -458.2126 10.0000
v  971.4680 -458.2126 9.9375
v  947.5461 -402.4314 10.0000
v  915.3586 -402.4314 10.0000
v  971.4680 -402.4314 9.9375
v  999.9524 -458.2126 9.3750
v  988.4836 -458.2126 9.7500
v  999.9524 -402.4314 9.3750
v  988.4836 -402.4314 9.7500
v  988.4836 -346.6501 9.7500
v  999.9524 -346.6501 9.3750
v  999.9524 -290.8689 9.3750
v  988.4836 -290.8689 9.7500
v  971.4680 -346.6501 9.9375
v  971.4680 -290.8689 9.9375
v  915.3586 -346.6501 10.0000
v  947.5461 -346.6501 10.0000
v  947.5461 -290.8689 10.0000
v  915.3586 -290.8689 10.0000
v  770.6711 -458.2126 10.0000
v  714.4211 -458.2126 10.0000
v  824.5149 -458.2126 10.0000
v  770.6711 -402.4314 10.0000
v  714.4211 -402.4314 10.0000
v  824.5149 -402.4314 10.0000
v  873.5461 -458.2126 10.0000
v  873.5461 -402.4314 10.0000
v  873.5461 -346.6501 10.0000
v  873.5461 -290.8689 10.0000
v  824.5149 -346.6501 10.0000
v  824.5149 -290.8689 10.0000
v  714.4211 -346.6501 10.0000
v  770.6711 -346.6501 10.0000
v  770.6711 -290.8689 10.0000
v  714.4211 -290.8689 10.0000
v  545.6711 -458.2126 10.0000
v  489.4212 -458.2126 10.0000
v  601.9211 -458.2126 10.0000
v  545.6711 -402.4314 10.0000
v  489.4212 -402.4314 10.0000
v  601.9211 -402.4314 10.0000
v  658.1711 -458.2126 10.0000
v  658.1711 -402.4314 10.0000
v  658.1711 -346.6501 10.0000
v  658.1711 -290.8689 10.0000
v  601.9211 -346.6501 10.0000
v  601.9211 -290.8689 10.0000
v  489.4212 -346.6501 10.0000
v  545.6711 -346.6501 10.0000
v  545.6711 -290.8689 10.0000
v  489.4212 -290.8689 10.0000
v  320.6711 -458.2126 10.0000
v  264.4211 -458.2126 10.0000
v  376.9212 -458.2126 10.0000
v  320.6711 -402.4314 10.0000
v  264.4211 -402.4314 10.0000
v  376.9212 -402.4314 10.0000
v  433.1712 -458.2126 10.0000
v  433.1712 -402.4314 10.0000
v  433.1712 -346.6501 10.0000
v  433.1712 -290.8689 10.0000
v  376.9212 -346.6501 10.0000
v  376.9212 -290.8689 10.0000
v  264.4211 -346.6501 10.0000
v  320.6711 -346.6501 10.0000
v  320.6712 -290.8689 10.0000
v  264.4212 -290.8689 10.0000
v  95.6711 -458.2126 10.0000
v  39.4212 -458.2126 10.0000
v  151.9211 -458.2126 10.0000
v  95.6711 -402.4313 10.0000
v  39.4212 -402.4313 10.0000
v  151.9211 -402.4313 10.0000
v  208.1711 -458.2126 10.0000
v  208.1711 -402.4314 10.0000
v  208.1711 -346.6501 10.0000
v  208.1712 -290.8689 10.0000
v  151.9211 -346.6501 10.0000
v  151.9212 -290.8688 10.0000
v  39.4212 -346.6501 10.0000
v  95.6711 -346.6501 10.0000
v  95.6712 -290.8688 10.0000
v  39.4212 -290.8688 10.0000
v  -129.3289 -458.2126 10.0000
v  -73.0788 -458.2126 10.0000
v  -129.3288 -402.4313 10.0000
v  -73.0788 -402.4313 10.0000
v  -16.8288 -458.2126 10.0000
v  -16.8288 -402.4313 10.0000
v  -16.8288 -346.6501 10.0000
v  -16.8288 -290.8688 10.0000
v  -73.0788 -346.6501 10.0000
v  -73.0788 -290.8688 10.0000
v  -129.3288 -346.6501 10.0000
v  -129.3288 -290.8688 10.0000
v  -1318.7039 -346.6500 10.0000
v  -1286.5164 -346.6500 10.0000
v  -1286.5164 -290.8688 10.0000
v  -1318.7039 -290.8688 10.0000
v  -1342.6257 -346.6500 9.9375
v  -1342.6257 -290.8688 9.9375
v  -1318.7039 -402.4313 10.0000
v  -1286.5164 -402.4313 10.0000
v  -1342.6257 -402.4313 9.9375
v  -1371.1101 -346.6500 9.3750
v  -1359.6414 -346.6500 9.7500
v  -1359.6414 -290.8688 9.7500
v  -1371.1101 -290.8688 9.3750
v  -1371.1101 -402.4313 9.3750
v  -1359.6414 -402.4313 9.7500
v  -1359.6414 -458.2125 9.7500
v  -1371.1101 -458.2125 9.3750
v  -1342.6257 -458.2125 9.9375
v  -1286.5164 -458.2125 10.0000
v  -1318.7039 -458.2125 10.0000
v  -1141.8289 -346.6501 10.0000
v  -1085.5789 -346.6501 10.0000
v  -1085.5789 -290.8688 10.0000
v  -1141.8289 -290.8688 10.0000
v  -1195.6726 -346.6501 10.0000
v  -1195.6726 -290.8688 10.0000
v  -1141.8289 -402.4313 10.0000
v  -1085.5789 -402.4313 10.0000
v  -1195.6726 -402.4313 10.0000
v  -1244.7039 -346.6500 10.0000
v  -1244.7039 -290.8688 10.0000
v  -1244.7039 -402.4313 10.0000
v  -1244.7039 -458.2125 10.0000
v  -1195.6726 -458.2126 10.0000
v  -1085.5789 -458.2126 10.0000
v  -1141.8289 -458.2126 10.0000
v  -916.8289 -346.6501 10.0000
v  -860.5789 -346.6501 10.0000
v  -860.5789 -290.8688 10.0000
v  -916.8289 -290.8688 10.0000
v  -973.0789 -346.6501 10.0000
v  -973.0789 -290.8688 10.0000
v  -916.8289 -402.4313 10.0000
v  -860.5789 -402.4313 10.0000
v  -973.0789 -402.4313 10.0000
v  -1029.3289 -346.6501 10.0000
v  -1029.3289 -290.8688 10.0000
v  -1029.3289 -402.4313 10.0000
v  -1029.3289 -458.2126 10.0000
v  -973.0789 -458.2126 10.0000
v  -860.5789 -458.2126 10.0000
v  -916.8289 -458.2126 10.0000
v  -691.8289 -346.6501 10.0000
v  -635.5789 -346.6501 10.0000
v  -635.5789 -290.8688 10.0000
v  -691.8289 -290.8688 10.0000
v  -748.0789 -346.6501 10.0000
v  -748.0789 -290.8688 10.0000
v  -691.8289 -402.4313 10.0000
v  -635.5789 -402.4313 10.0000
v  -748.0789 -402.4313 10.0000
v  -804.3289 -346.6501 10.0000
v  -804.3289 -290.8688 10.0000
v  -804.3289 -402.4313 10.0000
v  -804.3289 -458.2126 10.0000
v  -748.0789 -458.2126 10.0000
v  -635.5789 -458.2126 10.0000
v  -691.8289 -458.2126 10.0000
v  -466.8289 -346.6501 10.0000
v  -466.8288 -290.8688 10.0000
v  -523.0789 -346.6501 10.0000
v  -523.0789 -290.8688 10.0000
v  -466.8289 -402.4313 10.0000
v  -523.0789 -402.4313 10.0000
v  -579.3289 -346.6501 10.0000
v  -579.3289 -290.8688 10.0000
v  -579.3289 -402.4313 10.0000
v  -579.3289 -458.2126 10.0000
v  -523.0789 -458.2126 10.0000
v  -466.8289 -458.2126 10.0000
v  947.5461 -235.0876 10.0000
v  915.3586 -235.0876 10.0000
v  971.4680 -235.0876 9.9375
v  947.5461 -179.3064 10.0000
v  915.3586 -179.3064 10.0000
v  971.4680 -179.3064 9.9375
v  999.9524 -235.0876 9.3750
v  988.4836 -235.0876 9.7500
v  999.9524 -179.3064 9.3750
v  988.4836 -179.3064 9.7500
v  988.4836 -123.5251 9.7500
v  999.9524 -123.5251 9.3750
v  971.4680 -123.5251 9.9375
v  915.3586 -123.5251 10.0000
v  947.5461 -123.5251 10.0000
v  770.6711 -235.0876 10.0000
v  714.4211 -235.0876 10.0000
v  824.5149 -235.0876 10.0000
v  770.6711 -179.3064 10.0000
v  714.4211 -179.3064 10.0000
v  824.5149 -179.3064 10.0000
v  873.5461 -235.0876 10.0000
v  873.5461 -179.3064 10.0000
v  873.5461 -123.5251 10.0000
v  824.5149 -123.5251 10.0000
v  714.4211 -123.5251 10.0000
v  770.6711 -123.5251 10.0000
v  545.6711 -235.0876 10.0000
v  489.4212 -235.0876 10.0000
v  601.9211 -235.0876 10.0000
v  545.6711 -179.3064 10.0000
v  489.4212 -179.3064 10.0000
v  601.9211 -179.3064 10.0000
v  658.1711 -235.0876 10.0000
v  658.1711 -179.3064 10.0000
v  658.1711 -123.5251 10.0000
v  601.9211 -123.5251 10.0000
v  489.4212 -123.5251 10.0000
v  545.6711 -123.5251 10.0000
v  320.6712 -235.0876 10.0000
v  264.4212 -235.0876 10.0000
v  376.9212 -235.0876 10.0000
v  320.6712 -179.3064 10.0000
v  264.4212 -179.3064 10.0000
v  376.9212 -179.3064 10.0000
v  433.1712 -235.0876 10.0000
v  433.1712 -179.3064 10.0000
v  433.1712 -123.5251 10.0000
v  376.9212 -123.5251 10.0000
v  264.4212 -123.5251 10.0000
v  320.6712 -123.5251 10.0000
v  95.6712 -235.0876 10.0000
v  39.4212 -235.0876 10.0000
v  151.9212 -235.0876 10.0000
v  95.6712 -179.3064 10.0000
v  39.4212 -179.3064 10.0000
v  151.9212 -179.3064 10.0000
v  208.1712 -235.0876 10.0000
v  208.1712 -179.3064 10.0000
v  208.1712 -123.5251 10.0000
v  151.9212 -123.5251 10.0000
v  39.4212 -123.5251 10.0000
v  95.6712 -123.5251 10.0000
v  -129.3288 -235.0876 10.0000
v  -73.0788 -235.0876 10.0000
v  -129.3288 -179.3063 10.0000
v  -73.0788 -179.3063 10.0000
v  -16.8288 -235.0876 10.0000
v  -16.8288 -179.3063 10.0000
v  -16.8288 -123.5251 10.0000
v  -73.0788 -123.5251 10.0000
v  -129.3288 -123.5251 10.0000
v  -1318.7039 -123.5250 10.0000
v  -1286.5164 -123.5250 10.0000
v  -1342.6257 -123.5250 9.9375
v  -1318.7039 -179.3063 10.0000
v  -1286.5164 -179.3063 10.0000
v  -1342.6257 -179.3063 9.9375
v  -1371.1101 -123.5250 9.3750
v  -1359.6414 -123.5250 9.7500
v  -1371.1101 -179.3063 9.3750
v  -1359.6414 -179.3063 9.7500
v  -1359.6414 -235.0875 9.7500
v  -1371.1101 -235.0875 9.3750
v  -1342.6257 -235.0875 9.9375
v  -1286.5164 -235.0875 10.0000
v  -1318.7039 -235.0875 10.0000
v  -1141.8289 -123.5250 10.0000
v  -1085.5789 -123.5250 10.0000
v  -1195.6726 -123.5250 10.0000
v  -1141.8289 -179.3063 10.0000
v  -1085.5789 -179.3063 10.0000
v  -1195.6726 -179.3063 10.0000
v  -1244.7039 -123.5250 10.0000
v  -1244.7039 -179.3063 10.0000
v  -1244.7039 -235.0875 10.0000
v  -1195.6726 -235.0876 10.0000
v  -1085.5789 -235.0876 10.0000
v  -1141.8289 -235.0876 10.0000
v  -916.8289 -123.5251 10.0000
v  -860.5789 -123.5251 10.0000
v  -973.0789 -123.5251 10.0000
v  -916.8289 -179.3063 10.0000
v  -860.5789 -179.3063 10.0000
v  -973.0789 -179.3063 10.0000
v  -1029.3289 -123.5251 10.0000
v  -1029.3289 -179.3063 10.0000
v  -1029.3289 -235.0876 10.0000
v  -973.0789 -235.0876 10.0000
v  -860.5789 -235.0876 10.0000
v  -916.8289 -235.0876 10.0000
v  -691.8289 -123.5251 10.0000
v  -635.5789 -123.5251 10.0000
v  -748.0789 -123.5251 10.0000
v  -691.8289 -179.3063 10.0000
v  -635.5789 -179.3063 10.0000
v  -748.0789 -179.3063 10.0000
v  -804.3289 -123.5251 10.0000
v  -804.3289 -179.3063 10.0000
v  -804.3289 -235.0876 10.0000
v  -748.0789 -235.0876 10.0000
v  -635.5789 -235.0876 10.0000
v  -691.8289 -235.0876 10.0000
v  -466.8288 -123.5251 10.0000
v  -523.0789 -123.5251 10.0000
v  -466.8288 -179.3063 10.0000
v  -523.0789 -179.3063 10.0000
v  -579.3289 -123.5251 10.0000
v  -579.3289 -179.3063 10.0000
v  -579.3289 -235.0876 10.0000
v  -523.0789 -235.0876 10.0000
v  -466.8288 -235.0876 10.0000
v  -1318.7039 869.7367 9.7500
v  -1286.5164 869.7367 9.7500
v  -1286.5164 880.2777 9.3750
v  -1318.7039 880.2777 9.3750
v  -1342.6232 869.7341 9.6927
v  -1342.6193 880.2712 9.3255
v  -1318.7039 853.8636 9.9375
v  -1286.5164 853.8636 9.9375
v  -1342.6251 853.8630 9.8763
v  -1371.0841 869.7106 9.1771
v  -1359.6310 869.7263 9.5208
v  -1359.6154 880.2516 9.1771
v  -1371.0449 880.2126 8.8802
v  -1371.1036 853.8571 9.3255
v  -1359.6388 853.8610 9.6927
v  -1359.6414 831.1429 9.7500
v  -1371.1101 831.1429 9.3750
v  -1371.1101 800.0590 9.3750
v  -1359.6414 800.0590 9.7500
v  -1342.6257 831.1429 9.9375
v  -1342.6257 800.0590 9.9375
v  -1286.5164 831.1429 10.0000
v  -1318.7039 831.1429 10.0000
v  -1318.7039 800.0590 10.0000
v  -1286.5164 800.0590 10.0000
v  -1141.8287 869.7367 9.7500
v  -1085.5787 869.7367 9.7500
v  -1085.5787 880.2777 9.3750
v  -1141.8287 880.2777 9.3750
v  -1195.6725 869.7367 9.7500
v  -1195.6725 880.2777 9.3750
v  -1141.8287 853.8636 9.9375
v  -1085.5787 853.8636 9.9375
v  -1195.6725 853.8636 9.9375
v  -1244.7039 869.7367 9.7500
v  -1244.7039 880.2777 9.3750
v  -1244.7039 853.8636 9.9375
v  -1244.7039 831.1429 10.0000
v  -1244.7039 800.0590 10.0000
v  -1195.6725 831.1429 10.0000
v  -1195.6725 800.0590 10.0000
v  -1085.5787 831.1429 10.0000
v  -1141.8287 831.1429 10.0000
v  -1141.8287 800.0590 10.0000
v  -1085.5787 800.0590 10.0000
v  -916.8287 869.7367 9.7500
v  -860.5787 869.7366 9.7500
v  -860.5787 880.2776 9.3750
v  -916.8287 880.2777 9.3750
v  -973.0787 869.7367 9.7500
v  -973.0787 880.2777 9.3750
v  -916.8287 853.8636 9.9375
v  -860.5787 853.8636 9.9375
v  -973.0787 853.8636 9.9375
v  -1029.3287 869.7367 9.7500
v  -1029.3287 880.2777 9.3750
v  -1029.3287 853.8636 9.9375
v  -1029.3287 831.1429 10.0000
v  -1029.3287 800.0590 10.0000
v  -973.0787 831.1429 10.0000
v  -973.0787 800.0590 10.0000
v  -860.5787 831.1429 10.0000
v  -916.8287 831.1429 10.0000
v  -916.8287 800.0590 10.0000
v  -860.5787 800.0589 10.0000
v  -691.8288 869.7366 9.7500
v  -635.5788 869.7366 9.7500
v  -635.5788 880.2776 9.3750
v  -691.8288 880.2776 9.3750
v  -748.0787 869.7366 9.7500
v  -748.0787 880.2776 9.3750
v  -691.8288 853.8636 9.9375
v  -635.5788 853.8636 9.9375
v  -748.0787 853.8636 9.9375
v  -804.3287 869.7366 9.7500
v  -804.3287 880.2776 9.3750
v  -804.3287 853.8636 9.9375
v  -804.3287 831.1429 10.0000
v  -804.3287 800.0589 10.0000
v  -748.0787 831.1429 10.0000
v  -748.0787 800.0589 10.0000
v  -635.5788 831.1429 10.0000
v  -691.8288 831.1429 10.0000
v  -691.8288 800.0589 10.0000
v  -635.5788 800.0589 10.0000
v  -466.8288 869.7366 9.7500
v  -410.5788 869.7366 9.7500
v  -410.5788 880.2776 9.3750
v  -466.8288 880.2776 9.3750
v  -523.0788 869.7366 9.7500
v  -523.0788 880.2776 9.3750
v  -466.8288 853.8636 9.9375
v  -410.5788 853.8636 9.9375
v  -523.0788 853.8636 9.9375
v  -579.3288 869.7366 9.7500
v  -579.3288 880.2776 9.3750
v  -579.3288 853.8636 9.9375
v  -579.3288 831.1429 10.0000
v  -579.3288 800.0589 10.0000
v  -523.0788 831.1429 10.0000
v  -523.0788 800.0589 10.0000
v  -410.5788 831.1429 10.0000
v  -466.8288 831.1429 10.0000
v  -466.8288 800.0589 10.0000
v  -410.5788 800.0589 10.0000
v  -241.8288 869.7366 9.7500
v  -241.8288 880.2776 9.3750
v  -298.0788 869.7366 9.7500
v  -298.0788 880.2776 9.3750
v  -241.8288 853.8636 9.9375
v  -298.0788 853.8636 9.9375
v  -354.3288 869.7366 9.7500
v  -354.3288 880.2776 9.3750
v  -354.3288 853.8636 9.9375
v  -354.3288 831.1429 10.0000
v  -354.3288 800.0589 10.0000
v  -298.0788 831.1429 10.0000
v  -298.0788 800.0589 10.0000
v  -241.8288 831.1429 10.0000
v  -241.8288 800.0589 10.0000
v  947.5461 831.1428 10.0000
v  915.3586 831.1428 10.0000
v  915.3586 800.0588 10.0000
v  947.5461 800.0588 10.0000
v  971.4680 831.1428 9.9375
v  971.4680 800.0588 9.9375
v  947.5461 853.8635 9.9375
v  915.3586 853.8635 9.9375
v  971.4674 853.8629 9.8763
v  999.9524 831.1428 9.3750
v  988.4836 831.1428 9.7500
v  988.4836 800.0588 9.7500
v  999.9524 800.0588 9.3750
v  999.9459 853.8570 9.3255
v  988.4811 853.8609 9.6927
v  988.4733 869.7261 9.5208
v  999.9264 869.7105 9.1771
v  999.8872 880.2125 8.8802
v  988.4576 880.2515 9.1771
v  971.4655 869.7339 9.6927
v  971.4615 880.2711 9.3255
v  915.3586 869.7366 9.7500
v  947.5461 869.7366 9.7500
v  947.5461 880.2776 9.3750
v  915.3586 880.2776 9.3750
v  770.6713 831.1428 10.0000
v  714.4213 831.1428 10.0000
v  714.4213 800.0588 10.0000
v  770.6713 800.0588 10.0000
v  824.5150 831.1428 10.0000
v  824.5150 800.0588 10.0000
v  770.6713 853.8635 9.9375
v  714.4213 853.8635 9.9375
v  824.5150 853.8635 9.9375
v  873.5461 831.1428 10.0000
v  873.5461 800.0588 10.0000
v  873.5461 853.8635 9.9375
v  873.5461 869.7366 9.7500
v  873.5461 880.2776 9.3750
v  824.5150 869.7366 9.7500
v  824.5150 880.2776 9.3750
v  714.4213 869.7366 9.7500
v  770.6713 869.7366 9.7500
v  770.6713 880.2776 9.3750
v  714.4213 880.2776 9.3750
v  545.6713 831.1428 10.0000
v  489.4212 831.1429 10.0000
v  489.4212 800.0589 10.0000
v  545.6713 800.0588 10.0000
v  601.9213 831.1428 10.0000
v  601.9213 800.0588 10.0000
v  545.6713 853.8635 9.9375
v  489.4212 853.8636 9.9375
v  601.9213 853.8635 9.9375
v  658.1713 831.1428 10.0000
v  658.1713 800.0588 10.0000
v  658.1713 853.8635 9.9375
v  658.1713 869.7366 9.7500
v  658.1713 880.2776 9.3750
v  601.9213 869.7366 9.7500
v  601.9213 880.2776 9.3750
v  489.4212 869.7366 9.7500
v  545.6713 869.7366 9.7500
v  545.6713 880.2776 9.3750
v  489.4212 880.2776 9.3750
v  320.6712 831.1429 10.0000
v  264.4212 831.1429 10.0000
v  264.4212 800.0589 10.0000
v  320.6712 800.0589 10.0000
v  376.9212 831.1429 10.0000
v  376.9212 800.0589 10.0000
v  320.6712 853.8636 9.9375
v  264.4212 853.8636 9.9375
v  376.9212 853.8636 9.9375
v  433.1712 831.1429 10.0000
v  433.1712 800.0589 10.0000
v  433.1712 853.8636 9.9375
v  433.1712 869.7366 9.7500
v  433.1712 880.2776 9.3750
v  376.9212 869.7366 9.7500
v  376.9212 880.2776 9.3750
v  264.4212 869.7366 9.7500
v  320.6712 869.7366 9.7500
v  320.6712 880.2776 9.3750
v  264.4212 880.2776 9.3750
v  95.6712 831.1429 10.0000
v  95.6712 800.0589 10.0000
v  151.9212 831.1429 10.0000
v  151.9212 800.0589 10.0000
v  95.6712 853.8636 9.9375
v  151.9212 853.8636 9.9375
v  208.1712 831.1429 10.0000
v  208.1712 800.0589 10.0000
v  208.1712 853.8636 9.9375
v  208.1712 869.7366 9.7500
v  208.1712 880.2776 9.3750
v  151.9212 869.7366 9.7500
v  151.9212 880.2776 9.3750
v  95.6712 869.7366 9.7500
v  95.6712 880.2776 9.3750
v  -1318.7039 759.0961 10.0000
v  -1286.5164 759.0961 10.0000
v  -1342.6257 759.0961 9.9375
v  -1318.7039 710.7240 10.0000
v  -1286.5164 710.7240 10.0000
v  -1342.6257 710.7240 9.9375
v  -1371.1101 759.0961 9.3750
v  -1359.6414 759.0961 9.7500
v  -1371.1101 710.7240 9.3750
v  -1359.6414 710.7240 9.7500
v  -1359.6414 657.4125 9.7500
v  -1371.1101 657.4125 9.3750
v  -1371.1101 601.6312 9.3750
v  -1359.6414 601.6312 9.7500
v  -1342.6257 657.4125 9.9375
v  -1342.6257 601.6312 9.9375
v  -1286.5164 657.4125 10.0000
v  -1318.7039 657.4125 10.0000
v  -1318.7039 601.6312 10.0000
v  -1286.5164 601.6312 10.0000
v  -1141.8287 759.0961 10.0000
v  -1085.5787 759.0961 10.0000
v  -1195.6725 759.0961 10.0000
v  -1141.8289 710.7240 10.0000
v  -1085.5789 710.7240 10.0000
v  -1195.6726 710.7240 10.0000
v  -1244.7039 759.0961 10.0000
v  -1244.7039 710.7240 10.0000
v  -1244.7039 657.4125 10.0000
v  -1244.7039 601.6312 10.0000
v  -1195.6726 657.4125 10.0000
v  -1195.6726 601.6312 10.0000
v  -1085.5789 657.4125 10.0000
v  -1141.8289 657.4125 10.0000
v  -1141.8289 601.6312 10.0000
v  -1085.5789 601.6312 10.0000
v  -916.8287 759.0961 10.0000
v  -860.5787 759.0960 10.0000
v  -973.0787 759.0961 10.0000
v  -916.8289 710.7240 10.0000
v  -860.5789 710.7239 10.0000
v  -973.0789 710.7240 10.0000
v  -1029.3287 759.0961 10.0000
v  -1029.3289 710.7240 10.0000
v  -1029.3289 657.4125 10.0000
v  -1029.3289 601.6312 10.0000
v  -973.0789 657.4125 10.0000
v  -973.0789 601.6312 10.0000
v  -860.5789 657.4124 10.0000
v  -916.8289 657.4125 10.0000
v  -916.8289 601.6312 10.0000
v  -860.5789 601.6312 10.0000
v  -691.8288 759.0960 10.0000
v  -635.5788 759.0960 10.0000
v  -748.0787 759.0960 10.0000
v  -691.8288 710.7239 10.0000
v  -635.5788 710.7239 10.0000
v  -748.0789 710.7239 10.0000
v  -804.3287 759.0960 10.0000
v  -804.3289 710.7239 10.0000
v  -804.3289 657.4124 10.0000
v  -804.3289 601.6312 10.0000
v  -748.0789 657.4124 10.0000
v  -748.0789 601.6312 10.0000
v  -635.5788 657.4124 10.0000
v  -691.8288 657.4124 10.0000
v  -691.8288 601.6312 10.0000
v  -635.5788 601.6312 10.0000
v  -466.8288 759.0960 10.0000
v  -410.5788 759.0960 10.0000
v  -523.0788 759.0960 10.0000
v  -466.8288 710.7239 10.0000
v  -410.5788 710.7239 10.0000
v  -523.0788 710.7239 10.0000
v  -579.3288 759.0960 10.0000
v  -579.3288 710.7239 10.0000
v  -579.3288 657.4124 10.0000
v  -579.3288 601.6312 10.0000
v  -523.0788 657.4124 10.0000
v  -523.0788 601.6312 10.0000
v  -410.5788 657.4124 10.0000
v  -466.8288 657.4124 10.0000
v  -466.8288 601.6312 10.0000
v  -410.5788 601.6312 10.0000
v  -241.8288 759.0960 10.0000
v  -298.0788 759.0960 10.0000
v  -241.8288 710.7239 10.0000
v  -298.0788 710.7239 10.0000
v  -354.3288 759.0960 10.0000
v  -354.3288 710.7239 10.0000
v  -354.3288 657.4124 10.0000
v  -354.3288 601.6312 10.0000
v  -298.0788 657.4124 10.0000
v  -298.0788 601.6312 10.0000
v  -241.8288 657.4124 10.0000
v  -241.8288 601.6312 10.0000
v  947.5461 657.4124 10.0000
v  915.3586 657.4124 10.0000
v  915.3586 601.6311 10.0000
v  947.5461 601.6311 10.0000
v  971.4680 657.4124 9.9375
v  971.4680 601.6311 9.9375
v  947.5461 710.7239 10.0000
v  915.3586 710.7239 10.0000
v  971.4680 710.7239 9.9375
v  999.9524 657.4124 9.3750
v  988.4836 657.4124 9.7500
v  988.4836 601.6311 9.7500
v  999.9524 601.6311 9.3750
v  999.9524 710.7239 9.3750
v  988.4836 710.7239 9.7500
v  988.4836 759.0959 9.7500
v  999.9524 759.0959 9.3750
v  971.4680 759.0959 9.9375
v  915.3586 759.0959 10.0000
v  947.5461 759.0959 10.0000
v  770.6711 657.4124 10.0000
v  714.4211 657.4124 10.0000
v  714.4211 601.6311 10.0000
v  770.6711 601.6311 10.0000
v  824.5149 657.4124 10.0000
v  824.5149 601.6311 10.0000
v  770.6711 710.7239 10.0000
v  714.4211 710.7239 10.0000
v  824.5149 710.7239 10.0000
v  873.5461 657.4124 10.0000
v  873.5461 601.6311 10.0000
v  873.5461 710.7239 10.0000
v  873.5461 759.0959 10.0000
v  824.5150 759.0959 10.0000
v  714.4213 759.0959 10.0000
v  770.6713 759.0959 10.0000
v  545.6711 657.4124 10.0000
v  489.4212 657.4124 10.0000
v  489.4212 601.6312 10.0000
v  545.6711 601.6311 10.0000
v  601.9211 657.4124 10.0000
v  601.9211 601.6311 10.0000
v  545.6711 710.7239 10.0000
v  489.4212 710.7239 10.0000
v  601.9211 710.7239 10.0000
v  658.1711 657.4124 10.0000
v  658.1711 601.6311 10.0000
v  658.1711 710.7239 10.0000
v  658.1713 759.0959 10.0000
v  601.9213 759.0959 10.0000
v  489.4212 759.0960 10.0000
v  545.6713 759.0959 10.0000
v  320.6712 657.4124 10.0000
v  264.4212 657.4124 10.0000
v  264.4212 601.6312 10.0000
v  320.6712 601.6312 10.0000
v  376.9212 657.4124 10.0000
v  376.9212 601.6312 10.0000
v  320.6712 710.7239 10.0000
v  264.4212 710.7239 10.0000
v  376.9212 710.7239 10.0000
v  433.1712 657.4124 10.0000
v  433.1712 601.6312 10.0000
v  433.1712 710.7239 10.0000
v  433.1712 759.0960 10.0000
v  376.9212 759.0960 10.0000
v  264.4212 759.0960 10.0000
v  320.6712 759.0960 10.0000
v  95.6712 657.4124 10.0000
v  95.6712 601.6312 10.0000
v  151.9212 657.4124 10.0000
v  151.9212 601.6312 10.0000
v  95.6712 710.7239 10.0000
v  151.9212 710.7239 10.0000
v  208.1712 657.4124 10.0000
v  208.1712 601.6312 10.0000
v  208.1712 710.7239 10.0000
v  208.1712 759.0960 10.0000
v  151.9212 759.0960 10.0000
v  95.6712 759.0960 10.0000
v  -1318.7039 545.8500 10.0000
v  -1286.5164 545.8500 10.0000
v  -1342.6257 545.8500 9.9375
v  -1318.7039 490.0687 10.0000
v  -1286.5164 490.0687 10.0000
v  -1342.6257 490.0687 9.9375
v  -1371.1101 545.8500 9.3750
v  -1359.6414 545.8500 9.7500
v  -1371.1101 490.0687 9.3750
v  -1359.6414 490.0687 9.7500
v  -1359.6414 434.2875 9.7500
v  -1371.1101 434.2875 9.3750
v  -1371.1101 378.5062 9.3750
v  -1359.6414 378.5062 9.7500
v  -1342.6257 434.2875 9.9375
v  -1342.6257 378.5062 9.9375
v  -1286.5164 434.2875 10.0000
v  -1318.7039 434.2875 10.0000
v  -1318.7039 378.5062 10.0000
v  -1286.5164 378.5062 10.0000
v  -1141.8289 545.8500 10.0000
v  -1085.5789 545.8500 10.0000
v  -1195.6726 545.8500 10.0000
v  -1141.8289 490.0687 10.0000
v  -1085.5789 490.0687 10.0000
v  -1195.6726 490.0687 10.0000
v  -1244.7039 545.8500 10.0000
v  -1244.7039 490.0687 10.0000
v  -1244.7039 434.2875 10.0000
v  -1244.7039 378.5062 10.0000
v  -1195.6726 434.2874 10.0000
v  -1195.6726 378.5062 10.0000
v  -1085.5789 434.2874 10.0000
v  -1141.8289 434.2874 10.0000
v  -1141.8289 378.5062 10.0000
v  -1085.5789 378.5062 10.0000
v  -916.8289 545.8500 10.0000
v  -860.5789 545.8500 10.0000
v  -973.0789 545.8500 10.0000
v  -916.8289 490.0687 10.0000
v  -860.5789 490.0687 10.0000
v  -973.0789 490.0687 10.0000
v  -1029.3289 545.8500 10.0000
v  -1029.3289 490.0687 10.0000
v  -1029.3289 434.2874 10.0000
v  -1029.3289 378.5062 10.0000
v  -973.0789 434.2874 10.0000
v  -973.0789 378.5062 10.0000
v  -860.5789 434.2874 10.0000
v  -916.8289 434.2874 10.0000
v  -916.8289 378.5062 10.0000
v  -860.5789 378.5062 10.0000
v  -691.8288 545.8500 10.0000
v  -635.5788 545.8500 10.0000
v  -748.0789 545.8500 10.0000
v  -691.8288 490.0687 10.0000
v  -635.5788 490.0687 10.0000
v  -748.0789 490.0687 10.0000
v  -804.3289 545.8500 10.0000
v  -804.3289 490.0687 10.0000
v  -804.3289 434.2874 10.0000
v  -804.3289 378.5062 10.0000
v  -748.0789 434.2874 10.0000
v  -748.0789 378.5062 10.0000
v  -635.5788 434.2874 10.0000
v  -691.8288 434.2874 10.0000
v  -691.8289 378.5062 10.0000
v  -635.5789 378.5062 10.0000
v  -466.8288 545.8499 10.0000
v  -410.5788 545.8499 10.0000
v  -523.0788 545.8499 10.0000
v  -466.8288 490.0687 10.0000
v  -410.5788 490.0687 10.0000
v  -523.0788 490.0687 10.0000
v  -579.3288 545.8500 10.0000
v  -579.3288 490.0687 10.0000
v  -579.3288 434.2874 10.0000
v  -579.3289 378.5062 10.0000
v  -523.0788 434.2874 10.0000
v  -523.0789 378.5062 10.0000
v  -410.5788 434.2874 10.0000
v  -466.8288 434.2874 10.0000
v  -466.8288 378.5062 10.0000
v  -410.5788 378.5062 10.0000
v  -241.8288 545.8499 10.0000
v  -298.0788 545.8499 10.0000
v  -241.8288 490.0687 10.0000
v  -298.0788 490.0687 10.0000
v  -354.3288 545.8499 10.0000
v  -354.3288 490.0687 10.0000
v  -354.3288 434.2874 10.0000
v  -354.3288 378.5062 10.0000
v  -298.0788 434.2874 10.0000
v  -298.0788 378.5062 10.0000
v  -241.8288 434.2874 10.0000
v  -241.8288 378.5062 10.0000
v  947.5461 434.2874 10.0000
v  915.3586 434.2874 10.0000
v  915.3586 378.5061 10.0000
v  947.5461 378.5061 10.0000
v  971.4680 434.2874 9.9375
v  971.4680 378.5061 9.9375
v  947.5461 490.0686 10.0000
v  915.3586 490.0686 10.0000
v  971.4680 490.0686 9.9375
v  999.9524 434.2874 9.3750
v  988.4836 434.2874 9.7500
v  988.4836 378.5061 9.7500
v  999.9524 378.5061 9.3750
v  999.9524 490.0686 9.3750
v  988.4836 490.0686 9.7500
v  988.4836 545.8499 9.7500
v  999.9524 545.8499 9.3750
v  971.4680 545.8499 9.9375
v  915.3586 545.8499 10.0000
v  947.5461 545.8499 10.0000
v  770.6711 434.2874 10.0000
v  714.4211 434.2874 10.0000
v  714.4211 378.5061 10.0000
v  770.6711 378.5061 10.0000
v  824.5149 434.2874 10.0000
v  824.5149 378.5061 10.0000
v  770.6711 490.0686 10.0000
v  714.4211 490.0686 10.0000
v  824.5149 490.0686 10.0000
v  873.5461 434.2874 10.0000
v  873.5461 378.5061 10.0000
v  873.5461 490.0686 10.0000
v  873.5461 545.8499 10.0000
v  824.5149 545.8499 10.0000
v  714.4211 545.8499 10.0000
v  770.6711 545.8499 10.0000
v  545.6711 434.2874 10.0000
v  489.4212 434.2874 10.0000
v  489.4212 378.5061 10.0000
v  545.6711 378.5061 10.0000
v  601.9211 434.2874 10.0000
v  601.9211 378.5061 10.0000
v  545.6711 490.0686 10.0000
v  489.4212 490.0686 10.0000
v  601.9211 490.0686 10.0000
v  658.1711 434.2874 10.0000
v  658.1711 378.5061 10.0000
v  658.1711 490.0686 10.0000
v  658.1711 545.8499 10.0000
v  601.9211 545.8499 10.0000
v  489.4212 545.8499 10.0000
v  545.6711 545.8499 10.0000
v  320.6712 434.2874 10.0000
v  264.4212 434.2874 10.0000
v  264.4212 378.5061 10.0000
v  320.6712 378.5061 10.0000
v  376.9212 434.2874 10.0000
v  376.9212 378.5061 10.0000
v  320.6712 490.0686 10.0000
v  264.4212 490.0686 10.0000
v  376.9212 490.0686 10.0000
v  433.1712 434.2874 10.0000
v  433.1712 378.5061 10.0000
v  433.1712 490.0686 10.0000
v  433.1712 545.8499 10.0000
v  376.9212 545.8499 10.0000
v  264.4212 545.8499 10.0000
v  320.6712 545.8499 10.0000
v  95.6712 434.2874 10.0000
v  95.6712 378.5062 10.0000
v  151.9212 434.2874 10.0000
v  151.9212 378.5062 10.0000
v  95.6712 490.0687 10.0000
v  151.9212 490.0687 10.0000
v  208.1712 434.2874 10.0000
v  208.1712 378.5061 10.0000
v  208.1712 490.0686 10.0000
v  208.1712 545.8499 10.0000
v  151.9212 545.8499 10.0000
v  95.6712 545.8499 10.0000
v  -1318.7039 322.7250 10.0000
v  -1286.5164 322.7250 10.0000
v  -1342.6257 322.7250 9.9375
v  -1318.7039 266.9437 10.0000
v  -1286.5164 266.9437 10.0000
v  -1342.6257 266.9437 9.9375
v  -1371.1101 322.7250 9.3750
v  -1359.6414 322.7250 9.7500
v  -1371.1101 266.9437 9.3750
v  -1359.6414 266.9437 9.7500
v  -1359.6414 211.1625 9.7500
v  -1371.1101 211.1625 9.3750
v  -1342.6257 211.1625 9.9375
v  -1286.5164 211.1625 10.0000
v  -1318.7039 211.1625 10.0000
v  -1141.8289 322.7249 10.0000
v  -1085.5789 322.7249 10.0000
v  -1195.6726 322.7249 10.0000
v  -1141.8289 266.9437 10.0000
v  -1085.5789 266.9437 10.0000
v  -1195.6726 266.9437 10.0000
v  -1244.7039 322.7250 10.0000
v  -1244.7039 266.9437 10.0000
v  -1244.7039 211.1625 10.0000
v  -1195.6726 211.1625 10.0000
v  -1085.5789 211.1625 10.0000
v  -1141.8289 211.1625 10.0000
v  -916.8289 322.7249 10.0000
v  -860.5789 322.7249 10.0000
v  -973.0789 322.7249 10.0000
v  -916.8289 266.9437 10.0000
v  -860.5789 266.9437 10.0000
v  -973.0789 266.9437 10.0000
v  -1029.3289 322.7249 10.0000
v  -1029.3289 266.9437 10.0000
v  -1029.3289 211.1624 10.0000
v  -973.0789 211.1624 10.0000
v  -860.5789 211.1624 10.0000
v  -916.8289 211.1624 10.0000
v  -691.8289 322.7249 10.0000
v  -635.5789 322.7249 10.0000
v  -748.0789 322.7249 10.0000
v  -691.8289 266.9437 10.0000
v  -635.5789 266.9437 10.0000
v  -748.0789 266.9437 10.0000
v  -804.3289 322.7249 10.0000
v  -804.3289 266.9437 10.0000
v  -804.3289 211.1624 10.0000
v  -748.0789 211.1624 10.0000
v  -635.5789 211.1624 10.0000
v  -691.8289 211.1624 10.0000
v  -466.8288 322.7249 10.0000
v  -410.5788 322.7249 10.0000
v  -523.0789 322.7249 10.0000
v  -466.8288 266.9437 10.0000
v  -410.5788 266.9437 10.0000
v  -523.0789 266.9437 10.0000
v  -579.3289 322.7249 10.0000
v  -579.3289 266.9437 10.0000
v  -579.3289 211.1624 10.0000
v  -523.0789 211.1624 10.0000
v  -410.5788 211.1624 10.0000
v  -466.8288 211.1624 10.0000
v  -241.8288 322.7249 10.0000
v  -298.0788 322.7249 10.0000
v  -241.8288 266.9437 10.0000
v  -298.0788 266.9437 10.0000
v  -354.3288 322.7249 10.0000
v  -354.3288 266.9437 10.0000
v  -354.3288 211.1624 10.0000
v  -298.0788 211.1624 10.0000
v  -241.8288 211.1624 10.0000
v  947.5461 211.1624 10.0000
v  915.3586 211.1624 10.0000
v  971.4680 211.1624 9.9375
v  947.5461 266.9436 10.0000
v  915.3586 266.9436 10.0000
v  971.4680 266.9436 9.9375
v  999.9524 211.1624 9.3750
v  988.4836 211.1624 9.7500
v  999.9524 266.9436 9.3750
v  988.4836 266.9436 9.7500
v  988.4836 322.7249 9.7500
v  999.9524 322.7249 9.3750
v  971.4680 322.7249 9.9375
v  915.3586 322.7249 10.0000
v  947.5461 322.7249 10.0000
v  770.6711 211.1624 10.0000
v  714.4211 211.1624 10.0000
v  824.5149 211.1624 10.0000
v  770.6711 266.9436 10.0000
v  714.4211 266.9436 10.0000
v  824.5149 266.9436 10.0000
v  873.5461 211.1624 10.0000
v  873.5461 266.9436 10.0000
v  873.5461 322.7249 10.0000
v  824.5149 322.7249 10.0000
v  714.4211 322.7249 10.0000
v  770.6711 322.7249 10.0000
v  545.6711 211.1624 10.0000
v  489.4212 211.1624 10.0000
v  601.9211 211.1624 10.0000
v  545.6711 266.9436 10.0000
v  489.4212 266.9436 10.0000
v  601.9211 266.9436 10.0000
v  658.1711 211.1624 10.0000
v  658.1711 266.9436 10.0000
v  658.1711 322.7249 10.0000
v  601.9211 322.7249 10.0000
v  489.4212 322.7249 10.0000
v  545.6711 322.7249 10.0000
v  320.6712 211.1624 10.0000
v  264.4212 211.1624 10.0000
v  376.9212 211.1624 10.0000
v  320.6712 266.9437 10.0000
v  264.4212 266.9437 10.0000
v  376.9212 266.9436 10.0000
v  433.1712 211.1624 10.0000
v  433.1712 266.9436 10.0000
v  433.1712 322.7249 10.0000
v  376.9212 322.7249 10.0000
v  264.4212 322.7249 10.0000
v  320.6712 322.7249 10.0000
v  95.6712 211.1624 10.0000
v  151.9212 211.1624 10.0000
v  95.6712 266.9437 10.0000
v  151.9212 266.9437 10.0000
v  208.1712 211.1624 10.0000
v  208.1712 266.9437 10.0000
v  208.1712 322.7249 10.0000
v  151.9212 322.7249 10.0000
v  95.6712 322.7249 10.0000
v  -1370.9800 886.8721 8.3854
v  -1378.1310 886.7419 8.0208
v  -1378.2612 880.1475 8.3854
v  -1378.2612 -792.5101 8.3854
v  -1378.1310 -799.1045 8.0208
v  -1370.9800 -799.2347 8.3854
v  1007.1035 880.1474 8.3854
v  1006.9733 886.7418 8.0208
v  999.8223 886.8720 8.3854
v  999.8223 -799.2348 8.3854
v  1006.9733 -799.1046 8.0208
v  1007.1035 -792.5102 8.3854
v  -1378.3394 869.6846 8.6042
v  -1378.3784 853.8506 8.7135
v  -1378.3914 831.1429 8.7500
v  -1378.3914 800.0590 8.7500
v  -1359.5894 -799.3127 8.6042
v  -1342.6128 -799.3518 8.7135
v  -1318.7039 -799.3649 8.7500
v  -1286.5164 -799.3649 8.7500
v  1007.1816 -782.0472 8.6042
v  1007.2207 -766.2133 8.7135
v  1007.2336 -743.5056 8.7500
v  1007.2336 -712.4216 8.7500
v  988.4316 886.9501 8.6042
v  971.4551 886.9891 8.7135
v  947.5461 887.0022 8.7500
v  915.3586 887.0022 8.7500
v  -1378.3914 759.0961 8.7500
v  -1378.3914 710.7240 8.7500
v  -1378.3914 657.4125 8.7500
v  -1378.3914 601.6312 8.7500
v  -1378.3914 545.8500 8.7500
v  -1378.3914 490.0687 8.7500
v  -1378.3914 434.2875 8.7500
v  -1378.3914 378.5062 8.7500
v  -1378.3914 322.7250 8.7500
v  -1378.3914 266.9437 8.7500
v  -1378.3914 211.1625 8.7500
v  -1378.3914 155.3812 8.7500
v  -1378.3914 99.6000 8.7500
v  -1378.3914 43.8187 8.7500
v  -1378.3914 -11.9625 8.7500
v  -1378.3914 -67.7438 8.7500
v  -1378.3914 -123.5250 8.7500
v  -1378.3914 -179.3063 8.7500
v  -1378.3914 -235.0875 8.7500
v  -1378.3914 -290.8688 8.7500
v  -1378.3914 -346.6500 8.7500
v  -1378.3914 -402.4313 8.7500
v  -1378.3914 -458.2125 8.7500
v  -1378.3914 -513.9938 8.7500
v  -1378.3914 -569.7750 8.7500
v  -1378.3914 -623.0865 8.7500
v  -1378.3914 -671.4586 8.7500
v  -1378.3914 -712.4215 8.7500
v  -1378.3914 -743.5055 8.7500
v  -1378.3784 -766.2132 8.7135
v  -1378.3394 -782.0472 8.6042
v  1007.2336 -671.4587 8.7500
v  1007.2336 -623.0867 8.7500
v  1007.2336 -569.7751 8.7500
v  1007.2336 -513.9939 8.7500
v  1007.2336 -458.2126 8.7500
v  1007.2336 -402.4314 8.7500
v  1007.2336 -346.6501 8.7500
v  1007.2336 -290.8689 8.7500
v  1007.2336 -235.0876 8.7500
v  1007.2336 -179.3064 8.7500
v  1007.2336 -123.5251 8.7500
v  1007.2336 -67.7439 8.7500
v  1007.2336 -11.9626 8.7500
v  1007.2336 43.8186 8.7500
v  1007.2336 99.5999 8.7500
v  1007.2336 155.3811 8.7500
v  1007.2336 211.1624 8.7500
v  1007.2336 266.9436 8.7500
v  1007.2336 322.7249 8.7500
v  1007.2336 378.5061 8.7500
v  1007.2336 434.2874 8.7500
v  1007.2336 490.0686 8.7500
v  1007.2336 545.8499 8.7500
v  1007.2336 601.6311 8.7500
v  1007.2336 657.4124 8.7500
v  1007.2336 710.7239 8.7500
v  1007.2336 759.0959 8.7500
v  1007.2336 800.0588 8.7500
v  1007.2336 831.1428 8.7500
v  1007.2207 853.8505 8.7135
v  1007.1816 869.6845 8.6042
v  -1244.7039 -799.3649 8.7500
v  -1195.6726 -799.3649 8.7500
v  -1141.8289 -799.3649 8.7500
v  -1085.5789 -799.3649 8.7500
v  -1029.3289 -799.3649 8.7500
v  -973.0789 -799.3649 8.7500
v  -916.8289 -799.3649 8.7500
v  -860.5789 -799.3649 8.7500
v  -804.3289 -799.3649 8.7500
v  -748.0789 -799.3649 8.7500
v  -691.8289 -799.3649 8.7500
v  -635.5789 -799.3649 8.7500
v  -579.3289 -799.3649 8.7500
v  -523.0789 -799.3649 8.7500
v  -466.8289 -799.3649 8.7500
v  -410.5789 -799.3649 8.7500
v  -354.3289 -799.3649 8.7500
v  -298.0789 -799.3649 8.7500
v  -241.8289 -799.3649 8.7500
v  -185.5789 -799.3649 8.7500
v  -129.3289 -799.3649 8.7500
v  -73.0789 -799.3649 8.7500
v  -16.8289 -799.3649 8.7500
v  39.4211 -799.3649 8.7500
v  95.6711 -799.3649 8.7500
v  151.9211 -799.3649 8.7500
v  208.1711 -799.3649 8.7500
v  264.4211 -799.3649 8.7500
v  320.6711 -799.3649 8.7500
v  376.9211 -799.3649 8.7500
v  433.1711 -799.3649 8.7500
v  489.4211 -799.3649 8.7500
v  545.6711 -799.3650 8.7500
v  601.9211 -799.3650 8.7500
v  658.1711 -799.3650 8.7500
v  714.4211 -799.3650 8.7500
v  770.6711 -799.3650 8.7500
v  824.5149 -799.3650 8.7500
v  873.5461 -799.3650 8.7500
v  915.3586 -799.3650 8.7500
v  947.5461 -799.3650 8.7500
v  971.4551 -799.3520 8.7135
v  988.4316 -799.3129 8.6042
v  873.5461 887.0022 8.7500
v  824.5150 887.0022 8.7500
v  770.6713 887.0022 8.7500
v  714.4213 887.0022 8.7500
v  658.1713 887.0022 8.7500
v  601.9213 887.0022 8.7500
v  545.6713 887.0022 8.7500
v  489.4212 887.0023 8.7500
v  433.1712 887.0023 8.7500
v  376.9212 887.0023 8.7500
v  320.6712 887.0023 8.7500
v  264.4212 887.0023 8.7500
v  208.1712 887.0023 8.7500
v  151.9212 887.0023 8.7500
v  95.6712 887.0023 8.7500
v  39.4212 887.0023 8.7500
v  -16.8288 887.0023 8.7500
v  -73.0788 887.0023 8.7500
v  -129.3288 887.0023 8.7500
v  -185.5788 887.0023 8.7500
v  -241.8288 887.0023 8.7500
v  -298.0788 887.0023 8.7500
v  -354.3288 887.0023 8.7500
v  -410.5788 887.0023 8.7500
v  -466.8288 887.0023 8.7500
v  -523.0788 887.0023 8.7500
v  -579.3288 887.0023 8.7500
v  -635.5788 887.0023 8.7500
v  -691.8288 887.0023 8.7500
v  -748.0787 887.0023 8.7500
v  -804.3287 887.0023 8.7500
v  -860.5787 887.0023 8.7500
v  -916.8287 887.0023 8.7500
v  -973.0787 887.0023 8.7500
v  -1029.3287 887.0023 8.7500
v  -1085.5787 887.0023 8.7500
v  -1141.8287 887.0023 8.7500
v  -1195.6725 887.0023 8.7500
v  -1244.7039 887.0023 8.7500
v  -1286.5164 887.0023 8.7500
v  -1318.7039 887.0023 8.7500
v  -1342.6128 886.9893 8.7135
v  -1359.5894 886.9503 8.6042
# 2038 vertices

vn 0.0000 0.0000 1.0000
vn -0.0237 0.0000 0.9997
vn -0.0641 0.0000 0.9979
vn -0.0073 0.0000 1.0000
vn -0.0014 0.0000 1.0000
vn 0.0237 -0.0000 0.9997
vn 0.0641 -0.0000 0.9979
vn 0.0073 -0.0000 1.0000
vn 0.0014 -0.0000 1.0000
vn -0.0000 -0.0013 1.0000
vn -0.0000 -0.0068 1.0000
vn -0.0000 -0.0591 0.9983
vn -0.0000 -0.0219 0.9998
vn 0.0000 0.0013 1.0000
vn 0.0000 0.0068 1.0000
vn 0.0000 0.0591 0.9983
vn 0.0000 0.0219 0.9998
vn 0.0000 0.0000 -1.0000
vn -0.0237 -0.0012 0.9997
vn -0.0639 -0.0010 0.9980
vn -0.0232 -0.0063 0.9997
vn -0.0623 -0.0052 0.9980
vn -0.0073 -0.0013 1.0000
vn -0.0071 -0.0067 1.0000
vn -0.0190 -0.0543 0.9983
vn -0.0217 -0.0201 0.9996
vn -0.0576 -0.0169 0.9982
vn -0.0504 -0.0485 0.9976
vn -0.0059 -0.0578 0.9983
vn -0.0067 -0.0214 0.9997
vn -0.0013 -0.0218 0.9998
vn -0.0012 -0.0591 0.9983
vn -0.0014 -0.0068 1.0000
vn -0.0014 -0.0013 1.0000
vn -0.0014 0.0013 1.0000
vn -0.0013 0.0068 1.0000
vn -0.0073 0.0013 1.0000
vn -0.0071 0.0066 1.0000
vn -0.0010 0.0590 0.9983
vn -0.0012 0.0218 0.9998
vn -0.0054 0.0576 0.9983
vn -0.0065 0.0212 0.9998
vn -0.0213 0.0196 0.9996
vn -0.0181 0.0536 0.9984
vn -0.0529 0.0469 0.9975
vn -0.0595 0.0173 0.9981
vn -0.0230 0.0061 0.9997
vn -0.0629 0.0054 0.9980
vn -0.0236 0.0011 0.9997
vn -0.0641 0.0010 0.9979
vn 0.0237 0.0012 0.9997
vn 0.0639 0.0010 0.9980
vn 0.0232 0.0063 0.9997
vn 0.0623 0.0052 0.9980
vn 0.0073 0.0013 1.0000
vn 0.0071 0.0067 1.0000
vn 0.0190 0.0543 0.9983
vn 0.0217 0.0201 0.9996
vn 0.0576 0.0169 0.9982
vn 0.0504 0.0485 0.9976
vn 0.0059 0.0578 0.9983
vn 0.0067 0.0214 0.9997
vn 0.0013 0.0218 0.9998
vn 0.0012 0.0591 0.9983
vn 0.0014 0.0068 1.0000
vn 0.0014 0.0013 1.0000
vn 0.0014 -0.0013 1.0000
vn 0.0013 -0.0068 1.0000
vn 0.0073 -0.0013 1.0000
vn 0.0071 -0.0066 1.0000
vn 0.0010 -0.0590 0.9983
vn 0.0012 -0.0218 0.9998
vn 0.0054 -0.0576 0.9983
vn 0.0065 -0.0212 0.9998
vn 0.0213 -0.0196 0.9996
vn 0.0181 -0.0536 0.9984
vn 0.0529 -0.0469 0.9975
vn 0.0595 -0.0173 0.9981
vn 0.0230 -0.0061 0.9997
vn 0.0629 -0.0054 0.9980
vn 0.0236 -0.0011 0.9997
vn 0.0641 -0.0010 0.9979
vn 0.0721 0.0422 0.9965
vn 0.0561 0.0519 0.9971
vn 0.0429 0.0644 0.9970
vn -0.0451 0.0664 0.9968
vn -0.0561 0.0519 0.9971
vn -0.0702 0.0400 0.9967
vn 0.0451 -0.0664 0.9968
vn 0.0561 -0.0519 0.9971
vn 0.0702 -0.0400 0.9967
vn -0.0721 -0.0422 0.9965
vn -0.0561 -0.0519 0.9971
vn -0.0429 -0.0644 0.9970
vn 0.0164 0.0768 0.9969
vn 0.0052 0.0831 0.9965
vn 0.0010 0.0854 0.9964
vn 0.0000 0.0855 0.9963
vn -0.0834 0.0153 0.9964
vn -0.0901 0.0049 0.9959
vn -0.0924 0.0010 0.9957
vn -0.0925 0.0000 0.9957
vn -0.0164 -0.0768 0.9969
vn -0.0052 -0.0831 0.9965
vn -0.0010 -0.0854 0.9964
vn -0.0000 -0.0855 0.9963
vn 0.0834 -0.0153 0.9964
vn 0.0901 -0.0049 0.9959
vn 0.0924 -0.0010 0.9957
vn 0.0925 -0.0000 0.9957
vn -0.0008 0.0855 0.9963
vn -0.0046 0.0840 0.9965
vn -0.0151 0.0795 0.9967
vn 0.0008 -0.0855 0.9963
vn 0.0046 -0.0840 0.9965
vn 0.0151 -0.0795 0.9967
vn -0.0925 -0.0008 0.9957
vn -0.0909 -0.0043 0.9959
vn -0.0859 -0.0140 0.9962
vn 0.0925 0.0008 0.9957
vn 0.0909 0.0043 0.9959
vn 0.0859 0.0140 0.9962
# 122 vertex normals

vt 0.6859 -0.0625 0.5167
vt 0.6859 -0.2500 0.5167
vt 0.8719 -0.2500 0.5167
vt 0.8719 -0.0625 0.5167
vt 0.6859 0.1250 0.5167
vt 0.8719 0.1250 0.5167
vt 0.5000 -0.0625 0.5167
vt 0.5000 -0.2500 0.5167
vt 0.5000 0.1250 0.5167
vt 0.6859 0.5000 0.5167
vt 0.6859 0.3125 0.5167
vt 0.8719 0.3125 0.5167
vt 0.8719 0.5000 0.5167
vt 0.5000 0.5000 0.5167
vt 0.5000 0.3125 0.5167
vt 0.3141 0.3125 0.5167
vt 0.3141 0.5000 0.5167
vt 0.1281 0.5000 0.5167
vt 0.1281 0.3125 0.5167
vt 0.3141 0.1250 0.5167
vt 0.1281 0.1250 0.5167
vt 0.3141 -0.2500 0.5167
vt 0.3141 -0.0625 0.5167
vt 0.1281 -0.0625 0.5167
vt 0.1281 -0.2500 0.5167
vt 3.2531 -0.0625 0.5158
vt 3.2531 -0.2500 0.5158
vt 3.2882 -0.2500 0.5146
vt 3.2882 -0.0625 0.5146
vt 3.2531 0.1250 0.5158
vt 3.2882 0.1250 0.5146
vt 3.2001 -0.0625 0.5165
vt 3.2001 -0.2500 0.5165
vt 3.2001 0.1250 0.5165
vt 3.2531 0.5000 0.5158
vt 3.2531 0.3125 0.5158
vt 3.2882 0.3125 0.5146
vt 3.2882 0.5000 0.5146
vt 3.2001 0.5000 0.5165
vt 3.2001 0.3125 0.5165
vt 3.1244 0.3125 0.5167
vt 3.1244 0.5000 0.5167
vt 3.0208 0.5000 0.5167
vt 3.0208 0.3125 0.5167
vt 3.1244 0.1250 0.5167
vt 3.0208 0.1250 0.5167
vt 3.1244 -0.2500 0.5167
vt 3.1244 -0.0625 0.5167
vt 3.0208 -0.0625 0.5167
vt 3.0208 -0.2500 0.5167
vt 2.8843 -0.0625 0.5167
vt 2.8843 -0.2500 0.5167
vt 2.8843 0.1250 0.5167
vt 2.7230 -0.0625 0.5167
vt 2.7230 -0.2500 0.5167
vt 2.7230 0.1250 0.5167
vt 2.8843 0.5000 0.5167
vt 2.8843 0.3125 0.5167
vt 2.7230 0.5000 0.5167
vt 2.7230 0.3125 0.5167
vt 2.5453 0.3125 0.5167
vt 2.5453 0.5000 0.5167
vt 2.3594 0.5000 0.5167
vt 2.3594 0.3125 0.5167
vt 2.5453 0.1250 0.5167
vt 2.3594 0.1250 0.5167
vt 2.5453 -0.2500 0.5167
vt 2.5453 -0.0625 0.5167
vt 2.3594 -0.0625 0.5167
vt 2.3594 -0.2500 0.5167
vt 2.1734 -0.0625 0.5167
vt 2.1734 -0.2500 0.5167
vt 2.1734 0.1250 0.5167
vt 1.9875 -0.0625 0.5167
vt 1.9875 -0.2500 0.5167
vt 1.9875 0.1250 0.5167
vt 2.1734 0.5000 0.5167
vt 2.1734 0.3125 0.5167
vt 1.9875 0.5000 0.5167
vt 1.9875 0.3125 0.5167
vt 1.8016 0.3125 0.5167
vt 1.8016 0.5000 0.5167
vt 1.6156 0.5000 0.5167
vt 1.6156 0.3125 0.5167
vt 1.8016 0.1250 0.5167
vt 1.6156 0.1250 0.5167
vt 1.8016 -0.2500 0.5167
vt 1.8016 -0.0625 0.5167
vt 1.6156 -0.0625 0.5167
vt 1.6156 -0.2500 0.5167
vt 1.4297 -0.0625 0.5167
vt 1.4297 -0.2500 0.5167
vt 1.4297 0.1250 0.5167
vt 1.2437 -0.0625 0.5167
vt 1.2437 -0.2500 0.5167
vt 1.2437 0.1250 0.5167
vt 1.4297 0.5000 0.5167
vt 1.4297 0.3125 0.5167
vt 1.2437 0.5000 0.5167
vt 1.2437 0.3125 0.5167
vt 1.0578 0.3125 0.5167
vt 1.0578 0.5000 0.5167
vt 1.0578 0.1250 0.5167
vt 1.0578 -0.2500 0.5167
vt 1.0578 -0.0625 0.5167
vt -2.2531 1.0625 0.5158
vt -2.2531 1.2500 0.5158
vt -2.2882 1.2500 0.5146
vt -2.2882 1.0625 0.5146
vt -2.2531 0.8750 0.5158
vt -2.2882 0.8750 0.5146
vt -2.2001 1.0625 0.5165
vt -2.2001 1.2500 0.5165
vt -2.2001 0.8750 0.5165
vt -2.2531 0.5000 0.5158
vt -2.2531 0.6875 0.5158
vt -2.2882 0.6875 0.5146
vt -2.2882 0.5000 0.5146
vt -2.2001 0.5000 0.5165
vt -2.2001 0.6875 0.5165
vt -2.1244 0.6875 0.5167
vt -2.1244 0.5000 0.5167
vt -2.0208 0.5000 0.5167
vt -2.0208 0.6875 0.5167
vt -2.1244 0.8750 0.5167
vt -2.0208 0.8750 0.5167
vt -2.1244 1.2500 0.5167
vt -2.1244 1.0625 0.5167
vt -2.0208 1.0625 0.5167
vt -2.0208 1.2500 0.5167
vt -1.8843 1.0625 0.5167
vt -1.8843 1.2500 0.5167
vt -1.8843 0.8750 0.5167
vt -1.7230 1.0625 0.5167
vt -1.7230 1.2500 0.5167
vt -1.7230 0.8750 0.5167
vt -1.8843 0.5000 0.5167
vt -1.8843 0.6875 0.5167
vt -1.7230 0.5000 0.5167
vt -1.7230 0.6875 0.5167
vt -1.5453 0.6875 0.5167
vt -1.5453 0.5000 0.5167
vt -1.3594 0.5000 0.5167
vt -1.3594 0.6875 0.5167
vt -1.5453 0.8750 0.5167
vt -1.3594 0.8750 0.5167
vt -1.5453 1.2500 0.5167
vt -1.5453 1.0625 0.5167
vt -1.3594 1.0625 0.5167
vt -1.3594 1.2500 0.5167
vt -1.1734 1.0625 0.5167
vt -1.1734 1.2500 0.5167
vt -1.1734 0.8750 0.5167
vt -0.9875 1.0625 0.5167
vt -0.9875 1.2500 0.5167
vt -0.9875 0.8750 0.5167
vt -1.1734 0.5000 0.5167
vt -1.1734 0.6875 0.5167
vt -0.9875 0.5000 0.5167
vt -0.9875 0.6875 0.5167
vt -0.8016 0.6875 0.5167
vt -0.8016 0.5000 0.5167
vt -0.6156 0.5000 0.5167
vt -0.6156 0.6875 0.5167
vt -0.8016 0.8750 0.5167
vt -0.6156 0.8750 0.5167
vt -0.8016 1.2500 0.5167
vt -0.8016 1.0625 0.5167
vt -0.6156 1.0625 0.5167
vt -0.6156 1.2500 0.5167
vt -0.4297 1.0625 0.5167
vt -0.4297 1.2500 0.5167
vt -0.4297 0.8750 0.5167
vt -0.2437 1.0625 0.5167
vt -0.2437 1.2500 0.5167
vt -0.2437 0.8750 0.5167
vt -0.4297 0.5000 0.5167
vt -0.4297 0.6875 0.5167
vt -0.2437 0.5000 0.5167
vt -0.2437 0.6875 0.5167
vt -0.0578 0.6875 0.5167
vt -0.0578 0.5000 0.5167
vt 0.1281 0.6875 0.5167
vt -0.0578 0.8750 0.5167
vt 0.1281 0.8750 0.5167
vt -0.0578 1.2500 0.5167
vt -0.0578 1.0625 0.5167
vt 0.1281 1.0625 0.5167
vt 0.1281 1.2500 0.5167
vt 0.6859 4.2771 0.5167
vt 0.6859 4.1698 0.5167
vt 0.8719 4.1698 0.5167
vt 0.8719 4.2771 0.5167
vt 0.6859 4.3568 0.5165
vt 0.8719 4.3568 0.5165
vt 0.5000 4.2771 0.5167
vt 0.5000 4.1698 0.5167
vt 0.5000 4.3568 0.5165
vt 0.6859 4.4518 0.5146
vt 0.6859 4.4135 0.5158
vt 0.8719 4.4135 0.5158
vt 0.8719 4.4518 0.5146
vt 0.5000 4.4518 0.5146
vt 0.5000 4.4135 0.5158
vt 0.3141 4.4135 0.5158
vt 0.3141 4.4518 0.5146
vt 0.1281 4.4518 0.5146
vt 0.1281 4.4135 0.5158
vt 0.3141 4.3568 0.5165
vt 0.1281 4.3568 0.5165
vt 0.3141 4.1698 0.5167
vt 0.3141 4.2771 0.5167
vt 0.1281 4.2771 0.5167
vt 0.1281 4.1698 0.5167
vt 0.6859 3.6875 0.5167
vt 0.6859 3.5000 0.5167
vt 0.8719 3.5000 0.5167
vt 0.8719 3.6875 0.5167
vt 0.6859 3.8670 0.5167
vt 0.8719 3.8670 0.5167
vt 0.5000 3.6875 0.5167
vt 0.5000 3.5000 0.5167
vt 0.5000 3.8670 0.5167
vt 0.6859 4.0304 0.5167
vt 0.8719 4.0304 0.5167
vt 0.5000 4.0304 0.5167
vt 0.3141 4.0304 0.5167
vt 0.1281 4.0304 0.5167
vt 0.3141 3.8670 0.5167
vt 0.1281 3.8670 0.5167
vt 0.3141 3.5000 0.5167
vt 0.3141 3.6875 0.5167
vt 0.1281 3.6875 0.5167
vt 0.1281 3.5000 0.5167
vt 0.6859 2.9375 0.5167
vt 0.6859 2.7500 0.5167
vt 0.8719 2.7500 0.5167
vt 0.8719 2.9375 0.5167
vt 0.6859 3.1250 0.5167
vt 0.8719 3.1250 0.5167
vt 0.5000 2.9375 0.5167
vt 0.5000 2.7500 0.5167
vt 0.5000 3.1250 0.5167
vt 0.6859 3.3125 0.5167
vt 0.8719 3.3125 0.5167
vt 0.5000 3.3125 0.5167
vt 0.3141 3.3125 0.5167
vt 0.1281 3.3125 0.5167
vt 0.3141 3.1250 0.5167
vt 0.1281 3.1250 0.5167
vt 0.3141 2.7500 0.5167
vt 0.3141 2.9375 0.5167
vt 0.1281 2.9375 0.5167
vt 0.1281 2.7500 0.5167
vt 0.6859 2.1875 0.5167
vt 0.6859 2.0000 0.5167
vt 0.8719 2.0000 0.5167
vt 0.8719 2.1875 0.5167
vt 0.6859 2.3750 0.5167
vt 0.8719 2.3750 0.5167
vt 0.5000 2.1875 0.5167
vt 0.5000 2.0000 0.5167
vt 0.5000 2.3750 0.5167
vt 0.6859 2.5625 0.5167
vt 0.8719 2.5625 0.5167
vt 0.5000 2.5625 0.5167
vt 0.3141 2.5625 0.5167
vt 0.1281 2.5625 0.5167
vt 0.3141 2.3750 0.5167
vt 0.1281 2.3750 0.5167
vt 0.3141 2.0000 0.5167
vt 0.3141 2.1875 0.5167
vt 0.1281 2.1875 0.5167
vt 0.1281 2.0000 0.5167
vt 0.6859 1.4375 0.5167
vt 0.6859 1.2500 0.5167
vt 0.8719 1.2500 0.5167
vt 0.8719 1.4375 0.5167
vt 0.6859 1.6250 0.5167
vt 0.8719 1.6250 0.5167
vt 0.5000 1.4375 0.5167
vt 0.5000 1.2500 0.5167
vt 0.5000 1.6250 0.5167
vt 0.6859 1.8125 0.5167
vt 0.8719 1.8125 0.5167
vt 0.5000 1.8125 0.5167
vt 0.3141 1.8125 0.5167
vt 0.1281 1.8125 0.5167
vt 0.3141 1.6250 0.5167
vt 0.1281 1.6250 0.5167
vt 0.3141 1.2500 0.5167
vt 0.3141 1.4375 0.5167
vt 0.1281 1.4375 0.5167
vt 0.6859 0.6875 0.5167
vt 0.8719 0.6875 0.5167
vt 0.6859 0.8750 0.5167
vt 0.8719 0.8750 0.5167
vt 0.5000 0.6875 0.5167
vt 0.5000 0.8750 0.5167
vt 0.6859 1.0625 0.5167
vt 0.8719 1.0625 0.5167
vt 0.5000 1.0625 0.5167
vt 0.3141 1.0625 0.5167
vt 0.3141 0.8750 0.5167
vt 0.3141 0.6875 0.5167
vt 0.3141 -3.2771 0.5167
vt 0.3141 -3.1698 0.5167
vt 0.1281 -3.1698 0.5167
vt 0.1281 -3.2771 0.5167
vt 0.3141 -3.3568 0.5165
vt 0.1281 -3.3568 0.5165
vt 0.5000 -3.2771 0.5167
vt 0.5000 -3.1698 0.5167
vt 0.5000 -3.3568 0.5165
vt 0.3141 -3.4518 0.5146
vt 0.3141 -3.4135 0.5158
vt 0.1281 -3.4135 0.5158
vt 0.1281 -3.4518 0.5146
vt 0.5000 -3.4518 0.5146
vt 0.5000 -3.4135 0.5158
vt 0.6859 -3.4135 0.5158
vt 0.6859 -3.4518 0.5146
vt 0.8719 -3.4518 0.5146
vt 0.8719 -3.4135 0.5158
vt 0.6859 -3.3568 0.5165
vt 0.8719 -3.3568 0.5165
vt 0.6859 -3.1698 0.5167
vt 0.6859 -3.2771 0.5167
vt 0.8719 -3.2771 0.5167
vt 0.8719 -3.1698 0.5167
vt 0.3141 -2.6875 0.5167
vt 0.3141 -2.5000 0.5167
vt 0.1281 -2.5000 0.5167
vt 0.1281 -2.6875 0.5167
vt 0.3141 -2.8670 0.5167
vt 0.1281 -2.8670 0.5167
vt 0.5000 -2.6875 0.5167
vt 0.5000 -2.5000 0.5167
vt 0.5000 -2.8670 0.5167
vt 0.3141 -3.0304 0.5167
vt 0.1281 -3.0304 0.5167
vt 0.5000 -3.0304 0.5167
vt 0.6859 -3.0304 0.5167
vt 0.8719 -3.0304 0.5167
vt 0.6859 -2.8670 0.5167
vt 0.8719 -2.8670 0.5167
vt 0.6859 -2.5000 0.5167
vt 0.6859 -2.6875 0.5167
vt 0.8719 -2.6875 0.5167
vt 0.8719 -2.5000 0.5167
vt 0.3141 -1.9375 0.5167
vt 0.3141 -1.7500 0.5167
vt 0.1281 -1.7500 0.5167
vt 0.1281 -1.9375 0.5167
vt 0.3141 -2.1250 0.5167
vt 0.1281 -2.1250 0.5167
vt 0.5000 -1.9375 0.5167
vt 0.5000 -1.7500 0.5167
vt 0.5000 -2.1250 0.5167
vt 0.3141 -2.3125 0.5167
vt 0.1281 -2.3125 0.5167
vt 0.5000 -2.3125 0.5167
vt 0.6859 -2.3125 0.5167
vt 0.8719 -2.3125 0.5167
vt 0.6859 -2.1250 0.5167
vt 0.8719 -2.1250 0.5167
vt 0.6859 -1.7500 0.5167
vt 0.6859 -1.9375 0.5167
vt 0.8719 -1.9375 0.5167
vt 0.8719 -1.7500 0.5167
vt 0.3141 -1.1875 0.5167
vt 0.3141 -1.0000 0.5167
vt 0.1281 -1.0000 0.5167
vt 0.1281 -1.1875 0.5167
vt 0.3141 -1.3750 0.5167
vt 0.1281 -1.3750 0.5167
vt 0.5000 -1.1875 0.5167
vt 0.5000 -1.0000 0.5167
vt 0.5000 -1.3750 0.5167
vt 0.3141 -1.5625 0.5167
vt 0.1281 -1.5625 0.5167
vt 0.5000 -1.5625 0.5167
vt 0.6859 -1.5625 0.5167
vt 0.8719 -1.5625 0.5167
vt 0.6859 -1.3750 0.5167
vt 0.8719 -1.3750 0.5167
vt 0.6859 -1.0000 0.5167
vt 0.6859 -1.1875 0.5167
vt 0.8719 -1.1875 0.5167
vt 0.8719 -1.0000 0.5167
vt 0.3141 -0.4375 0.5167
vt 0.1281 -0.4375 0.5167
vt 0.3141 -0.6250 0.5167
vt 0.1281 -0.6250 0.5167
vt 0.5000 -0.4375 0.5167
vt 0.5000 -0.6250 0.5167
vt 0.3141 -0.8125 0.5167
vt 0.1281 -0.8125 0.5167
vt 0.5000 -0.8125 0.5167
vt 0.6859 -0.8125 0.5167
vt 0.8719 -0.8125 0.5167
vt 0.6859 -0.6250 0.5167
vt 0.8719 -0.6250 0.5167
vt 0.6859 -0.4375 0.5167
vt 0.8719 -0.4375 0.5167
vt 2.5453 4.1719 0.4833
vt 2.5453 4.2813 0.4833
vt 2.3594 4.2813 0.4833
vt 2.3594 4.1719 0.4833
vt 2.5453 4.0313 0.4833
vt 2.3594 4.0313 0.4833
vt 2.5453 3.8672 0.4833
vt 2.3594 3.8672 0.4833
vt 2.5453 3.5000 0.4833
vt 2.5453 3.6875 0.4833
vt 2.3594 3.6875 0.4833
vt 2.3594 3.5000 0.4833
vt 2.5453 3.3125 0.4833
vt 2.3594 3.3125 0.4833
vt 2.1734 4.2813 0.4833
vt 2.1734 4.1719 0.4833
vt 1.9875 4.2813 0.4833
vt 1.9875 4.1719 0.4833
vt 1.8016 4.1719 0.4833
vt 1.8016 4.2813 0.4833
vt 1.6156 4.2813 0.4833
vt 1.6156 4.1719 0.4833
vt 2.1734 3.6875 0.4833
vt 2.1734 3.5000 0.4833
vt 2.1734 3.8672 0.4833
vt 1.9875 3.6875 0.4833
vt 1.9875 3.5000 0.4833
vt 1.9875 3.8672 0.4833
vt 2.1734 4.0313 0.4833
vt 1.9875 4.0313 0.4833
vt 1.8016 4.0313 0.4833
vt 1.6156 4.0313 0.4833
vt 1.8016 3.8672 0.4833
vt 1.6156 3.8672 0.4833
vt 1.8016 3.5000 0.4833
vt 1.8016 3.6875 0.4833
vt 1.6156 3.6875 0.4833
vt 1.6156 3.5000 0.4833
vt 2.1734 3.3125 0.4833
vt 1.9875 3.3125 0.4833
vt 1.8016 3.3125 0.4833
vt 1.6156 3.3125 0.4833
vt 1.4297 4.2813 0.4833
vt 1.4297 4.1719 0.4833
vt 1.4297 3.6875 0.4833
vt 1.4297 3.5000 0.4833
vt 1.4297 3.8672 0.4833
vt 1.4297 4.0313 0.4833
vt 1.4297 3.3125 0.4833
vt 3.2531 4.2771 0.5158
vt 3.2531 4.1698 0.5158
vt 3.2882 4.1698 0.5146
vt 3.2882 4.2771 0.5146
vt 3.2531 4.3568 0.5156
vt 3.2882 4.3568 0.5144
vt 3.2002 4.2771 0.5165
vt 3.2002 4.1698 0.5165
vt 3.2001 4.3568 0.5163
vt 3.2530 4.4517 0.5139
vt 3.2530 4.4135 0.5151
vt 3.2881 4.4135 0.5139
vt 3.2880 4.4516 0.5129
vt 3.2001 4.4517 0.5144
vt 3.2001 4.4135 0.5156
vt 3.1244 4.4135 0.5158
vt 3.1244 4.4518 0.5146
vt 3.0208 4.4518 0.5146
vt 3.0208 4.4135 0.5158
vt 3.1244 4.3568 0.5165
vt 3.0208 4.3568 0.5165
vt 3.1244 4.1698 0.5167
vt 3.1244 4.2771 0.5167
vt 3.0208 4.2771 0.5167
vt 3.0208 4.1698 0.5167
vt 3.2531 3.6875 0.5158
vt 3.2531 3.5000 0.5158
vt 3.2882 3.5000 0.5146
vt 3.2882 3.6875 0.5146
vt 3.2531 3.8670 0.5158
vt 3.2882 3.8670 0.5146
vt 3.2002 3.6875 0.5165
vt 3.2002 3.5000 0.5165
vt 3.2002 3.8670 0.5165
vt 3.2531 4.0304 0.5158
vt 3.2882 4.0304 0.5146
vt 3.2002 4.0304 0.5165
vt 3.1244 4.0304 0.5167
vt 3.0208 4.0304 0.5167
vt 3.1244 3.8670 0.5167
vt 3.0208 3.8670 0.5167
vt 3.1244 3.5000 0.5167
vt 3.1244 3.6875 0.5167
vt 3.0208 3.6875 0.5167
vt 3.0208 3.5000 0.5167
vt 3.2531 2.9375 0.5158
vt 3.2531 2.7500 0.5158
vt 3.2882 2.7500 0.5146
vt 3.2882 2.9375 0.5146
vt 3.2531 3.1250 0.5158
vt 3.2882 3.1250 0.5146
vt 3.2002 2.9375 0.5165
vt 3.2002 2.7500 0.5165
vt 3.2002 3.1250 0.5165
vt 3.2531 3.3125 0.5158
vt 3.2882 3.3125 0.5146
vt 3.2002 3.3125 0.5165
vt 3.1244 3.3125 0.5167
vt 3.0208 3.3125 0.5167
vt 3.1244 3.1250 0.5167
vt 3.0208 3.1250 0.5167
vt 3.1244 2.7500 0.5167
vt 3.1244 2.9375 0.5167
vt 3.0208 2.9375 0.5167
vt 3.0208 2.7500 0.5167
vt 3.2531 2.1875 0.5158
vt 3.2531 2.0000 0.5158
vt 3.2882 2.0000 0.5146
vt 3.2882 2.1875 0.5146
vt 3.2531 2.3750 0.5158
vt 3.2882 2.3750 0.5146
vt 3.2002 2.1875 0.5165
vt 3.2001 2.0000 0.5165
vt 3.2002 2.3750 0.5165
vt 3.2531 2.5625 0.5158
vt 3.2882 2.5625 0.5146
vt 3.2002 2.5625 0.5165
vt 3.1244 2.5625 0.5167
vt 3.0208 2.5625 0.5167
vt 3.1244 2.3750 0.5167
vt 3.0208 2.3750 0.5167
vt 3.1244 2.0000 0.5167
vt 3.1244 2.1875 0.5167
vt 3.0208 2.1875 0.5167
vt 3.0208 2.0000 0.5167
vt 3.2531 1.4375 0.5158
vt 3.2531 1.2500 0.5158
vt 3.2882 1.2500 0.5146
vt 3.2882 1.4375 0.5146
vt 3.2531 1.6250 0.5158
vt 3.2882 1.6250 0.5146
vt 3.2001 1.4375 0.5165
vt 3.2001 1.2500 0.5165
vt 3.2001 1.6250 0.5165
vt 3.2531 1.8125 0.5158
vt 3.2882 1.8125 0.5146
vt 3.2001 1.8125 0.5165
vt 3.1244 1.8125 0.5167
vt 3.0208 1.8125 0.5167
vt 3.1244 1.6250 0.5167
vt 3.0208 1.6250 0.5167
vt 3.1244 1.2500 0.5167
vt 3.1244 1.4375 0.5167
vt 3.0208 1.4375 0.5167
vt 3.0208 1.2500 0.5167
vt 3.2531 0.6875 0.5158
vt 3.2882 0.6875 0.5146
vt 3.2531 0.8750 0.5158
vt 3.2882 0.8750 0.5146
vt 3.2001 0.6875 0.5165
vt 3.2001 0.8750 0.5165
vt 3.2531 1.0625 0.5158
vt 3.2882 1.0625 0.5146
vt 3.2001 1.0625 0.5165
vt 3.1244 1.0625 0.5167
vt 3.0208 1.0625 0.5167
vt 3.1244 0.8750 0.5167
vt 3.0208 0.8750 0.5167
vt 3.1244 0.6875 0.5167
vt 3.0208 0.6875 0.5167
vt 3.1244 -3.2771 0.5167
vt 3.1244 -3.1698 0.5167
vt 3.0208 -3.1698 0.5167
vt 3.0208 -3.2771 0.5167
vt 3.1244 -3.3568 0.5165
vt 3.0208 -3.3568 0.5165
vt 3.2001 -3.2771 0.5165
vt 3.2001 -3.1698 0.5165
vt 3.2001 -3.3568 0.5163
vt 3.1244 -3.4518 0.5146
vt 3.1244 -3.4135 0.5158
vt 3.0208 -3.4135 0.5158
vt 3.0208 -3.4518 0.5146
vt 3.2001 -3.4517 0.5144
vt 3.2001 -3.4135 0.5156
vt 3.2530 -3.4135 0.5151
vt 3.2530 -3.4517 0.5139
vt 3.2880 -3.4516 0.5129
vt 3.2881 -3.4135 0.5139
vt 3.2531 -3.3568 0.5156
vt 3.2882 -3.3568 0.5144
vt 3.2531 -3.1698 0.5158
vt 3.2531 -3.2771 0.5158
vt 3.2882 -3.2771 0.5146
vt 3.2882 -3.1698 0.5146
vt 3.1244 -2.6875 0.5167
vt 3.1244 -2.5000 0.5167
vt 3.0208 -2.5000 0.5167
vt 3.0208 -2.6875 0.5167
vt 3.1244 -2.8670 0.5167
vt 3.0208 -2.8670 0.5167
vt 3.2001 -2.6875 0.5165
vt 3.2001 -2.5000 0.5165
vt 3.2001 -2.8670 0.5165
vt 3.1244 -3.0304 0.5167
vt 3.0208 -3.0304 0.5167
vt 3.2001 -3.0304 0.5165
vt 3.2531 -3.0304 0.5158
vt 3.2882 -3.0304 0.5146
vt 3.2531 -2.8670 0.5158
vt 3.2882 -2.8670 0.5146
vt 3.2531 -2.5000 0.5158
vt 3.2531 -2.6875 0.5158
vt 3.2882 -2.6875 0.5146
vt 3.2882 -2.5000 0.5146
vt 3.1244 -1.9375 0.5167
vt 3.1244 -1.7500 0.5167
vt 3.0208 -1.7500 0.5167
vt 3.0208 -1.9375 0.5167
vt 3.1244 -2.1250 0.5167
vt 3.0208 -2.1250 0.5167
vt 3.2001 -1.9375 0.5165
vt 3.2001 -1.7500 0.5165
vt 3.2001 -2.1250 0.5165
vt 3.1244 -2.3125 0.5167
vt 3.0208 -2.3125 0.5167
vt 3.2001 -2.3125 0.5165
vt 3.2531 -2.3125 0.5158
vt 3.2882 -2.3125 0.5146
vt 3.2531 -2.1250 0.5158
vt 3.2882 -2.1250 0.5146
vt 3.2531 -1.7500 0.5158
vt 3.2531 -1.9375 0.5158
vt 3.2882 -1.9375 0.5146
vt 3.2882 -1.7500 0.5146
vt 3.1244 -1.1875 0.5167
vt 3.1244 -1.0000 0.5167
vt 3.0208 -1.0000 0.5167
vt 3.0208 -1.1875 0.5167
vt 3.1244 -1.3750 0.5167
vt 3.0208 -1.3750 0.5167
vt 3.2001 -1.1875 0.5165
vt 3.2001 -1.0000 0.5165
vt 3.2001 -1.3750 0.5165
vt 3.1244 -1.5625 0.5167
vt 3.0208 -1.5625 0.5167
vt 3.2001 -1.5625 0.5165
vt 3.2531 -1.5625 0.5158
vt 3.2882 -1.5625 0.5146
vt 3.2531 -1.3750 0.5158
vt 3.2882 -1.3750 0.5146
vt 3.2531 -1.0000 0.5158
vt 3.2531 -1.1875 0.5158
vt 3.2882 -1.1875 0.5146
vt 3.2882 -1.0000 0.5146
vt 3.1244 -0.4375 0.5167
vt 3.0208 -0.4375 0.5167
vt 3.1244 -0.6250 0.5167
vt 3.0208 -0.6250 0.5167
vt 3.2001 -0.4375 0.5165
vt 3.2001 -0.6250 0.5165
vt 3.1244 -0.8125 0.5167
vt 3.0208 -0.8125 0.5167
vt 3.2001 -0.8125 0.5165
vt 3.2531 -0.8125 0.5158
vt 3.2882 -0.8125 0.5146
vt 3.2531 -0.6250 0.5158
vt 3.2882 -0.6250 0.5146
vt 3.2531 -0.4375 0.5158
vt 3.2882 -0.4375 0.5146
vt 2.8843 4.2771 0.5167
vt 2.8843 4.1698 0.5167
vt 2.8843 4.3568 0.5165
vt 2.7230 4.2771 0.5167
vt 2.7230 4.1698 0.5167
vt 2.7230 4.3568 0.5165
vt 2.8843 4.4518 0.5146
vt 2.8843 4.4135 0.5158
vt 2.7230 4.4518 0.5146
vt 2.7230 4.4135 0.5158
vt 2.5453 4.4135 0.5158
vt 2.5453 4.4518 0.5146
vt 2.3594 4.4518 0.5146
vt 2.3594 4.4135 0.5158
vt 2.5453 4.3568 0.5165
vt 2.3594 4.3568 0.5165
vt 2.5453 4.1698 0.5167
vt 2.5453 4.2771 0.5167
vt 2.3594 4.2771 0.5167
vt 2.3594 4.1698 0.5167
vt 2.8843 3.6875 0.5167
vt 2.8843 3.5000 0.5167
vt 2.8843 3.8670 0.5167
vt 2.7230 3.6875 0.5167
vt 2.7230 3.5000 0.5167
vt 2.7230 3.8670 0.5167
vt 2.8843 4.0304 0.5167
vt 2.7230 4.0304 0.5167
vt 2.5453 4.0304 0.5167
vt 2.3594 4.0304 0.5167
vt 2.5453 3.8670 0.5167
vt 2.3594 3.8670 0.5167
vt 2.5453 3.5000 0.5167
vt 2.5453 3.6875 0.5167
vt 2.3594 3.6875 0.5167
vt 2.3594 3.5000 0.5167
vt 2.8843 2.9375 0.5167
vt 2.8843 2.7500 0.5167
vt 2.8843 3.1250 0.5167
vt 2.7230 2.9375 0.5167
vt 2.7230 2.7500 0.5167
vt 2.7230 3.1250 0.5167
vt 2.8843 3.3125 0.5167
vt 2.7230 3.3125 0.5167
vt 2.5453 3.3125 0.5167
vt 2.3594 3.3125 0.5167
vt 2.5453 3.1250 0.5167
vt 2.3594 3.1250 0.5167
vt 2.5453 2.7500 0.5167
vt 2.5453 2.9375 0.5167
vt 2.3594 2.9375 0.5167
vt 2.3594 2.7500 0.5167
vt 2.8843 2.1875 0.5167
vt 2.8843 2.0000 0.5167
vt 2.8843 2.3750 0.5167
vt 2.7230 2.1875 0.5167
vt 2.7230 2.0000 0.5167
vt 2.7230 2.3750 0.5167
vt 2.8843 2.5625 0.5167
vt 2.7230 2.5625 0.5167
vt 2.5453 2.5625 0.5167
vt 2.3594 2.5625 0.5167
vt 2.5453 2.3750 0.5167
vt 2.3594 2.3750 0.5167
vt 2.5453 2.0000 0.5167
vt 2.5453 2.1875 0.5167
vt 2.3594 2.1875 0.5167
vt 2.3594 2.0000 0.5167
vt 2.8843 1.4375 0.5167
vt 2.8843 1.2500 0.5167
vt 2.8843 1.6250 0.5167
vt 2.7230 1.4375 0.5167
vt 2.7230 1.2500 0.5167
vt 2.7230 1.6250 0.5167
vt 2.8843 1.8125 0.5167
vt 2.7230 1.8125 0.5167
vt 2.5453 1.8125 0.5167
vt 2.3594 1.8125 0.5167
vt 2.5453 1.6250 0.5167
vt 2.3594 1.6250 0.5167
vt 2.5453 1.2500 0.5167
vt 2.5453 1.4375 0.5167
vt 2.3594 1.4375 0.5167
vt 2.3594 1.2500 0.5167
vt 2.8843 0.6875 0.5167
vt 2.8843 0.8750 0.5167
vt 2.7230 0.6875 0.5167
vt 2.7230 0.8750 0.5167
vt 2.8843 1.0625 0.5167
vt 2.7230 1.0625 0.5167
vt 2.5453 1.0625 0.5167
vt 2.3594 1.0625 0.5167
vt 2.5453 0.8750 0.5167
vt 2.3594 0.8750 0.5167
vt 2.5453 0.6875 0.5167
vt 2.3594 0.6875 0.5167
vt 2.5453 -3.2771 0.5167
vt 2.5453 -3.1698 0.5167
vt 2.3594 -3.1698 0.5167
vt 2.3594 -3.2771 0.5167
vt 2.5453 -3.3568 0.5165
vt 2.3594 -3.3568 0.5165
vt 2.7230 -3.2771 0.5167
vt 2.7230 -3.1698 0.5167
vt 2.7230 -3.3568 0.5165
vt 2.5453 -3.4518 0.5146
vt 2.5453 -3.4135 0.5158
vt 2.3594 -3.4135 0.5158
vt 2.3594 -3.4518 0.5146
vt 2.7230 -3.4518 0.5146
vt 2.7230 -3.4135 0.5158
vt 2.8843 -3.4135 0.5158
vt 2.8843 -3.4518 0.5146
vt 2.8843 -3.3568 0.5165
vt 2.8843 -3.1698 0.5167
vt 2.8843 -3.2771 0.5167
vt 2.5453 -2.6875 0.5167
vt 2.5453 -2.5000 0.5167
vt 2.3594 -2.5000 0.5167
vt 2.3594 -2.6875 0.5167
vt 2.5453 -2.8670 0.5167
vt 2.3594 -2.8670 0.5167
vt 2.7230 -2.6875 0.5167
vt 2.7230 -2.5000 0.5167
vt 2.7230 -2.8670 0.5167
vt 2.5453 -3.0304 0.5167
vt 2.3594 -3.0304 0.5167
vt 2.7230 -3.0304 0.5167
vt 2.8843 -3.0304 0.5167
vt 2.8843 -2.8670 0.5167
vt 2.8843 -2.5000 0.5167
vt 2.8843 -2.6875 0.5167
vt 2.5453 -1.9375 0.5167
vt 2.5453 -1.7500 0.5167
vt 2.3594 -1.7500 0.5167
vt 2.3594 -1.9375 0.5167
vt 2.5453 -2.1250 0.5167
vt 2.3594 -2.1250 0.5167
vt 2.7230 -1.9375 0.5167
vt 2.7230 -1.7500 0.5167
vt 2.7230 -2.1250 0.5167
vt 2.5453 -2.3125 0.5167
vt 2.3594 -2.3125 0.5167
vt 2.7230 -2.3125 0.5167
vt 2.8843 -2.3125 0.5167
vt 2.8843 -2.1250 0.5167
vt 2.8843 -1.7500 0.5167
vt 2.8843 -1.9375 0.5167
vt 2.5453 -1.1875 0.5167
vt 2.5453 -1.0000 0.5167
vt 2.3594 -1.0000 0.5167
vt 2.3594 -1.1875 0.5167
vt 2.5453 -1.3750 0.5167
vt 2.3594 -1.3750 0.5167
vt 2.7230 -1.1875 0.5167
vt 2.7230 -1.0000 0.5167
vt 2.7230 -1.3750 0.5167
vt 2.5453 -1.5625 0.5167
vt 2.3594 -1.5625 0.5167
vt 2.7230 -1.5625 0.5167
vt 2.8843 -1.5625 0.5167
vt 2.8843 -1.3750 0.5167
vt 2.8843 -1.0000 0.5167
vt 2.8843 -1.1875 0.5167
vt 2.5453 -0.4375 0.5167
vt 2.3594 -0.4375 0.5167
vt 2.5453 -0.6250 0.5167
vt 2.3594 -0.6250 0.5167
vt 2.7230 -0.4375 0.5167
vt 2.7230 -0.6250 0.5167
vt 2.5453 -0.8125 0.5167
vt 2.3594 -0.8125 0.5167
vt 2.7230 -0.8125 0.5167
vt 2.8843 -0.8125 0.5167
vt 2.8843 -0.6250 0.5167
vt 2.8843 -0.4375 0.5167
vt 2.1734 4.2771 0.5167
vt 2.1734 4.1698 0.5167
vt 2.1734 4.3568 0.5165
vt 1.9875 4.2771 0.5167
vt 1.9875 4.1698 0.5167
vt 1.9875 4.3568 0.5165
vt 2.1734 4.4518 0.5146
vt 2.1734 4.4135 0.5158
vt 1.9875 4.4518 0.5146
vt 1.9875 4.4135 0.5158
vt 1.8016 4.4135 0.5158
vt 1.8016 4.4518 0.5146
vt 1.6156 4.4518 0.5146
vt 1.6156 4.4135 0.5158
vt 1.8016 4.3568 0.5165
vt 1.6156 4.3568 0.5165
vt 1.8016 4.1698 0.5167
vt 1.8016 4.2771 0.5167
vt 1.6156 4.2771 0.5167
vt 1.6156 4.1698 0.5167
vt 2.1734 3.6875 0.5167
vt 2.1734 3.5000 0.5167
vt 2.1734 3.8670 0.5167
vt 1.9875 3.6875 0.5167
vt 1.9875 3.5000 0.5167
vt 1.9875 3.8670 0.5167
vt 2.1734 4.0304 0.5167
vt 1.9875 4.0304 0.5167
vt 1.8016 4.0304 0.5167
vt 1.6156 4.0304 0.5167
vt 1.8016 3.8670 0.5167
vt 1.6156 3.8670 0.5167
vt 1.8016 3.5000 0.5167
vt 1.8016 3.6875 0.5167
vt 1.6156 3.6875 0.5167
vt 1.6156 3.5000 0.5167
vt 2.1734 2.9375 0.5167
vt 2.1734 2.7500 0.5167
vt 2.1734 3.1250 0.5167
vt 1.9875 2.9375 0.5167
vt 1.9875 2.7500 0.5167
vt 1.9875 3.1250 0.5167
vt 2.1734 3.3125 0.5167
vt 1.9875 3.3125 0.5167
vt 1.8016 3.3125 0.5167
vt 1.6156 3.3125 0.5167
vt 1.8016 3.1250 0.5167
vt 1.6156 3.1250 0.5167
vt 1.8016 2.7500 0.5167
vt 1.8016 2.9375 0.5167
vt 1.6156 2.9375 0.5167
vt 1.6156 2.7500 0.5167
vt 2.1734 2.1875 0.5167
vt 2.1734 2.0000 0.5167
vt 2.1734 2.3750 0.5167
vt 1.9875 2.1875 0.5167
vt 1.9875 2.0000 0.5167
vt 1.9875 2.3750 0.5167
vt 2.1734 2.5625 0.5167
vt 1.9875 2.5625 0.5167
vt 1.8016 2.5625 0.5167
vt 1.6156 2.5625 0.5167
vt 1.8016 2.3750 0.5167
vt 1.6156 2.3750 0.5167
vt 1.8016 2.0000 0.5167
vt 1.8016 2.1875 0.5167
vt 1.6156 2.1875 0.5167
vt 1.6156 2.0000 0.5167
vt 2.1734 1.4375 0.5167
vt 2.1734 1.2500 0.5167
vt 2.1734 1.6250 0.5167
vt 1.9875 1.4375 0.5167
vt 1.9875 1.2500 0.5167
vt 1.9875 1.6250 0.5167
vt 2.1734 1.8125 0.5167
vt 1.9875 1.8125 0.5167
vt 1.8016 1.8125 0.5167
vt 1.6156 1.8125 0.5167
vt 1.8016 1.6250 0.5167
vt 1.6156 1.6250 0.5167
vt 1.8016 1.2500 0.5167
vt 1.8016 1.4375 0.5167
vt 1.6156 1.4375 0.5167
vt 1.6156 1.2500 0.5167
vt 2.1734 0.6875 0.5167
vt 2.1734 0.8750 0.5167
vt 1.9875 0.6875 0.5167
vt 1.9875 0.8750 0.5167
vt 2.1734 1.0625 0.5167
vt 1.9875 1.0625 0.5167
vt 1.8016 1.0625 0.5167
vt 1.6156 1.0625 0.5167
vt 1.8016 0.8750 0.5167
vt 1.6156 0.8750 0.5167
vt 1.8016 0.6875 0.5167
vt 1.6156 0.6875 0.5167
vt 1.8016 -3.2771 0.5167
vt 1.8016 -3.1698 0.5167
vt 1.6156 -3.1698 0.5167
vt 1.6156 -3.2771 0.5167
vt 1.8016 -3.3568 0.5165
vt 1.6156 -3.3568 0.5165
vt 1.9875 -3.2771 0.5167
vt 1.9875 -3.1698 0.5167
vt 1.9875 -3.3568 0.5165
vt 1.8016 -3.4518 0.5146
vt 1.8016 -3.4135 0.5158
vt 1.6156 -3.4135 0.5158
vt 1.6156 -3.4518 0.5146
vt 1.9875 -3.4518 0.5146
vt 1.9875 -3.4135 0.5158
vt 2.1734 -3.4135 0.5158
vt 2.1734 -3.4518 0.5146
vt 2.1734 -3.3568 0.5165
vt 2.1734 -3.1698 0.5167
vt 2.1734 -3.2771 0.5167
vt 1.8016 -2.6875 0.5167
vt 1.8016 -2.5000 0.5167
vt 1.6156 -2.5000 0.5167
vt 1.6156 -2.6875 0.5167
vt 1.8016 -2.8670 0.5167
vt 1.6156 -2.8670 0.5167
vt 1.9875 -2.6875 0.5167
vt 1.9875 -2.5000 0.5167
vt 1.9875 -2.8670 0.5167
vt 1.8016 -3.0304 0.5167
vt 1.6156 -3.0304 0.5167
vt 1.9875 -3.0304 0.5167
vt 2.1734 -3.0304 0.5167
vt 2.1734 -2.8670 0.5167
vt 2.1734 -2.5000 0.5167
vt 2.1734 -2.6875 0.5167
vt 1.8016 -1.9375 0.5167
vt 1.8016 -1.7500 0.5167
vt 1.6156 -1.7500 0.5167
vt 1.6156 -1.9375 0.5167
vt 1.8016 -2.1250 0.5167
vt 1.6156 -2.1250 0.5167
vt 1.9875 -1.9375 0.5167
vt 1.9875 -1.7500 0.5167
vt 1.9875 -2.1250 0.5167
vt 1.8016 -2.3125 0.5167
vt 1.6156 -2.3125 0.5167
vt 1.9875 -2.3125 0.5167
vt 2.1734 -2.3125 0.5167
vt 2.1734 -2.1250 0.5167
vt 2.1734 -1.7500 0.5167
vt 2.1734 -1.9375 0.5167
vt 1.8016 -1.1875 0.5167
vt 1.8016 -1.0000 0.5167
vt 1.6156 -1.0000 0.5167
vt 1.6156 -1.1875 0.5167
vt 1.8016 -1.3750 0.5167
vt 1.6156 -1.3750 0.5167
vt 1.9875 -1.1875 0.5167
vt 1.9875 -1.0000 0.5167
vt 1.9875 -1.3750 0.5167
vt 1.8016 -1.5625 0.5167
vt 1.6156 -1.5625 0.5167
vt 1.9875 -1.5625 0.5167
vt 2.1734 -1.5625 0.5167
vt 2.1734 -1.3750 0.5167
vt 2.1734 -1.0000 0.5167
vt 2.1734 -1.1875 0.5167
vt 1.8016 -0.4375 0.5167
vt 1.6156 -0.4375 0.5167
vt 1.8016 -0.6250 0.5167
vt 1.6156 -0.6250 0.5167
vt 1.9875 -0.4375 0.5167
vt 1.9875 -0.6250 0.5167
vt 1.8016 -0.8125 0.5167
vt 1.6156 -0.8125 0.5167
vt 1.9875 -0.8125 0.5167
vt 2.1734 -0.8125 0.5167
vt 2.1734 -0.6250 0.5167
vt 2.1734 -0.4375 0.5167
vt 1.4297 4.2771 0.5167
vt 1.4297 4.1698 0.5167
vt 1.4297 4.3568 0.5165
vt 1.2438 4.2771 0.5167
vt 1.2438 4.1698 0.5167
vt 1.2438 4.3568 0.5165
vt 1.4297 4.4518 0.5146
vt 1.4297 4.4135 0.5158
vt 1.2438 4.4518 0.5146
vt 1.2438 4.4135 0.5158
vt 1.0578 4.4135 0.5158
vt 1.0578 4.4518 0.5146
vt 1.0578 4.3568 0.5165
vt 1.0578 4.1698 0.5167
vt 1.0578 4.2771 0.5167
vt 1.4297 3.6875 0.5167
vt 1.4297 3.5000 0.5167
vt 1.4297 3.8670 0.5167
vt 1.2438 3.6875 0.5167
vt 1.2438 3.5000 0.5167
vt 1.2438 3.8670 0.5167
vt 1.4297 4.0304 0.5167
vt 1.2438 4.0304 0.5167
vt 1.0578 4.0304 0.5167
vt 1.0578 3.8670 0.5167
vt 1.0578 3.5000 0.5167
vt 1.0578 3.6875 0.5167
vt 1.4297 2.9375 0.5167
vt 1.4297 2.7500 0.5167
vt 1.4297 3.1250 0.5167
vt 1.2438 2.9375 0.5167
vt 1.2438 2.7500 0.5167
vt 1.2438 3.1250 0.5167
vt 1.4297 3.3125 0.5167
vt 1.2438 3.3125 0.5167
vt 1.0578 3.3125 0.5167
vt 1.0578 3.1250 0.5167
vt 1.0578 2.7500 0.5167
vt 1.0578 2.9375 0.5167
vt 1.4297 2.1875 0.5167
vt 1.4297 2.0000 0.5167
vt 1.4297 2.3750 0.5167
vt 1.2438 2.1875 0.5167
vt 1.2438 2.0000 0.5167
vt 1.2438 2.3750 0.5167
vt 1.4297 2.5625 0.5167
vt 1.2438 2.5625 0.5167
vt 1.0578 2.5625 0.5167
vt 1.0578 2.3750 0.5167
vt 1.0578 2.0000 0.5167
vt 1.0578 2.1875 0.5167
vt 1.4297 1.4375 0.5167
vt 1.4297 1.2500 0.5167
vt 1.4297 1.6250 0.5167
vt 1.2438 1.4375 0.5167
vt 1.2438 1.2500 0.5167
vt 1.2438 1.6250 0.5167
vt 1.4297 1.8125 0.5167
vt 1.2438 1.8125 0.5167
vt 1.0578 1.8125 0.5167
vt 1.0578 1.6250 0.5167
vt 1.0578 1.2500 0.5167
vt 1.0578 1.4375 0.5167
vt 1.4297 0.6875 0.5167
vt 1.4297 0.8750 0.5167
vt 1.2438 0.6875 0.5167
vt 1.2438 0.8750 0.5167
vt 1.4297 1.0625 0.5167
vt 1.2438 1.0625 0.5167
vt 1.0578 1.0625 0.5167
vt 1.0578 0.8750 0.5167
vt 1.0578 0.6875 0.5167
vt 1.0578 -3.2771 0.5167
vt 1.0578 -3.1698 0.5167
vt 1.0578 -3.3568 0.5165
vt 1.2437 -3.2771 0.5167
vt 1.2437 -3.1698 0.5167
vt 1.2437 -3.3568 0.5165
vt 1.0578 -3.4518 0.5146
vt 1.0578 -3.4135 0.5158
vt 1.2437 -3.4518 0.5146
vt 1.2437 -3.4135 0.5158
vt 1.4297 -3.4135 0.5158
vt 1.4297 -3.4518 0.5146
vt 1.4297 -3.3568 0.5165
vt 1.4297 -3.1698 0.5167
vt 1.4297 -3.2771 0.5167
vt 1.0578 -2.6875 0.5167
vt 1.0578 -2.5000 0.5167
vt 1.0578 -2.8670 0.5167
vt 1.2437 -2.6875 0.5167
vt 1.2437 -2.5000 0.5167
vt 1.2437 -2.8670 0.5167
vt 1.0578 -3.0304 0.5167
vt 1.2437 -3.0304 0.5167
vt 1.4297 -3.0304 0.5167
vt 1.4297 -2.8670 0.5167
vt 1.4297 -2.5000 0.5167
vt 1.4297 -2.6875 0.5167
vt 1.0578 -1.9375 0.5167
vt 1.0578 -1.7500 0.5167
vt 1.0578 -2.1250 0.5167
vt 1.2437 -1.9375 0.5167
vt 1.2437 -1.7500 0.5167
vt 1.2437 -2.1250 0.5167
vt 1.0578 -2.3125 0.5167
vt 1.2437 -2.3125 0.5167
vt 1.4297 -2.3125 0.5167
vt 1.4297 -2.1250 0.5167
vt 1.4297 -1.7500 0.5167
vt 1.4297 -1.9375 0.5167
vt 1.0578 -1.1875 0.5167
vt 1.0578 -1.0000 0.5167
vt 1.0578 -1.3750 0.5167
vt 1.2437 -1.1875 0.5167
vt 1.2437 -1.0000 0.5167
vt 1.2437 -1.3750 0.5167
vt 1.0578 -1.5625 0.5167
vt 1.2437 -1.5625 0.5167
vt 1.4297 -1.5625 0.5167
vt 1.4297 -1.3750 0.5167
vt 1.4297 -1.0000 0.5167
vt 1.4297 -1.1875 0.5167
vt 1.0578 -0.4375 0.5167
vt 1.0578 -0.6250 0.5167
vt 1.2437 -0.4375 0.5167
vt 1.2437 -0.6250 0.5167
vt 1.0578 -0.8125 0.5167
vt 1.2437 -0.8125 0.5167
vt 1.4297 -0.8125 0.5167
vt 1.4297 -0.6250 0.5167
vt 1.4297 -0.4375 0.5167
vt -2.2531 -3.2771 0.5158
vt -2.2531 -3.1698 0.5158
vt -2.2882 -3.1698 0.5146
vt -2.2882 -3.2771 0.5146
vt -2.2531 -3.3568 0.5156
vt -2.2882 -3.3568 0.5144
vt -2.2002 -3.2771 0.5165
vt -2.2002 -3.1698 0.5165
vt -2.2001 -3.3568 0.5163
vt -2.2530 -3.4517 0.5139
vt -2.2530 -3.4135 0.5151
vt -2.2881 -3.4135 0.5139
vt -2.2880 -3.4516 0.5129
vt -2.2001 -3.4517 0.5144
vt -2.2001 -3.4135 0.5156
vt -2.1244 -3.4135 0.5158
vt -2.1244 -3.4518 0.5146
vt -2.0208 -3.4518 0.5146
vt -2.0208 -3.4135 0.5158
vt -2.1244 -3.3568 0.5165
vt -2.0208 -3.3568 0.5165
vt -2.1244 -3.1698 0.5167
vt -2.1244 -3.2771 0.5167
vt -2.0208 -3.2771 0.5167
vt -2.0208 -3.1698 0.5167
vt -2.2531 -2.6875 0.5158
vt -2.2531 -2.5000 0.5158
vt -2.2882 -2.5000 0.5146
vt -2.2882 -2.6875 0.5146
vt -2.2531 -2.8670 0.5158
vt -2.2882 -2.8670 0.5146
vt -2.2002 -2.6875 0.5165
vt -2.2002 -2.5000 0.5165
vt -2.2002 -2.8670 0.5165
vt -2.2531 -3.0304 0.5158
vt -2.2882 -3.0304 0.5146
vt -2.2002 -3.0304 0.5165
vt -2.1244 -3.0304 0.5167
vt -2.0208 -3.0304 0.5167
vt -2.1244 -2.8670 0.5167
vt -2.0208 -2.8670 0.5167
vt -2.1244 -2.5000 0.5167
vt -2.1244 -2.6875 0.5167
vt -2.0208 -2.6875 0.5167
vt -2.0208 -2.5000 0.5167
vt -2.2531 -1.9375 0.5158
vt -2.2531 -1.7500 0.5158
vt -2.2882 -1.7500 0.5146
vt -2.2882 -1.9375 0.5146
vt -2.2531 -2.1250 0.5158
vt -2.2882 -2.1250 0.5146
vt -2.2002 -1.9375 0.5165
vt -2.2002 -1.7500 0.5165
vt -2.2002 -2.1250 0.5165
vt -2.2531 -2.3125 0.5158
vt -2.2882 -2.3125 0.5146
vt -2.2002 -2.3125 0.5165
vt -2.1244 -2.3125 0.5167
vt -2.0208 -2.3125 0.5167
vt -2.1244 -2.1250 0.5167
vt -2.0208 -2.1250 0.5167
vt -2.1244 -1.7500 0.5167
vt -2.1244 -1.9375 0.5167
vt -2.0208 -1.9375 0.5167
vt -2.0208 -1.7500 0.5167
vt -2.2531 -1.1875 0.5158
vt -2.2531 -1.0000 0.5158
vt -2.2882 -1.0000 0.5146
vt -2.2882 -1.1875 0.5146
vt -2.2531 -1.3750 0.5158
vt -2.2882 -1.3750 0.5146
vt -2.2002 -1.1875 0.5165
vt -2.2001 -1.0000 0.5165
vt -2.2002 -1.3750 0.5165
vt -2.2531 -1.5625 0.5158
vt -2.2882 -1.5625 0.5146
vt -2.2002 -1.5625 0.5165
vt -2.1244 -1.5625 0.5167
vt -2.0208 -1.5625 0.5167
vt -2.1244 -1.3750 0.5167
vt -2.0208 -1.3750 0.5167
vt -2.1244 -1.0000 0.5167
vt -2.1244 -1.1875 0.5167
vt -2.0208 -1.1875 0.5167
vt -2.0208 -1.0000 0.5167
vt -2.2531 -0.4375 0.5158
vt -2.2531 -0.2500 0.5158
vt -2.2882 -0.2500 0.5146
vt -2.2882 -0.4375 0.5146
vt -2.2531 -0.6250 0.5158
vt -2.2882 -0.6250 0.5146
vt -2.2001 -0.4375 0.5165
vt -2.2001 -0.2500 0.5165
vt -2.2001 -0.6250 0.5165
vt -2.2531 -0.8125 0.5158
vt -2.2882 -0.8125 0.5146
vt -2.2001 -0.8125 0.5165
vt -2.1244 -0.8125 0.5167
vt -2.0208 -0.8125 0.5167
vt -2.1244 -0.6250 0.5167
vt -2.0208 -0.6250 0.5167
vt -2.1244 -0.2500 0.5167
vt -2.1244 -0.4375 0.5167
vt -2.0208 -0.4375 0.5167
vt -2.0208 -0.2500 0.5167
vt -2.2531 0.3125 0.5158
vt -2.2882 0.3125 0.5146
vt -2.2531 0.1250 0.5158
vt -2.2882 0.1250 0.5146
vt -2.2001 0.3125 0.5165
vt -2.2001 0.1250 0.5165
vt -2.2531 -0.0625 0.5158
vt -2.2882 -0.0625 0.5146
vt -2.2001 -0.0625 0.5165
vt -2.1244 -0.0625 0.5167
vt -2.0208 -0.0625 0.5167
vt -2.1244 0.1250 0.5167
vt -2.0208 0.1250 0.5167
vt -2.1244 0.3125 0.5167
vt -2.0208 0.3125 0.5167
vt -2.1244 4.2771 0.5167
vt -2.1244 4.1698 0.5167
vt -2.0208 4.1698 0.5167
vt -2.0208 4.2771 0.5167
vt -2.1244 4.3568 0.5165
vt -2.0208 4.3568 0.5165
vt -2.2001 4.2771 0.5165
vt -2.2001 4.1698 0.5165
vt -2.2001 4.3568 0.5163
vt -2.1244 4.4518 0.5146
vt -2.1244 4.4135 0.5158
vt -2.0208 4.4135 0.5158
vt -2.0208 4.4518 0.5146
vt -2.2001 4.4517 0.5144
vt -2.2001 4.4135 0.5156
vt -2.2530 4.4135 0.5151
vt -2.2530 4.4517 0.5139
vt -2.2880 4.4516 0.5129
vt -2.2881 4.4135 0.5139
vt -2.2531 4.3568 0.5156
vt -2.2882 4.3568 0.5144
vt -2.2531 4.1698 0.5158
vt -2.2531 4.2771 0.5158
vt -2.2882 4.2771 0.5146
vt -2.2882 4.1698 0.5146
vt -2.1244 3.6875 0.5167
vt -2.1244 3.5000 0.5167
vt -2.0208 3.5000 0.5167
vt -2.0208 3.6875 0.5167
vt -2.1244 3.8670 0.5167
vt -2.0208 3.8670 0.5167
vt -2.2001 3.6875 0.5165
vt -2.2001 3.5000 0.5165
vt -2.2001 3.8670 0.5165
vt -2.1244 4.0304 0.5167
vt -2.0208 4.0304 0.5167
vt -2.2001 4.0304 0.5165
vt -2.2531 4.0304 0.5158
vt -2.2882 4.0304 0.5146
vt -2.2531 3.8670 0.5158
vt -2.2882 3.8670 0.5146
vt -2.2531 3.5000 0.5158
vt -2.2531 3.6875 0.5158
vt -2.2882 3.6875 0.5146
vt -2.2882 3.5000 0.5146
vt -2.1244 2.9375 0.5167
vt -2.1244 2.7500 0.5167
vt -2.0208 2.7500 0.5167
vt -2.0208 2.9375 0.5167
vt -2.1244 3.1250 0.5167
vt -2.0208 3.1250 0.5167
vt -2.2001 2.9375 0.5165
vt -2.2001 2.7500 0.5165
vt -2.2001 3.1250 0.5165
vt -2.1244 3.3125 0.5167
vt -2.0208 3.3125 0.5167
vt -2.2001 3.3125 0.5165
vt -2.2531 3.3125 0.5158
vt -2.2882 3.3125 0.5146
vt -2.2531 3.1250 0.5158
vt -2.2882 3.1250 0.5146
vt -2.2531 2.7500 0.5158
vt -2.2531 2.9375 0.5158
vt -2.2882 2.9375 0.5146
vt -2.2882 2.7500 0.5146
vt -2.1244 2.1875 0.5167
vt -2.1244 2.0000 0.5167
vt -2.0208 2.0000 0.5167
vt -2.0208 2.1875 0.5167
vt -2.1244 2.3750 0.5167
vt -2.0208 2.3750 0.5167
vt -2.2001 2.1875 0.5165
vt -2.2001 2.0000 0.5165
vt -2.2001 2.3750 0.5165
vt -2.1244 2.5625 0.5167
vt -2.0208 2.5625 0.5167
vt -2.2001 2.5625 0.5165
vt -2.2531 2.5625 0.5158
vt -2.2882 2.5625 0.5146
vt -2.2531 2.3750 0.5158
vt -2.2882 2.3750 0.5146
vt -2.2531 2.0000 0.5158
vt -2.2531 2.1875 0.5158
vt -2.2882 2.1875 0.5146
vt -2.2882 2.0000 0.5146
vt -2.1244 1.4375 0.5167
vt -2.0208 1.4375 0.5167
vt -2.1244 1.6250 0.5167
vt -2.0208 1.6250 0.5167
vt -2.2001 1.4375 0.5165
vt -2.2001 1.6250 0.5165
vt -2.1244 1.8125 0.5167
vt -2.0208 1.8125 0.5167
vt -2.2001 1.8125 0.5165
vt -2.2531 1.8125 0.5158
vt -2.2882 1.8125 0.5146
vt -2.2531 1.6250 0.5158
vt -2.2882 1.6250 0.5146
vt -2.2531 1.4375 0.5158
vt -2.2882 1.4375 0.5146
vt -1.8843 -3.2771 0.5167
vt -1.8843 -3.1698 0.5167
vt -1.8843 -3.3568 0.5165
vt -1.7230 -3.2771 0.5167
vt -1.7230 -3.1698 0.5167
vt -1.7230 -3.3568 0.5165
vt -1.8843 -3.4518 0.5146
vt -1.8843 -3.4135 0.5158
vt -1.7230 -3.4518 0.5146
vt -1.7230 -3.4135 0.5158
vt -1.5453 -3.4135 0.5158
vt -1.5453 -3.4518 0.5146
vt -1.3594 -3.4518 0.5146
vt -1.3594 -3.4135 0.5158
vt -1.5453 -3.3568 0.5165
vt -1.3594 -3.3568 0.5165
vt -1.5453 -3.1698 0.5167
vt -1.5453 -3.2771 0.5167
vt -1.3594 -3.2771 0.5167
vt -1.3594 -3.1698 0.5167
vt -1.8843 -2.6875 0.5167
vt -1.8843 -2.5000 0.5167
vt -1.8843 -2.8670 0.5167
vt -1.7230 -2.6875 0.5167
vt -1.7230 -2.5000 0.5167
vt -1.7230 -2.8670 0.5167
vt -1.8843 -3.0304 0.5167
vt -1.7230 -3.0304 0.5167
vt -1.5453 -3.0304 0.5167
vt -1.3594 -3.0304 0.5167
vt -1.5453 -2.8670 0.5167
vt -1.3594 -2.8670 0.5167
vt -1.5453 -2.5000 0.5167
vt -1.5453 -2.6875 0.5167
vt -1.3594 -2.6875 0.5167
vt -1.3594 -2.5000 0.5167
vt -1.8843 -1.9375 0.5167
vt -1.8843 -1.7500 0.5167
vt -1.8843 -2.1250 0.5167
vt -1.7230 -1.9375 0.5167
vt -1.7230 -1.7500 0.5167
vt -1.7230 -2.1250 0.5167
vt -1.8843 -2.3125 0.5167
vt -1.7230 -2.3125 0.5167
vt -1.5453 -2.3125 0.5167
vt -1.3594 -2.3125 0.5167
vt -1.5453 -2.1250 0.5167
vt -1.3594 -2.1250 0.5167
vt -1.5453 -1.7500 0.5167
vt -1.5453 -1.9375 0.5167
vt -1.3594 -1.9375 0.5167
vt -1.3594 -1.7500 0.5167
vt -1.8843 -1.1875 0.5167
vt -1.8843 -1.0000 0.5167
vt -1.8843 -1.3750 0.5167
vt -1.7230 -1.1875 0.5167
vt -1.7230 -1.0000 0.5167
vt -1.7230 -1.3750 0.5167
vt -1.8843 -1.5625 0.5167
vt -1.7230 -1.5625 0.5167
vt -1.5453 -1.5625 0.5167
vt -1.3594 -1.5625 0.5167
vt -1.5453 -1.3750 0.5167
vt -1.3594 -1.3750 0.5167
vt -1.5453 -1.0000 0.5167
vt -1.5453 -1.1875 0.5167
vt -1.3594 -1.1875 0.5167
vt -1.3594 -1.0000 0.5167
vt -1.8843 -0.4375 0.5167
vt -1.8843 -0.2500 0.5167
vt -1.8843 -0.6250 0.5167
vt -1.7230 -0.4375 0.5167
vt -1.7230 -0.2500 0.5167
vt -1.7230 -0.6250 0.5167
vt -1.8843 -0.8125 0.5167
vt -1.7230 -0.8125 0.5167
vt -1.5453 -0.8125 0.5167
vt -1.3594 -0.8125 0.5167
vt -1.5453 -0.6250 0.5167
vt -1.3594 -0.6250 0.5167
vt -1.5453 -0.2500 0.5167
vt -1.5453 -0.4375 0.5167
vt -1.3594 -0.4375 0.5167
vt -1.3594 -0.2500 0.5167
vt -1.8843 0.3125 0.5167
vt -1.8843 0.1250 0.5167
vt -1.7230 0.3125 0.5167
vt -1.7230 0.1250 0.5167
vt -1.8843 -0.0625 0.5167
vt -1.7230 -0.0625 0.5167
vt -1.5453 -0.0625 0.5167
vt -1.3594 -0.0625 0.5167
vt -1.5453 0.1250 0.5167
vt -1.3594 0.1250 0.5167
vt -1.5453 0.3125 0.5167
vt -1.3594 0.3125 0.5167
vt -1.5453 4.2771 0.5167
vt -1.5453 4.1698 0.5167
vt -1.3594 4.1698 0.5167
vt -1.3594 4.2771 0.5167
vt -1.5453 4.3568 0.5165
vt -1.3594 4.3568 0.5165
vt -1.7230 4.2771 0.5167
vt -1.7230 4.1698 0.5167
vt -1.7230 4.3568 0.5165
vt -1.5453 4.4518 0.5146
vt -1.5453 4.4135 0.5158
vt -1.3594 4.4135 0.5158
vt -1.3594 4.4518 0.5146
vt -1.7230 4.4518 0.5146
vt -1.7230 4.4135 0.5158
vt -1.8843 4.4135 0.5158
vt -1.8843 4.4518 0.5146
vt -1.8843 4.3568 0.5165
vt -1.8843 4.1698 0.5167
vt -1.8843 4.2771 0.5167
vt -1.5453 3.6875 0.5167
vt -1.5453 3.5000 0.5167
vt -1.3594 3.5000 0.5167
vt -1.3594 3.6875 0.5167
vt -1.5453 3.8670 0.5167
vt -1.3594 3.8670 0.5167
vt -1.7230 3.6875 0.5167
vt -1.7230 3.5000 0.5167
vt -1.7230 3.8670 0.5167
vt -1.5453 4.0304 0.5167
vt -1.3594 4.0304 0.5167
vt -1.7230 4.0304 0.5167
vt -1.8843 4.0304 0.5167
vt -1.8843 3.8670 0.5167
vt -1.8843 3.5000 0.5167
vt -1.8843 3.6875 0.5167
vt -1.5453 2.9375 0.5167
vt -1.5453 2.7500 0.5167
vt -1.3594 2.7500 0.5167
vt -1.3594 2.9375 0.5167
vt -1.5453 3.1250 0.5167
vt -1.3594 3.1250 0.5167
vt -1.7230 2.9375 0.5167
vt -1.7230 2.7500 0.5167
vt -1.7230 3.1250 0.5167
vt -1.5453 3.3125 0.5167
vt -1.3594 3.3125 0.5167
vt -1.7230 3.3125 0.5167
vt -1.8843 3.3125 0.5167
vt -1.8843 3.1250 0.5167
vt -1.8843 2.7500 0.5167
vt -1.8843 2.9375 0.5167
vt -1.5453 2.1875 0.5167
vt -1.5453 2.0000 0.5167
vt -1.3594 2.0000 0.5167
vt -1.3594 2.1875 0.5167
vt -1.5453 2.3750 0.5167
vt -1.3594 2.3750 0.5167
vt -1.7230 2.1875 0.5167
vt -1.7230 2.0000 0.5167
vt -1.7230 2.3750 0.5167
vt -1.5453 2.5625 0.5167
vt -1.3594 2.5625 0.5167
vt -1.7230 2.5625 0.5167
vt -1.8843 2.5625 0.5167
vt -1.8843 2.3750 0.5167
vt -1.8843 2.0000 0.5167
vt -1.8843 2.1875 0.5167
vt -1.5453 1.4375 0.5167
vt -1.3594 1.4375 0.5167
vt -1.5453 1.6250 0.5167
vt -1.3594 1.6250 0.5167
vt -1.7230 1.4375 0.5167
vt -1.7230 1.6250 0.5167
vt -1.5453 1.8125 0.5167
vt -1.3594 1.8125 0.5167
vt -1.7230 1.8125 0.5167
vt -1.8843 1.8125 0.5167
vt -1.8843 1.6250 0.5167
vt -1.8843 1.4375 0.5167
vt -1.1734 -3.2771 0.5167
vt -1.1734 -3.1698 0.5167
vt -1.1734 -3.3568 0.5165
vt -0.9875 -3.2771 0.5167
vt -0.9875 -3.1698 0.5167
vt -0.9875 -3.3568 0.5165
vt -1.1734 -3.4518 0.5146
vt -1.1734 -3.4135 0.5158
vt -0.9875 -3.4518 0.5146
vt -0.9875 -3.4135 0.5158
vt -0.8016 -3.4135 0.5158
vt -0.8016 -3.4518 0.5146
vt -0.6156 -3.4518 0.5146
vt -0.6156 -3.4135 0.5158
vt -0.8016 -3.3568 0.5165
vt -0.6156 -3.3568 0.5165
vt -0.8016 -3.1698 0.5167
vt -0.8016 -3.2771 0.5167
vt -0.6156 -3.2771 0.5167
vt -0.6156 -3.1698 0.5167
vt -1.1734 -2.6875 0.5167
vt -1.1734 -2.5000 0.5167
vt -1.1734 -2.8670 0.5167
vt -0.9875 -2.6875 0.5167
vt -0.9875 -2.5000 0.5167
vt -0.9875 -2.8670 0.5167
vt -1.1734 -3.0304 0.5167
vt -0.9875 -3.0304 0.5167
vt -0.8016 -3.0304 0.5167
vt -0.6156 -3.0304 0.5167
vt -0.8016 -2.8670 0.5167
vt -0.6156 -2.8670 0.5167
vt -0.8016 -2.5000 0.5167
vt -0.8016 -2.6875 0.5167
vt -0.6156 -2.6875 0.5167
vt -0.6156 -2.5000 0.5167
vt -1.1734 -1.9375 0.5167
vt -1.1734 -1.7500 0.5167
vt -1.1734 -2.1250 0.5167
vt -0.9875 -1.9375 0.5167
vt -0.9875 -1.7500 0.5167
vt -0.9875 -2.1250 0.5167
vt -1.1734 -2.3125 0.5167
vt -0.9875 -2.3125 0.5167
vt -0.8016 -2.3125 0.5167
vt -0.6156 -2.3125 0.5167
vt -0.8016 -2.1250 0.5167
vt -0.6156 -2.1250 0.5167
vt -0.8016 -1.7500 0.5167
vt -0.8016 -1.9375 0.5167
vt -0.6156 -1.9375 0.5167
vt -0.6156 -1.7500 0.5167
vt -1.1734 -1.1875 0.5167
vt -1.1734 -1.0000 0.5167
vt -1.1734 -1.3750 0.5167
vt -0.9875 -1.1875 0.5167
vt -0.9875 -1.0000 0.5167
vt -0.9875 -1.3750 0.5167
vt -1.1734 -1.5625 0.5167
vt -0.9875 -1.5625 0.5167
vt -0.8016 -1.5625 0.5167
vt -0.6156 -1.5625 0.5167
vt -0.8016 -1.3750 0.5167
vt -0.6156 -1.3750 0.5167
vt -0.8016 -1.0000 0.5167
vt -0.8016 -1.1875 0.5167
vt -0.6156 -1.1875 0.5167
vt -0.6156 -1.0000 0.5167
vt -1.1734 -0.4375 0.5167
vt -1.1734 -0.2500 0.5167
vt -1.1734 -0.6250 0.5167
vt -0.9875 -0.4375 0.5167
vt -0.9875 -0.2500 0.5167
vt -0.9875 -0.6250 0.5167
vt -1.1734 -0.8125 0.5167
vt -0.9875 -0.8125 0.5167
vt -0.8016 -0.8125 0.5167
vt -0.6156 -0.8125 0.5167
vt -0.8016 -0.6250 0.5167
vt -0.6156 -0.6250 0.5167
vt -0.8016 -0.2500 0.5167
vt -0.8016 -0.4375 0.5167
vt -0.6156 -0.4375 0.5167
vt -0.6156 -0.2500 0.5167
vt -1.1734 0.3125 0.5167
vt -1.1734 0.1250 0.5167
vt -0.9875 0.3125 0.5167
vt -0.9875 0.1250 0.5167
vt -1.1734 -0.0625 0.5167
vt -0.9875 -0.0625 0.5167
vt -0.8016 -0.0625 0.5167
vt -0.6156 -0.0625 0.5167
vt -0.8016 0.1250 0.5167
vt -0.6156 0.1250 0.5167
vt -0.8016 0.3125 0.5167
vt -0.6156 0.3125 0.5167
vt -0.8016 4.2771 0.5167
vt -0.8016 4.1698 0.5167
vt -0.6156 4.1698 0.5167
vt -0.6156 4.2771 0.5167
vt -0.8016 4.3568 0.5165
vt -0.6156 4.3568 0.5165
vt -0.9875 4.2771 0.5167
vt -0.9875 4.1698 0.5167
vt -0.9875 4.3568 0.5165
vt -0.8016 4.4518 0.5146
vt -0.8016 4.4135 0.5158
vt -0.6156 4.4135 0.5158
vt -0.6156 4.4518 0.5146
vt -0.9875 4.4518 0.5146
vt -0.9875 4.4135 0.5158
vt -1.1734 4.4135 0.5158
vt -1.1734 4.4518 0.5146
vt -1.1734 4.3568 0.5165
vt -1.1734 4.1698 0.5167
vt -1.1734 4.2771 0.5167
vt -0.8016 3.6875 0.5167
vt -0.8016 3.5000 0.5167
vt -0.6156 3.5000 0.5167
vt -0.6156 3.6875 0.5167
vt -0.8016 3.8670 0.5167
vt -0.6156 3.8670 0.5167
vt -0.9875 3.6875 0.5167
vt -0.9875 3.5000 0.5167
vt -0.9875 3.8670 0.5167
vt -0.8016 4.0304 0.5167
vt -0.6156 4.0304 0.5167
vt -0.9875 4.0304 0.5167
vt -1.1734 4.0304 0.5167
vt -1.1734 3.8670 0.5167
vt -1.1734 3.5000 0.5167
vt -1.1734 3.6875 0.5167
vt -0.8016 2.9375 0.5167
vt -0.8016 2.7500 0.5167
vt -0.6156 2.7500 0.5167
vt -0.6156 2.9375 0.5167
vt -0.8016 3.1250 0.5167
vt -0.6156 3.1250 0.5167
vt -0.9875 2.9375 0.5167
vt -0.9875 2.7500 0.5167
vt -0.9875 3.1250 0.5167
vt -0.8016 3.3125 0.5167
vt -0.6156 3.3125 0.5167
vt -0.9875 3.3125 0.5167
vt -1.1734 3.3125 0.5167
vt -1.1734 3.1250 0.5167
vt -1.1734 2.7500 0.5167
vt -1.1734 2.9375 0.5167
vt -0.8016 2.1875 0.5167
vt -0.8016 2.0000 0.5167
vt -0.6156 2.0000 0.5167
vt -0.6156 2.1875 0.5167
vt -0.8016 2.3750 0.5167
vt -0.6156 2.3750 0.5167
vt -0.9875 2.1875 0.5167
vt -0.9875 2.0000 0.5167
vt -0.9875 2.3750 0.5167
vt -0.8016 2.5625 0.5167
vt -0.6156 2.5625 0.5167
vt -0.9875 2.5625 0.5167
vt -1.1734 2.5625 0.5167
vt -1.1734 2.3750 0.5167
vt -1.1734 2.0000 0.5167
vt -1.1734 2.1875 0.5167
vt -0.8016 1.4375 0.5167
vt -0.6156 1.4375 0.5167
vt -0.8016 1.6250 0.5167
vt -0.6156 1.6250 0.5167
vt -0.9875 1.4375 0.5167
vt -0.9875 1.6250 0.5167
vt -0.8016 1.8125 0.5167
vt -0.6156 1.8125 0.5167
vt -0.9875 1.8125 0.5167
vt -1.1734 1.8125 0.5167
vt -1.1734 1.6250 0.5167
vt -1.1734 1.4375 0.5167
vt -0.4297 -3.2771 0.5167
vt -0.4297 -3.1698 0.5167
vt -0.4297 -3.3568 0.5165
vt -0.2438 -3.2771 0.5167
vt -0.2438 -3.1698 0.5167
vt -0.2438 -3.3568 0.5165
vt -0.4297 -3.4518 0.5146
vt -0.4297 -3.4135 0.5158
vt -0.2438 -3.4518 0.5146
vt -0.2438 -3.4135 0.5158
vt -0.0578 -3.4135 0.5158
vt -0.0578 -3.4518 0.5146
vt -0.0578 -3.3568 0.5165
vt -0.0578 -3.1698 0.5167
vt -0.0578 -3.2771 0.5167
vt -0.4297 -2.6875 0.5167
vt -0.4297 -2.5000 0.5167
vt -0.4297 -2.8670 0.5167
vt -0.2438 -2.6875 0.5167
vt -0.2438 -2.5000 0.5167
vt -0.2438 -2.8670 0.5167
vt -0.4297 -3.0304 0.5167
vt -0.2438 -3.0304 0.5167
vt -0.0578 -3.0304 0.5167
vt -0.0578 -2.8670 0.5167
vt -0.0578 -2.5000 0.5167
vt -0.0578 -2.6875 0.5167
vt -0.4297 -1.9375 0.5167
vt -0.4297 -1.7500 0.5167
vt -0.4297 -2.1250 0.5167
vt -0.2438 -1.9375 0.5167
vt -0.2438 -1.7500 0.5167
vt -0.2438 -2.1250 0.5167
vt -0.4297 -2.3125 0.5167
vt -0.2438 -2.3125 0.5167
vt -0.0578 -2.3125 0.5167
vt -0.0578 -2.1250 0.5167
vt -0.0578 -1.7500 0.5167
vt -0.0578 -1.9375 0.5167
vt -0.4297 -1.1875 0.5167
vt -0.4297 -1.0000 0.5167
vt -0.4297 -1.3750 0.5167
vt -0.2438 -1.1875 0.5167
vt -0.2438 -1.0000 0.5167
vt -0.2438 -1.3750 0.5167
vt -0.4297 -1.5625 0.5167
vt -0.2438 -1.5625 0.5167
vt -0.0578 -1.5625 0.5167
vt -0.0578 -1.3750 0.5167
vt -0.0578 -1.0000 0.5167
vt -0.0578 -1.1875 0.5167
vt -0.4297 -0.4375 0.5167
vt -0.4297 -0.2500 0.5167
vt -0.4297 -0.6250 0.5167
vt -0.2438 -0.4375 0.5167
vt -0.2438 -0.2500 0.5167
vt -0.2438 -0.6250 0.5167
vt -0.4297 -0.8125 0.5167
vt -0.2438 -0.8125 0.5167
vt -0.0578 -0.8125 0.5167
vt -0.0578 -0.6250 0.5167
vt -0.0578 -0.2500 0.5167
vt -0.0578 -0.4375 0.5167
vt -0.4297 0.3125 0.5167
vt -0.4297 0.1250 0.5167
vt -0.2438 0.3125 0.5167
vt -0.2438 0.1250 0.5167
vt -0.4297 -0.0625 0.5167
vt -0.2438 -0.0625 0.5167
vt -0.0578 -0.0625 0.5167
vt -0.0578 0.1250 0.5167
vt -0.0578 0.3125 0.5167
vt -0.0578 4.2771 0.5167
vt -0.0578 4.1698 0.5167
vt -0.0578 4.3568 0.5165
vt -0.2437 4.2771 0.5167
vt -0.2437 4.1698 0.5167
vt -0.2437 4.3568 0.5165
vt -0.0578 4.4518 0.5146
vt -0.0578 4.4135 0.5158
vt -0.2437 4.4518 0.5146
vt -0.2437 4.4135 0.5158
vt -0.4297 4.4135 0.5158
vt -0.4297 4.4518 0.5146
vt -0.4297 4.3568 0.5165
vt -0.4297 4.1698 0.5167
vt -0.4297 4.2771 0.5167
vt -0.0578 3.6875 0.5167
vt -0.0578 3.5000 0.5167
vt -0.0578 3.8670 0.5167
vt -0.2437 3.6875 0.5167
vt -0.2437 3.5000 0.5167
vt -0.2437 3.8670 0.5167
vt -0.0578 4.0304 0.5167
vt -0.2437 4.0304 0.5167
vt -0.4297 4.0304 0.5167
vt -0.4297 3.8670 0.5167
vt -0.4297 3.5000 0.5167
vt -0.4297 3.6875 0.5167
vt -0.0578 2.9375 0.5167
vt -0.0578 2.7500 0.5167
vt -0.0578 3.1250 0.5167
vt -0.2437 2.9375 0.5167
vt -0.2437 2.7500 0.5167
vt -0.2437 3.1250 0.5167
vt -0.0578 3.3125 0.5167
vt -0.2437 3.3125 0.5167
vt -0.4297 3.3125 0.5167
vt -0.4297 3.1250 0.5167
vt -0.4297 2.7500 0.5167
vt -0.4297 2.9375 0.5167
vt -0.0578 2.1875 0.5167
vt -0.0578 2.0000 0.5167
vt -0.0578 2.3750 0.5167
vt -0.2437 2.1875 0.5167
vt -0.2437 2.0000 0.5167
vt -0.2437 2.3750 0.5167
vt -0.0578 2.5625 0.5167
vt -0.2437 2.5625 0.5167
vt -0.4297 2.5625 0.5167
vt -0.4297 2.3750 0.5167
vt -0.4297 2.0000 0.5167
vt -0.4297 2.1875 0.5167
vt -0.0578 1.4375 0.5167
vt -0.0578 1.6250 0.5167
vt -0.2437 1.4375 0.5167
vt -0.2437 1.6250 0.5167
vt -0.0578 1.8125 0.5167
vt -0.2437 1.8125 0.5167
vt -0.4297 1.8125 0.5167
vt -0.4297 1.6250 0.5167
vt -0.4297 1.4375 0.5167
vt -2.3102 -3.4513 0.5113
vt -2.3097 -3.4752 0.5101
vt -2.2878 -3.4756 0.5113
vt 3.2878 -3.4756 0.5113
vt 3.3097 -3.4752 0.5101
vt 3.3102 -3.4513 0.5113
vt -2.2878 4.4756 0.5113
vt -2.3097 4.4752 0.5101
vt -2.3102 4.4513 0.5113
vt 3.3102 4.4513 0.5113
vt 3.3097 4.4752 0.5101
vt 3.2878 4.4756 0.5113
vt -2.2529 -3.4759 0.5120
vt -2.2001 -3.4760 0.5124
vt -2.1244 -3.4760 0.5125
vt -2.0208 -3.4760 0.5125
vt 3.3104 -3.4134 0.5120
vt 3.3106 -3.3568 0.5124
vt 3.3106 -3.2771 0.5125
vt 3.3106 -3.1698 0.5125
vt 3.2529 4.4759 0.5120
vt 3.2001 4.4760 0.5124
vt 3.1244 4.4760 0.5125
vt 3.0208 4.4760 0.5125
vt -2.3104 4.4134 0.5120
vt -2.3106 4.3568 0.5124
vt -2.3106 4.2771 0.5125
vt -2.3106 4.1698 0.5125
vt -1.8843 -3.4760 0.5125
vt -1.7230 -3.4760 0.5125
vt -1.5453 -3.4760 0.5125
vt -1.3594 -3.4760 0.5125
vt -1.1734 -3.4760 0.5125
vt -0.9875 -3.4760 0.5125
vt -0.8016 -3.4760 0.5125
vt -0.6156 -3.4760 0.5125
vt -0.4297 -3.4760 0.5125
vt -0.2438 -3.4760 0.5125
vt -0.0578 -3.4760 0.5125
vt 0.1281 -3.4760 0.5125
vt 0.3141 -3.4760 0.5125
vt 0.5000 -3.4760 0.5125
vt 0.6859 -3.4760 0.5125
vt 0.8719 -3.4760 0.5125
vt 1.0578 -3.4760 0.5125
vt 1.2437 -3.4760 0.5125
vt 1.4297 -3.4760 0.5125
vt 1.6156 -3.4760 0.5125
vt 1.8016 -3.4760 0.5125
vt 1.9875 -3.4760 0.5125
vt 2.1734 -3.4760 0.5125
vt 2.3594 -3.4760 0.5125
vt 2.5453 -3.4760 0.5125
vt 2.7230 -3.4760 0.5125
vt 2.8843 -3.4760 0.5125
vt 3.0208 -3.4760 0.5125
vt 3.1244 -3.4760 0.5125
vt 3.2001 -3.4760 0.5124
vt 3.2529 -3.4759 0.5120
vt 2.8843 4.4760 0.5125
vt 2.7230 4.4760 0.5125
vt 2.5453 4.4760 0.5125
vt 2.3594 4.4760 0.5125
vt 2.1734 4.4760 0.5125
vt 1.9875 4.4760 0.5125
vt 1.8016 4.4760 0.5125
vt 1.6156 4.4760 0.5125
vt 1.4297 4.4760 0.5125
vt 1.2438 4.4760 0.5125
vt 1.0578 4.4760 0.5125
vt 0.8719 4.4760 0.5125
vt 0.6859 4.4760 0.5125
vt 0.5000 4.4760 0.5125
vt 0.3141 4.4760 0.5125
vt 0.1281 4.4760 0.5125
vt -0.0578 4.4760 0.5125
vt -0.2437 4.4760 0.5125
vt -0.4297 4.4760 0.5125
vt -0.6156 4.4760 0.5125
vt -0.8016 4.4760 0.5125
vt -0.9875 4.4760 0.5125
vt -1.1734 4.4760 0.5125
vt -1.3594 4.4760 0.5125
vt -1.5453 4.4760 0.5125
vt -1.7230 4.4760 0.5125
vt -1.8843 4.4760 0.5125
vt -2.0208 4.4760 0.5125
vt -2.1244 4.4760 0.5125
vt -2.2001 4.4760 0.5124
vt -2.2529 4.4759 0.5120
vt 3.3106 -3.0304 0.5125
vt 3.3106 -2.8670 0.5125
vt 3.3106 -2.6875 0.5125
vt 3.3106 -2.5000 0.5125
vt 3.3106 -2.3125 0.5125
vt 3.3106 -2.1250 0.5125
vt 3.3106 -1.9375 0.5125
vt 3.3106 -1.7500 0.5125
vt 3.3106 -1.5625 0.5125
vt 3.3106 -1.3750 0.5125
vt 3.3106 -1.1875 0.5125
vt 3.3106 -1.0000 0.5125
vt 3.3106 -0.8125 0.5125
vt 3.3106 -0.6250 0.5125
vt 3.3106 -0.4375 0.5125
vt 3.3106 -0.2500 0.5125
vt 3.3106 -0.0625 0.5125
vt 3.3106 0.1250 0.5125
vt 3.3106 0.3125 0.5125
vt 3.3106 0.5000 0.5125
vt 3.3106 0.6875 0.5125
vt 3.3106 0.8750 0.5125
vt 3.3106 1.0625 0.5125
vt 3.3106 1.2500 0.5125
vt 3.3106 1.4375 0.5125
vt 3.3106 1.6250 0.5125
vt 3.3106 1.8125 0.5125
vt 3.3106 2.0000 0.5125
vt 3.3106 2.1875 0.5125
vt 3.3106 2.3750 0.5125
vt 3.3106 2.5625 0.5125
vt 3.3106 2.7500 0.5125
vt 3.3106 2.9375 0.5125
vt 3.3106 3.1250 0.5125
vt 3.3106 3.3125 0.5125
vt 3.3106 3.5000 0.5125
vt 3.3106 3.6875 0.5125
vt 3.3106 3.8670 0.5125
vt 3.3106 4.0304 0.5125
vt 3.3106 4.1698 0.5125
vt 3.3106 4.2771 0.5125
vt 3.3106 4.3568 0.5124
vt 3.3104 4.4134 0.5120
vt -2.3106 4.0304 0.5125
vt -2.3106 3.8670 0.5125
vt -2.3106 3.6875 0.5125
vt -2.3106 3.5000 0.5125
vt -2.3106 3.3125 0.5125
vt -2.3106 3.1250 0.5125
vt -2.3106 2.9375 0.5125
vt -2.3106 2.7500 0.5125
vt -2.3106 2.5625 0.5125
vt -2.3106 2.3750 0.5125
vt -2.3106 2.1875 0.5125
vt -2.3106 2.0000 0.5125
vt -2.3106 1.8125 0.5125
vt -2.3106 1.6250 0.5125
vt -2.3106 1.4375 0.5125
vt -2.3106 1.2500 0.5125
vt -2.3106 1.0625 0.5125
vt -2.3106 0.8750 0.5125
vt -2.3106 0.6875 0.5125
vt -2.3106 0.5000 0.5125
vt -2.3106 0.3125 0.5125
vt -2.3106 0.1250 0.5125
vt -2.3106 -0.0625 0.5125
vt -2.3106 -0.2500 0.5125
vt -2.3106 -0.4375 0.5125
vt -2.3106 -0.6250 0.5125
vt -2.3106 -0.8125 0.5125
vt -2.3106 -1.0000 0.5125
vt -2.3106 -1.1875 0.5125
vt -2.3106 -1.3750 0.5125
vt -2.3106 -1.5625 0.5125
vt -2.3106 -1.7500 0.5125
vt -2.3106 -1.9375 0.5125
vt -2.3106 -2.1250 0.5125
vt -2.3106 -2.3125 0.5125
vt -2.3106 -2.5000 0.5125
vt -2.3106 -2.6875 0.5125
vt -2.3106 -2.8670 0.5125
vt -2.3106 -3.0304 0.5125
vt -2.3106 -3.1698 0.5125
vt -2.3106 -3.2771 0.5125
vt -2.3106 -3.3568 0.5124
vt -2.3104 -3.4134 0.5120
# 2038 texture coords

g Architectural_Model_008_05_Carpet
usemtl wire_000000000
s 64
f 1/1/1 2/2/1 3/3/1 4/4/1 
f 5/5/1 1/1/1 4/4/1 6/6/1 
f 7/7/1 8/8/1 2/2/1 1/1/1 
f 9/9/1 7/7/1 1/1/1 5/5/1 
f 10/10/1 11/11/1 12/12/1 13/13/1 
f 14/14/1 15/15/1 11/11/1 10/10/1 
f 11/11/1 5/5/1 6/6/1 12/12/1 
f 15/15/1 9/9/1 5/5/1 11/11/1 
f 16/16/1 17/17/1 18/18/1 19/19/1 
f 20/20/1 16/16/1 19/19/1 21/21/1 
f 15/15/1 14/14/1 17/17/1 16/16/1 
f 9/9/1 15/15/1 16/16/1 20/20/1 
f 22/22/1 23/23/1 24/24/1 25/25/1 
f 8/8/1 7/7/1 23/23/1 22/22/1 
f 23/23/1 20/20/1 21/21/1 24/24/1 
f 7/7/1 9/9/1 20/20/1 23/23/1 
f 26/26/2 27/27/2 28/28/3 29/29/3 
f 30/30/2 26/26/2 29/29/3 31/31/3 
f 32/32/4 33/33/4 27/27/2 26/26/2 
f 34/34/4 32/32/4 26/26/2 30/30/2 
f 35/35/2 36/36/2 37/37/3 38/38/3 
f 39/39/4 40/40/4 36/36/2 35/35/2 
f 36/36/2 30/30/2 31/31/3 37/37/3 
f 40/40/4 34/34/4 30/30/2 36/36/2 
f 41/41/5 42/42/5 43/43/1 44/44/1 
f 45/45/5 41/41/5 44/44/1 46/46/1 
f 40/40/4 39/39/4 42/42/5 41/41/5 
f 34/34/4 40/40/4 41/41/5 45/45/5 
f 47/47/5 48/48/5 49/49/1 50/50/1 
f 33/33/4 32/32/4 48/48/5 47/47/5 
f 48/48/5 45/45/5 46/46/1 49/49/1 
f 32/32/4 34/34/4 45/45/5 48/48/5 
f 51/51/1 52/52/1 50/50/1 49/49/1 
f 53/53/1 51/51/1 49/49/1 46/46/1 
f 54/54/1 55/55/1 52/52/1 51/51/1 
f 56/56/1 54/54/1 51/51/1 53/53/1 
f 57/57/1 58/58/1 44/44/1 43/43/1 
f 59/59/1 60/60/1 58/58/1 57/57/1 
f 58/58/1 53/53/1 46/46/1 44/44/1 
f 60/60/1 56/56/1 53/53/1 58/58/1 
f 61/61/1 62/62/1 63/63/1 64/64/1 
f 65/65/1 61/61/1 64/64/1 66/66/1 
f 60/60/1 59/59/1 62/62/1 61/61/1 
f 56/56/1 60/60/1 61/61/1 65/65/1 
f 67/67/1 68/68/1 69/69/1 70/70/1 
f 55/55/1 54/54/1 68/68/1 67/67/1 
f 68/68/1 65/65/1 66/66/1 69/69/1 
f 54/54/1 56/56/1 65/65/1 68/68/1 
f 71/71/1 72/72/1 70/70/1 69/69/1 
f 73/73/1 71/71/1 69/69/1 66/66/1 
f 74/74/1 75/75/1 72/72/1 71/71/1 
f 76/76/1 74/74/1 71/71/1 73/73/1 
f 77/77/1 78/78/1 64/64/1 63/63/1 
f 79/79/1 80/80/1 78/78/1 77/77/1 
f 78/78/1 73/73/1 66/66/1 64/64/1 
f 80/80/1 76/76/1 73/73/1 78/78/1 
f 81/81/1 82/82/1 83/83/1 84/84/1 
f 85/85/1 81/81/1 84/84/1 86/86/1 
f 80/80/1 79/79/1 82/82/1 81/81/1 
f 76/76/1 80/80/1 81/81/1 85/85/1 
f 87/87/1 88/88/1 89/89/1 90/90/1 
f 75/75/1 74/74/1 88/88/1 87/87/1 
f 88/88/1 85/85/1 86/86/1 89/89/1 
f 74/74/1 76/76/1 85/85/1 88/88/1 
f 91/91/1 92/92/1 90/90/1 89/89/1 
f 93/93/1 91/91/1 89/89/1 86/86/1 
f 94/94/1 95/95/1 92/92/1 91/91/1 
f 96/96/1 94/94/1 91/91/1 93/93/1 
f 97/97/1 98/98/1 84/84/1 83/83/1 
f 99/99/1 100/100/1 98/98/1 97/97/1 
f 98/98/1 93/93/1 86/86/1 84/84/1 
f 100/100/1 96/96/1 93/93/1 98/98/1 
f 101/101/1 102/102/1 13/13/1 12/12/1 
f 103/103/1 101/101/1 12/12/1 6/6/1 
f 100/100/1 99/99/1 102/102/1 101/101/1 
f 96/96/1 100/100/1 101/101/1 103/103/1 
f 104/104/1 105/105/1 4/4/1 3/3/1 
f 95/95/1 94/94/1 105/105/1 104/104/1 
f 105/105/1 103/103/1 6/6/1 4/4/1 
f 94/94/1 96/96/1 103/103/1 105/105/1 
f 106/106/6 107/107/6 108/108/7 109/109/7 
f 110/110/6 106/106/6 109/109/7 111/111/7 
f 112/112/8 113/113/8 107/107/6 106/106/6 
f 114/114/8 112/112/8 106/106/6 110/110/6 
f 115/115/6 116/116/6 117/117/7 118/118/7 
f 119/119/8 120/120/8 116/116/6 115/115/6 
f 116/116/6 110/110/6 111/111/7 117/117/7 
f 120/120/8 114/114/8 110/110/6 116/116/6 
f 121/121/9 122/122/9 123/123/1 124/124/1 
f 125/125/9 121/121/9 124/124/1 126/126/1 
f 120/120/8 119/119/8 122/122/9 121/121/9 
f 114/114/8 120/120/8 121/121/9 125/125/9 
f 127/127/9 128/128/9 129/129/1 130/130/1 
f 113/113/8 112/112/8 128/128/9 127/127/9 
f 128/128/9 125/125/9 126/126/1 129/129/1 
f 112/112/8 114/114/8 125/125/9 128/128/9 
f 131/131/1 132/132/1 130/130/1 129/129/1 
f 133/133/1 131/131/1 129/129/1 126/126/1 
f 134/134/1 135/135/1 132/132/1 131/131/1 
f 136/136/1 134/134/1 131/131/1 133/133/1 
f 137/137/1 138/138/1 124/124/1 123/123/1 
f 139/139/1 140/140/1 138/138/1 137/137/1 
f 138/138/1 133/133/1 126/126/1 124/124/1 
f 140/140/1 136/136/1 133/133/1 138/138/1 
f 141/141/1 142/142/1 143/143/1 144/144/1 
f 145/145/1 141/141/1 144/144/1 146/146/1 
f 140/140/1 139/139/1 142/142/1 141/141/1 
f 136/136/1 140/140/1 141/141/1 145/145/1 
f 147/147/1 148/148/1 149/149/1 150/150/1 
f 135/135/1 134/134/1 148/148/1 147/147/1 
f 148/148/1 145/145/1 146/146/1 149/149/1 
f 134/134/1 136/136/1 145/145/1 148/148/1 
f 151/151/1 152/152/1 150/150/1 149/149/1 
f 153/153/1 151/151/1 149/149/1 146/146/1 
f 154/154/1 155/155/1 152/152/1 151/151/1 
f 156/156/1 154/154/1 151/151/1 153/153/1 
f 157/157/1 158/158/1 144/144/1 143/143/1 
f 159/159/1 160/160/1 158/158/1 157/157/1 
f 158/158/1 153/153/1 146/146/1 144/144/1 
f 160/160/1 156/156/1 153/153/1 158/158/1 
f 161/161/1 162/162/1 163/163/1 164/164/1 
f 165/165/1 161/161/1 164/164/1 166/166/1 
f 160/160/1 159/159/1 162/162/1 161/161/1 
f 156/156/1 160/160/1 161/161/1 165/165/1 
f 167/167/1 168/168/1 169/169/1 170/170/1 
f 155/155/1 154/154/1 168/168/1 167/167/1 
f 168/168/1 165/165/1 166/166/1 169/169/1 
f 154/154/1 156/156/1 165/165/1 168/168/1 
f 171/171/1 172/172/1 170/170/1 169/169/1 
f 173/173/1 171/171/1 169/169/1 166/166/1 
f 174/174/1 175/175/1 172/172/1 171/171/1 
f 176/176/1 174/174/1 171/171/1 173/173/1 
f 177/177/1 178/178/1 164/164/1 163/163/1 
f 179/179/1 180/180/1 178/178/1 177/177/1 
f 178/178/1 173/173/1 166/166/1 164/164/1 
f 180/180/1 176/176/1 173/173/1 178/178/1 
f 181/181/1 182/182/1 18/18/1 183/183/1 
f 184/184/1 181/181/1 183/183/1 185/185/1 
f 180/180/1 179/179/1 182/182/1 181/181/1 
f 176/176/1 180/180/1 181/181/1 184/184/1 
f 186/186/1 187/187/1 188/188/1 189/189/1 
f 175/175/1 174/174/1 187/187/1 186/186/1 
f 187/187/1 184/184/1 185/185/1 188/188/1 
f 174/174/1 176/176/1 184/184/1 187/187/1 
f 190/190/10 191/191/1 192/192/1 193/193/10 
f 194/194/11 190/190/10 193/193/10 195/195/11 
f 196/196/10 197/197/1 191/191/1 190/190/10 
f 198/198/11 196/196/10 190/190/10 194/194/11 
f 199/199/12 200/200/13 201/201/13 202/202/12 
f 203/203/12 204/204/13 200/200/13 199/199/12 
f 200/200/13 194/194/11 195/195/11 201/201/13 
f 204/204/13 198/198/11 194/194/11 200/200/13 
f 205/205/13 206/206/12 207/207/12 208/208/13 
f 209/209/11 205/205/13 208/208/13 210/210/11 
f 204/204/13 203/203/12 206/206/12 205/205/13 
f 198/198/11 204/204/13 205/205/13 209/209/11 
f 211/211/1 212/212/10 213/213/10 214/214/1 
f 197/197/1 196/196/10 212/212/10 211/211/1 
f 212/212/10 209/209/11 210/210/11 213/213/10 
f 196/196/10 198/198/11 209/209/11 212/212/10 
f 215/215/1 216/216/1 217/217/1 218/218/1 
f 219/219/1 215/215/1 218/218/1 220/220/1 
f 221/221/1 222/222/1 216/216/1 215/215/1 
f 223/223/1 221/221/1 215/215/1 219/219/1 
f 191/191/1 224/224/1 225/225/1 192/192/1 
f 197/197/1 226/226/1 224/224/1 191/191/1 
f 224/224/1 219/219/1 220/220/1 225/225/1 
f 226/226/1 223/223/1 219/219/1 224/224/1 
f 227/227/1 211/211/1 214/214/1 228/228/1 
f 229/229/1 227/227/1 228/228/1 230/230/1 
f 226/226/1 197/197/1 211/211/1 227/227/1 
f 223/223/1 226/226/1 227/227/1 229/229/1 
f 231/231/1 232/232/1 233/233/1 234/234/1 
f 222/222/1 221/221/1 232/232/1 231/231/1 
f 232/232/1 229/229/1 230/230/1 233/233/1 
f 221/221/1 223/223/1 229/229/1 232/232/1 
f 235/235/1 236/236/1 237/237/1 238/238/1 
f 239/239/1 235/235/1 238/238/1 240/240/1 
f 241/241/1 242/242/1 236/236/1 235/235/1 
f 243/243/1 241/241/1 235/235/1 239/239/1 
f 216/216/1 244/244/1 245/245/1 217/217/1 
f 222/222/1 246/246/1 244/244/1 216/216/1 
f 244/244/1 239/239/1 240/240/1 245/245/1 
f 246/246/1 243/243/1 239/239/1 244/244/1 
f 247/247/1 231/231/1 234/234/1 248/248/1 
f 249/249/1 247/247/1 248/248/1 250/250/1 
f 246/246/1 222/222/1 231/231/1 247/247/1 
f 243/243/1 246/246/1 247/247/1 249/249/1 
f 251/251/1 252/252/1 253/253/1 254/254/1 
f 242/242/1 241/241/1 252/252/1 251/251/1 
f 252/252/1 249/249/1 250/250/1 253/253/1 
f 241/241/1 243/243/1 249/249/1 252/252/1 
f 255/255/1 256/256/1 257/257/1 258/258/1 
f 259/259/1 255/255/1 258/258/1 260/260/1 
f 261/261/1 262/262/1 256/256/1 255/255/1 
f 263/263/1 261/261/1 255/255/1 259/259/1 
f 236/236/1 264/264/1 265/265/1 237/237/1 
f 242/242/1 266/266/1 264/264/1 236/236/1 
f 264/264/1 259/259/1 260/260/1 265/265/1 
f 266/266/1 263/263/1 259/259/1 264/264/1 
f 267/267/1 251/251/1 254/254/1 268/268/1 
f 269/269/1 267/267/1 268/268/1 270/270/1 
f 266/266/1 242/242/1 251/251/1 267/267/1 
f 263/263/1 266/266/1 267/267/1 269/269/1 
f 271/271/1 272/272/1 273/273/1 274/274/1 
f 262/262/1 261/261/1 272/272/1 271/271/1 
f 272/272/1 269/269/1 270/270/1 273/273/1 
f 261/261/1 263/263/1 269/269/1 272/272/1 
f 275/275/1 276/276/1 277/277/1 278/278/1 
f 279/279/1 275/275/1 278/278/1 280/280/1 
f 281/281/1 282/282/1 276/276/1 275/275/1 
f 283/283/1 281/281/1 275/275/1 279/279/1 
f 256/256/1 284/284/1 285/285/1 257/257/1 
f 262/262/1 286/286/1 284/284/1 256/256/1 
f 284/284/1 279/279/1 280/280/1 285/285/1 
f 286/286/1 283/283/1 279/279/1 284/284/1 
f 287/287/1 271/271/1 274/274/1 288/288/1 
f 289/289/1 287/287/1 288/288/1 290/290/1 
f 286/286/1 262/262/1 271/271/1 287/287/1 
f 283/283/1 286/286/1 287/287/1 289/289/1 
f 291/291/1 292/292/1 293/293/1 189/189/1 
f 282/282/1 281/281/1 292/292/1 291/291/1 
f 292/292/1 289/289/1 290/290/1 293/293/1 
f 281/281/1 283/283/1 289/289/1 292/292/1 
f 294/294/1 10/10/1 13/13/1 295/295/1 
f 296/296/1 294/294/1 295/295/1 297/297/1 
f 298/298/1 14/14/1 10/10/1 294/294/1 
f 299/299/1 298/298/1 294/294/1 296/296/1 
f 276/276/1 300/300/1 301/301/1 277/277/1 
f 282/282/1 302/302/1 300/300/1 276/276/1 
f 300/300/1 296/296/1 297/297/1 301/301/1 
f 302/302/1 299/299/1 296/296/1 300/300/1 
f 303/303/1 291/291/1 189/189/1 188/188/1 
f 304/304/1 303/303/1 188/188/1 185/185/1 
f 302/302/1 282/282/1 291/291/1 303/303/1 
f 299/299/1 302/302/1 303/303/1 304/304/1 
f 17/17/1 305/305/1 183/183/1 18/18/1 
f 14/14/1 298/298/1 305/305/1 17/17/1 
f 305/305/1 304/304/1 185/185/1 183/183/1 
f 298/298/1 299/299/1 304/304/1 305/305/1 
f 306/306/14 307/307/1 308/308/1 309/309/14 
f 310/310/15 306/306/14 309/309/14 311/311/15 
f 312/312/14 313/313/1 307/307/1 306/306/14 
f 314/314/15 312/312/14 306/306/14 310/310/15 
f 315/315/16 316/316/17 317/317/17 318/318/16 
f 319/319/16 320/320/17 316/316/17 315/315/16 
f 316/316/17 310/310/15 311/311/15 317/317/17 
f 320/320/17 314/314/15 310/310/15 316/316/17 
f 321/321/17 322/322/16 323/323/16 324/324/17 
f 325/325/15 321/321/17 324/324/17 326/326/15 
f 320/320/17 319/319/16 322/322/16 321/321/17 
f 314/314/15 320/320/17 321/321/17 325/325/15 
f 327/327/1 328/328/14 329/329/14 330/330/1 
f 313/313/1 312/312/14 328/328/14 327/327/1 
f 328/328/14 325/325/15 326/326/15 329/329/14 
f 312/312/14 314/314/15 325/325/15 328/328/14 
f 331/331/1 332/332/1 333/333/1 334/334/1 
f 335/335/1 331/331/1 334/334/1 336/336/1 
f 337/337/1 338/338/1 332/332/1 331/331/1 
f 339/339/1 337/337/1 331/331/1 335/335/1 
f 307/307/1 340/340/1 341/341/1 308/308/1 
f 313/313/1 342/342/1 340/340/1 307/307/1 
f 340/340/1 335/335/1 336/336/1 341/341/1 
f 342/342/1 339/339/1 335/335/1 340/340/1 
f 343/343/1 327/327/1 330/330/1 344/344/1 
f 345/345/1 343/343/1 344/344/1 346/346/1 
f 342/342/1 313/313/1 327/327/1 343/343/1 
f 339/339/1 342/342/1 343/343/1 345/345/1 
f 347/347/1 348/348/1 349/349/1 350/350/1 
f 338/338/1 337/337/1 348/348/1 347/347/1 
f 348/348/1 345/345/1 346/346/1 349/349/1 
f 337/337/1 339/339/1 345/345/1 348/348/1 
f 351/351/1 352/352/1 353/353/1 354/354/1 
f 355/355/1 351/351/1 354/354/1 356/356/1 
f 357/357/1 358/358/1 352/352/1 351/351/1 
f 359/359/1 357/357/1 351/351/1 355/355/1 
f 332/332/1 360/360/1 361/361/1 333/333/1 
f 338/338/1 362/362/1 360/360/1 332/332/1 
f 360/360/1 355/355/1 356/356/1 361/361/1 
f 362/362/1 359/359/1 355/355/1 360/360/1 
f 363/363/1 347/347/1 350/350/1 364/364/1 
f 365/365/1 363/363/1 364/364/1 366/366/1 
f 362/362/1 338/338/1 347/347/1 363/363/1 
f 359/359/1 362/362/1 363/363/1 365/365/1 
f 367/367/1 368/368/1 369/369/1 370/370/1 
f 358/358/1 357/357/1 368/368/1 367/367/1 
f 368/368/1 365/365/1 366/366/1 369/369/1 
f 357/357/1 359/359/1 365/365/1 368/368/1 
f 371/371/1 372/372/1 373/373/1 374/374/1 
f 375/375/1 371/371/1 374/374/1 376/376/1 
f 377/377/1 378/378/1 372/372/1 371/371/1 
f 379/379/1 377/377/1 371/371/1 375/375/1 
f 352/352/1 380/380/1 381/381/1 353/353/1 
f 358/358/1 382/382/1 380/380/1 352/352/1 
f 380/380/1 375/375/1 376/376/1 381/381/1 
f 382/382/1 379/379/1 375/375/1 380/380/1 
f 383/383/1 367/367/1 370/370/1 384/384/1 
f 385/385/1 383/383/1 384/384/1 386/386/1 
f 382/382/1 358/358/1 367/367/1 383/383/1 
f 379/379/1 382/382/1 383/383/1 385/385/1 
f 387/387/1 388/388/1 389/389/1 390/390/1 
f 378/378/1 377/377/1 388/388/1 387/387/1 
f 388/388/1 385/385/1 386/386/1 389/389/1 
f 377/377/1 379/379/1 385/385/1 388/388/1 
f 391/391/1 22/22/1 25/25/1 392/392/1 
f 393/393/1 391/391/1 392/392/1 394/394/1 
f 395/395/1 8/8/1 22/22/1 391/391/1 
f 396/396/1 395/395/1 391/391/1 393/393/1 
f 372/372/1 397/397/1 398/398/1 373/373/1 
f 378/378/1 399/399/1 397/397/1 372/372/1 
f 397/397/1 393/393/1 394/394/1 398/398/1 
f 399/399/1 396/396/1 393/393/1 397/397/1 
f 400/400/1 387/387/1 390/390/1 401/401/1 
f 402/402/1 400/400/1 401/401/1 403/403/1 
f 399/399/1 378/378/1 387/387/1 400/400/1 
f 396/396/1 399/399/1 400/400/1 402/402/1 
f 2/2/1 404/404/1 405/405/1 3/3/1 
f 8/8/1 395/395/1 404/404/1 2/2/1 
f 404/404/1 402/402/1 403/403/1 405/405/1 
f 395/395/1 396/396/1 402/402/1 404/404/1 
f 406/406/18 407/407/18 408/408/18 409/409/18 
f 410/410/18 406/406/18 409/409/18 411/411/18 
f 412/412/18 410/410/18 411/411/18 413/413/18 
f 414/414/18 415/415/18 416/416/18 417/417/18 
f 415/415/18 412/412/18 413/413/18 416/416/18 
f 418/418/18 414/414/18 417/417/18 419/419/18 
f 420/420/18 421/421/18 409/409/18 408/408/18 
f 422/422/18 423/423/18 421/421/18 420/420/18 
f 424/424/18 425/425/18 426/426/18 427/427/18 
f 423/423/18 422/422/18 425/425/18 424/424/18 
f 428/428/18 429/429/18 417/417/18 416/416/18 
f 430/430/18 428/428/18 416/416/18 413/413/18 
f 431/431/18 432/432/18 429/429/18 428/428/18 
f 433/433/18 431/431/18 428/428/18 430/430/18 
f 421/421/18 434/434/18 411/411/18 409/409/18 
f 423/423/18 435/435/18 434/434/18 421/421/18 
f 434/434/18 430/430/18 413/413/18 411/411/18 
f 435/435/18 433/433/18 430/430/18 434/434/18 
f 436/436/18 424/424/18 427/427/18 437/437/18 
f 438/438/18 436/436/18 437/437/18 439/439/18 
f 435/435/18 423/423/18 424/424/18 436/436/18 
f 433/433/18 435/435/18 436/436/18 438/438/18 
f 440/440/18 441/441/18 442/442/18 443/443/18 
f 432/432/18 431/431/18 441/441/18 440/440/18 
f 441/441/18 438/438/18 439/439/18 442/442/18 
f 431/431/18 433/433/18 438/438/18 441/441/18 
f 429/429/18 444/444/18 419/419/18 417/417/18 
f 432/432/18 445/445/18 444/444/18 429/429/18 
f 446/446/18 440/440/18 443/443/18 447/447/18 
f 445/445/18 432/432/18 440/440/18 446/446/18 
f 448/448/18 449/449/18 427/427/18 426/426/18 
f 450/450/18 451/451/18 443/443/18 442/442/18 
f 452/452/18 450/450/18 442/442/18 439/439/18 
f 449/449/18 453/453/18 437/437/18 427/427/18 
f 453/453/18 452/452/18 439/439/18 437/437/18 
f 451/451/18 454/454/18 447/447/18 443/443/18 
f 455/455/19 456/456/2 457/457/3 458/458/20 
f 459/459/21 455/455/19 458/458/20 460/460/22 
f 461/461/23 462/462/4 456/456/2 455/455/19 
f 463/463/24 461/461/23 455/455/19 459/459/21 
f 464/464/25 465/465/26 466/466/27 467/467/28 
f 468/468/29 469/469/30 465/465/26 464/464/25 
f 465/465/26 459/459/21 460/460/22 466/466/27 
f 469/469/30 463/463/24 459/459/21 465/465/26 
f 470/470/31 471/471/32 472/472/12 473/473/13 
f 474/474/33 470/470/31 473/473/13 475/475/11 
f 469/469/30 468/468/29 471/471/32 470/470/31 
f 463/463/24 469/469/30 470/470/31 474/474/33 
f 476/476/5 477/477/34 478/478/10 479/479/1 
f 462/462/4 461/461/23 477/477/34 476/476/5 
f 477/477/34 474/474/33 475/475/11 478/478/10 
f 461/461/23 463/463/24 474/474/33 477/477/34 
f 480/480/2 481/481/2 482/482/3 483/483/3 
f 484/484/2 480/480/2 483/483/3 485/485/3 
f 486/486/4 487/487/4 481/481/2 480/480/2 
f 488/488/4 486/486/4 480/480/2 484/484/2 
f 456/456/2 489/489/2 490/490/3 457/457/3 
f 462/462/4 491/491/4 489/489/2 456/456/2 
f 489/489/2 484/484/2 485/485/3 490/490/3 
f 491/491/4 488/488/4 484/484/2 489/489/2 
f 492/492/5 476/476/5 479/479/1 493/493/1 
f 494/494/5 492/492/5 493/493/1 495/495/1 
f 491/491/4 462/462/4 476/476/5 492/492/5 
f 488/488/4 491/491/4 492/492/5 494/494/5 
f 496/496/5 497/497/5 498/498/1 499/499/1 
f 487/487/4 486/486/4 497/497/5 496/496/5 
f 497/497/5 494/494/5 495/495/1 498/498/1 
f 486/486/4 488/488/4 494/494/5 497/497/5 
f 500/500/2 501/501/2 502/502/3 503/503/3 
f 504/504/2 500/500/2 503/503/3 505/505/3 
f 506/506/4 507/507/4 501/501/2 500/500/2 
f 508/508/4 506/506/4 500/500/2 504/504/2 
f 481/481/2 509/509/2 510/510/3 482/482/3 
f 487/487/4 511/511/4 509/509/2 481/481/2 
f 509/509/2 504/504/2 505/505/3 510/510/3 
f 511/511/4 508/508/4 504/504/2 509/509/2 
f 512/512/5 496/496/5 499/499/1 513/513/1 
f 514/514/5 512/512/5 513/513/1 515/515/1 
f 511/511/4 487/487/4 496/496/5 512/512/5 
f 508/508/4 511/511/4 512/512/5 514/514/5 
f 516/516/5 517/517/5 518/518/1 519/519/1 
f 507/507/4 506/506/4 517/517/5 516/516/5 
f 517/517/5 514/514/5 515/515/1 518/518/1 
f 506/506/4 508/508/4 514/514/5 517/517/5 
f 520/520/2 521/521/2 522/522/3 523/523/3 
f 524/524/2 520/520/2 523/523/3 525/525/3 
f 526/526/4 527/527/4 521/521/2 520/520/2 
f 528/528/4 526/526/4 520/520/2 524/524/2 
f 501/501/2 529/529/2 530/530/3 502/502/3 
f 507/507/4 531/531/4 529/529/2 501/501/2 
f 529/529/2 524/524/2 525/525/3 530/530/3 
f 531/531/4 528/528/4 524/524/2 529/529/2 
f 532/532/5 516/516/5 519/519/1 533/533/1 
f 534/534/5 532/532/5 533/533/1 535/535/1 
f 531/531/4 507/507/4 516/516/5 532/532/5 
f 528/528/4 531/531/4 532/532/5 534/534/5 
f 536/536/5 537/537/5 538/538/1 539/539/1 
f 527/527/4 526/526/4 537/537/5 536/536/5 
f 537/537/5 534/534/5 535/535/1 538/538/1 
f 526/526/4 528/528/4 534/534/5 537/537/5 
f 540/540/2 541/541/2 542/542/3 543/543/3 
f 544/544/2 540/540/2 543/543/3 545/545/3 
f 546/546/4 547/547/4 541/541/2 540/540/2 
f 548/548/4 546/546/4 540/540/2 544/544/2 
f 521/521/2 549/549/2 550/550/3 522/522/3 
f 527/527/4 551/551/4 549/549/2 521/521/2 
f 549/549/2 544/544/2 545/545/3 550/550/3 
f 551/551/4 548/548/4 544/544/2 549/549/2 
f 552/552/5 536/536/5 539/539/1 553/553/1 
f 554/554/5 552/552/5 553/553/1 555/555/1 
f 551/551/4 527/527/4 536/536/5 552/552/5 
f 548/548/4 551/551/4 552/552/5 554/554/5 
f 556/556/5 557/557/5 558/558/1 559/559/1 
f 547/547/4 546/546/4 557/557/5 556/556/5 
f 557/557/5 554/554/5 555/555/1 558/558/1 
f 546/546/4 548/548/4 554/554/5 557/557/5 
f 560/560/2 35/35/2 38/38/3 561/561/3 
f 562/562/2 560/560/2 561/561/3 563/563/3 
f 564/564/4 39/39/4 35/35/2 560/560/2 
f 565/565/4 564/564/4 560/560/2 562/562/2 
f 541/541/2 566/566/2 567/567/3 542/542/3 
f 547/547/4 568/568/4 566/566/2 541/541/2 
f 566/566/2 562/562/2 563/563/3 567/567/3 
f 568/568/4 565/565/4 562/562/2 566/566/2 
f 569/569/5 556/556/5 559/559/1 570/570/1 
f 571/571/5 569/569/5 570/570/1 572/572/1 
f 568/568/4 547/547/4 556/556/5 569/569/5 
f 565/565/4 568/568/4 569/569/5 571/571/5 
f 42/42/5 573/573/5 574/574/1 43/43/1 
f 39/39/4 564/564/4 573/573/5 42/42/5 
f 573/573/5 571/571/5 572/572/1 574/574/1 
f 564/564/4 565/565/4 571/571/5 573/573/5 
f 575/575/35 576/576/5 577/577/1 578/578/14 
f 579/579/36 575/575/35 578/578/14 580/580/15 
f 581/581/37 582/582/4 576/576/5 575/575/35 
f 583/583/38 581/581/37 575/575/35 579/579/36 
f 584/584/39 585/585/40 586/586/17 587/587/16 
f 588/588/41 589/589/42 585/585/40 584/584/39 
f 585/585/40 579/579/36 580/580/15 586/586/17 
f 589/589/42 583/583/38 579/579/36 585/585/40 
f 590/590/43 591/591/44 592/592/45 593/593/46 
f 594/594/47 590/590/43 593/593/46 595/595/48 
f 589/589/42 588/588/41 591/591/44 590/590/43 
f 583/583/38 589/589/42 590/590/43 594/594/47 
f 596/596/2 597/597/49 598/598/50 599/599/3 
f 582/582/4 581/581/37 597/597/49 596/596/2 
f 597/597/49 594/594/47 595/595/48 598/598/50 
f 581/581/37 583/583/38 594/594/47 597/597/49 
f 600/600/5 601/601/5 602/602/1 603/603/1 
f 604/604/5 600/600/5 603/603/1 605/605/1 
f 606/606/4 607/607/4 601/601/5 600/600/5 
f 608/608/4 606/606/4 600/600/5 604/604/5 
f 576/576/5 609/609/5 610/610/1 577/577/1 
f 582/582/4 611/611/4 609/609/5 576/576/5 
f 609/609/5 604/604/5 605/605/1 610/610/1 
f 611/611/4 608/608/4 604/604/5 609/609/5 
f 612/612/2 596/596/2 599/599/3 613/613/3 
f 614/614/2 612/612/2 613/613/3 615/615/3 
f 611/611/4 582/582/4 596/596/2 612/612/2 
f 608/608/4 611/611/4 612/612/2 614/614/2 
f 616/616/2 617/617/2 618/618/3 619/619/3 
f 607/607/4 606/606/4 617/617/2 616/616/2 
f 617/617/2 614/614/2 615/615/3 618/618/3 
f 606/606/4 608/608/4 614/614/2 617/617/2 
f 620/620/5 621/621/5 622/622/1 623/623/1 
f 624/624/5 620/620/5 623/623/1 625/625/1 
f 626/626/4 627/627/4 621/621/5 620/620/5 
f 628/628/4 626/626/4 620/620/5 624/624/5 
f 601/601/5 629/629/5 630/630/1 602/602/1 
f 607/607/4 631/631/4 629/629/5 601/601/5 
f 629/629/5 624/624/5 625/625/1 630/630/1 
f 631/631/4 628/628/4 624/624/5 629/629/5 
f 632/632/2 616/616/2 619/619/3 633/633/3 
f 634/634/2 632/632/2 633/633/3 635/635/3 
f 631/631/4 607/607/4 616/616/2 632/632/2 
f 628/628/4 631/631/4 632/632/2 634/634/2 
f 636/636/2 637/637/2 638/638/3 639/639/3 
f 627/627/4 626/626/4 637/637/2 636/636/2 
f 637/637/2 634/634/2 635/635/3 638/638/3 
f 626/626/4 628/628/4 634/634/2 637/637/2 
f 640/640/5 641/641/5 642/642/1 643/643/1 
f 644/644/5 640/640/5 643/643/1 645/645/1 
f 646/646/4 647/647/4 641/641/5 640/640/5 
f 648/648/4 646/646/4 640/640/5 644/644/5 
f 621/621/5 649/649/5 650/650/1 622/622/1 
f 627/627/4 651/651/4 649/649/5 621/621/5 
f 649/649/5 644/644/5 645/645/1 650/650/1 
f 651/651/4 648/648/4 644/644/5 649/649/5 
f 652/652/2 636/636/2 639/639/3 653/653/3 
f 654/654/2 652/652/2 653/653/3 655/655/3 
f 651/651/4 627/627/4 636/636/2 652/652/2 
f 648/648/4 651/651/4 652/652/2 654/654/2 
f 656/656/2 657/657/2 658/658/3 659/659/3 
f 647/647/4 646/646/4 657/657/2 656/656/2 
f 657/657/2 654/654/2 655/655/3 658/658/3 
f 646/646/4 648/648/4 654/654/2 657/657/2 
f 660/660/5 47/47/5 50/50/1 661/661/1 
f 662/662/5 660/660/5 661/661/1 663/663/1 
f 664/664/4 33/33/4 47/47/5 660/660/5 
f 665/665/4 664/664/4 660/660/5 662/662/5 
f 641/641/5 666/666/5 667/667/1 642/642/1 
f 647/647/4 668/668/4 666/666/5 641/641/5 
f 666/666/5 662/662/5 663/663/1 667/667/1 
f 668/668/4 665/665/4 662/662/5 666/666/5 
f 669/669/2 656/656/2 659/659/3 670/670/3 
f 671/671/2 669/669/2 670/670/3 672/672/3 
f 668/668/4 647/647/4 656/656/2 669/669/2 
f 665/665/4 668/668/4 669/669/2 671/671/2 
f 27/27/2 673/673/2 674/674/3 28/28/3 
f 33/33/4 664/664/4 673/673/2 27/27/2 
f 673/673/2 671/671/2 672/672/3 674/674/3 
f 664/664/4 665/665/4 671/671/2 673/673/2 
f 675/675/10 676/676/1 479/479/1 478/478/10 
f 677/677/11 675/675/10 478/478/10 475/475/11 
f 678/678/10 679/679/1 676/676/1 675/675/10 
f 680/680/11 678/678/10 675/675/10 677/677/11 
f 681/681/12 682/682/13 473/473/13 472/472/12 
f 683/683/12 684/684/13 682/682/13 681/681/12 
f 682/682/13 677/677/11 475/475/11 473/473/13 
f 684/684/13 680/680/11 677/677/11 682/682/13 
f 685/685/13 686/686/12 687/687/12 688/688/13 
f 689/689/11 685/685/13 688/688/13 690/690/11 
f 684/684/13 683/683/12 686/686/12 685/685/13 
f 680/680/11 684/684/13 685/685/13 689/689/11 
f 691/691/1 692/692/10 693/693/10 694/694/1 
f 679/679/1 678/678/10 692/692/10 691/691/1 
f 692/692/10 689/689/11 690/690/11 693/693/10 
f 678/678/10 680/680/11 689/689/11 692/692/10 
f 695/695/1 696/696/1 499/499/1 498/498/1 
f 697/697/1 695/695/1 498/498/1 495/495/1 
f 698/698/1 699/699/1 696/696/1 695/695/1 
f 700/700/1 698/698/1 695/695/1 697/697/1 
f 676/676/1 701/701/1 493/493/1 479/479/1 
f 679/679/1 702/702/1 701/701/1 676/676/1 
f 701/701/1 697/697/1 495/495/1 493/493/1 
f 702/702/1 700/700/1 697/697/1 701/701/1 
f 703/703/1 691/691/1 694/694/1 704/704/1 
f 705/705/1 703/703/1 704/704/1 706/706/1 
f 702/702/1 679/679/1 691/691/1 703/703/1 
f 700/700/1 702/702/1 703/703/1 705/705/1 
f 707/707/1 708/708/1 709/709/1 710/710/1 
f 699/699/1 698/698/1 708/708/1 707/707/1 
f 708/708/1 705/705/1 706/706/1 709/709/1 
f 698/698/1 700/700/1 705/705/1 708/708/1 
f 711/711/1 712/712/1 519/519/1 518/518/1 
f 713/713/1 711/711/1 518/518/1 515/515/1 
f 714/714/1 715/715/1 712/712/1 711/711/1 
f 716/716/1 714/714/1 711/711/1 713/713/1 
f 696/696/1 717/717/1 513/513/1 499/499/1 
f 699/699/1 718/718/1 717/717/1 696/696/1 
f 717/717/1 713/713/1 515/515/1 513/513/1 
f 718/718/1 716/716/1 713/713/1 717/717/1 
f 719/719/1 707/707/1 710/710/1 720/720/1 
f 721/721/1 719/719/1 720/720/1 722/722/1 
f 718/718/1 699/699/1 707/707/1 719/719/1 
f 716/716/1 718/718/1 719/719/1 721/721/1 
f 723/723/1 724/724/1 725/725/1 726/726/1 
f 715/715/1 714/714/1 724/724/1 723/723/1 
f 724/724/1 721/721/1 722/722/1 725/725/1 
f 714/714/1 716/716/1 721/721/1 724/724/1 
f 727/727/1 728/728/1 539/539/1 538/538/1 
f 729/729/1 727/727/1 538/538/1 535/535/1 
f 730/730/1 731/731/1 728/728/1 727/727/1 
f 732/732/1 730/730/1 727/727/1 729/729/1 
f 712/712/1 733/733/1 533/533/1 519/519/1 
f 715/715/1 734/734/1 733/733/1 712/712/1 
f 733/733/1 729/729/1 535/535/1 533/533/1 
f 734/734/1 732/732/1 729/729/1 733/733/1 
f 735/735/1 723/723/1 726/726/1 736/736/1 
f 737/737/1 735/735/1 736/736/1 738/738/1 
f 734/734/1 715/715/1 723/723/1 735/735/1 
f 732/732/1 734/734/1 735/735/1 737/737/1 
f 739/739/1 740/740/1 741/741/1 742/742/1 
f 731/731/1 730/730/1 740/740/1 739/739/1 
f 740/740/1 737/737/1 738/738/1 741/741/1 
f 730/730/1 732/732/1 737/737/1 740/740/1 
f 743/743/1 744/744/1 559/559/1 558/558/1 
f 745/745/1 743/743/1 558/558/1 555/555/1 
f 746/746/1 747/747/1 744/744/1 743/743/1 
f 748/748/1 746/746/1 743/743/1 745/745/1 
f 728/728/1 749/749/1 553/553/1 539/539/1 
f 731/731/1 750/750/1 749/749/1 728/728/1 
f 749/749/1 745/745/1 555/555/1 553/553/1 
f 750/750/1 748/748/1 745/745/1 749/749/1 
f 751/751/1 739/739/1 742/742/1 752/752/1 
f 753/753/1 751/751/1 752/752/1 754/754/1 
f 750/750/1 731/731/1 739/739/1 751/751/1 
f 748/748/1 750/750/1 751/751/1 753/753/1 
f 755/755/1 756/756/1 757/757/1 758/758/1 
f 747/747/1 746/746/1 756/756/1 755/755/1 
f 756/756/1 753/753/1 754/754/1 757/757/1 
f 746/746/1 748/748/1 753/753/1 756/756/1 
f 759/759/1 57/57/1 43/43/1 574/574/1 
f 760/760/1 759/759/1 574/574/1 572/572/1 
f 761/761/1 59/59/1 57/57/1 759/759/1 
f 762/762/1 761/761/1 759/759/1 760/760/1 
f 744/744/1 763/763/1 570/570/1 559/559/1 
f 747/747/1 764/764/1 763/763/1 744/744/1 
f 763/763/1 760/760/1 572/572/1 570/570/1 
f 764/764/1 762/762/1 760/760/1 763/763/1 
f 765/765/1 755/755/1 758/758/1 766/766/1 
f 767/767/1 765/765/1 766/766/1 768/768/1 
f 764/764/1 747/747/1 755/755/1 765/765/1 
f 762/762/1 764/764/1 765/765/1 767/767/1 
f 62/62/1 769/769/1 770/770/1 63/63/1 
f 59/59/1 761/761/1 769/769/1 62/62/1 
f 769/769/1 767/767/1 768/768/1 770/770/1 
f 761/761/1 762/762/1 767/767/1 769/769/1 
f 771/771/14 772/772/1 773/773/1 774/774/14 
f 775/775/15 771/771/14 774/774/14 776/776/15 
f 777/777/14 778/778/1 772/772/1 771/771/14 
f 779/779/15 777/777/14 771/771/14 775/775/15 
f 780/780/16 781/781/17 782/782/17 783/783/16 
f 784/784/16 785/785/17 781/781/17 780/780/16 
f 781/781/17 775/775/15 776/776/15 782/782/17 
f 785/785/17 779/779/15 775/775/15 781/781/17 
f 786/786/17 787/787/16 587/587/16 586/586/17 
f 788/788/15 786/786/17 586/586/17 580/580/15 
f 785/785/17 784/784/16 787/787/16 786/786/17 
f 779/779/15 785/785/17 786/786/17 788/788/15 
f 789/789/1 790/790/14 578/578/14 577/577/1 
f 778/778/1 777/777/14 790/790/14 789/789/1 
f 790/790/14 788/788/15 580/580/15 578/578/14 
f 777/777/14 779/779/15 788/788/15 790/790/14 
f 791/791/1 792/792/1 793/793/1 794/794/1 
f 795/795/1 791/791/1 794/794/1 796/796/1 
f 797/797/1 798/798/1 792/792/1 791/791/1 
f 799/799/1 797/797/1 791/791/1 795/795/1 
f 772/772/1 800/800/1 801/801/1 773/773/1 
f 778/778/1 802/802/1 800/800/1 772/772/1 
f 800/800/1 795/795/1 796/796/1 801/801/1 
f 802/802/1 799/799/1 795/795/1 800/800/1 
f 803/803/1 789/789/1 577/577/1 610/610/1 
f 804/804/1 803/803/1 610/610/1 605/605/1 
f 802/802/1 778/778/1 789/789/1 803/803/1 
f 799/799/1 802/802/1 803/803/1 804/804/1 
f 805/805/1 806/806/1 603/603/1 602/602/1 
f 798/798/1 797/797/1 806/806/1 805/805/1 
f 806/806/1 804/804/1 605/605/1 603/603/1 
f 797/797/1 799/799/1 804/804/1 806/806/1 
f 807/807/1 808/808/1 809/809/1 810/810/1 
f 811/811/1 807/807/1 810/810/1 812/812/1 
f 813/813/1 814/814/1 808/808/1 807/807/1 
f 815/815/1 813/813/1 807/807/1 811/811/1 
f 792/792/1 816/816/1 817/817/1 793/793/1 
f 798/798/1 818/818/1 816/816/1 792/792/1 
f 816/816/1 811/811/1 812/812/1 817/817/1 
f 818/818/1 815/815/1 811/811/1 816/816/1 
f 819/819/1 805/805/1 602/602/1 630/630/1 
f 820/820/1 819/819/1 630/630/1 625/625/1 
f 818/818/1 798/798/1 805/805/1 819/819/1 
f 815/815/1 818/818/1 819/819/1 820/820/1 
f 821/821/1 822/822/1 623/623/1 622/622/1 
f 814/814/1 813/813/1 822/822/1 821/821/1 
f 822/822/1 820/820/1 625/625/1 623/623/1 
f 813/813/1 815/815/1 820/820/1 822/822/1 
f 823/823/1 824/824/1 825/825/1 826/826/1 
f 827/827/1 823/823/1 826/826/1 828/828/1 
f 829/829/1 830/830/1 824/824/1 823/823/1 
f 831/831/1 829/829/1 823/823/1 827/827/1 
f 808/808/1 832/832/1 833/833/1 809/809/1 
f 814/814/1 834/834/1 832/832/1 808/808/1 
f 832/832/1 827/827/1 828/828/1 833/833/1 
f 834/834/1 831/831/1 827/827/1 832/832/1 
f 835/835/1 821/821/1 622/622/1 650/650/1 
f 836/836/1 835/835/1 650/650/1 645/645/1 
f 834/834/1 814/814/1 821/821/1 835/835/1 
f 831/831/1 834/834/1 835/835/1 836/836/1 
f 837/837/1 838/838/1 643/643/1 642/642/1 
f 830/830/1 829/829/1 838/838/1 837/837/1 
f 838/838/1 836/836/1 645/645/1 643/643/1 
f 829/829/1 831/831/1 836/836/1 838/838/1 
f 839/839/1 67/67/1 70/70/1 840/840/1 
f 841/841/1 839/839/1 840/840/1 842/842/1 
f 843/843/1 55/55/1 67/67/1 839/839/1 
f 844/844/1 843/843/1 839/839/1 841/841/1 
f 824/824/1 845/845/1 846/846/1 825/825/1 
f 830/830/1 847/847/1 845/845/1 824/824/1 
f 845/845/1 841/841/1 842/842/1 846/846/1 
f 847/847/1 844/844/1 841/841/1 845/845/1 
f 848/848/1 837/837/1 642/642/1 667/667/1 
f 849/849/1 848/848/1 667/667/1 663/663/1 
f 847/847/1 830/830/1 837/837/1 848/848/1 
f 844/844/1 847/847/1 848/848/1 849/849/1 
f 52/52/1 850/850/1 661/661/1 50/50/1 
f 55/55/1 843/843/1 850/850/1 52/52/1 
f 850/850/1 849/849/1 663/663/1 661/661/1 
f 843/843/1 844/844/1 849/849/1 850/850/1 
f 851/851/10 852/852/1 694/694/1 693/693/10 
f 853/853/11 851/851/10 693/693/10 690/690/11 
f 854/854/10 855/855/1 852/852/1 851/851/10 
f 856/856/11 854/854/10 851/851/10 853/853/11 
f 857/857/12 858/858/13 688/688/13 687/687/12 
f 859/859/12 860/860/13 858/858/13 857/857/12 
f 858/858/13 853/853/11 690/690/11 688/688/13 
f 860/860/13 856/856/11 853/853/11 858/858/13 
f 861/861/13 862/862/12 863/863/12 864/864/13 
f 865/865/11 861/861/13 864/864/13 866/866/11 
f 860/860/13 859/859/12 862/862/12 861/861/13 
f 856/856/11 860/860/13 861/861/13 865/865/11 
f 867/867/1 868/868/10 869/869/10 870/870/1 
f 855/855/1 854/854/10 868/868/10 867/867/1 
f 868/868/10 865/865/11 866/866/11 869/869/10 
f 854/854/10 856/856/11 865/865/11 868/868/10 
f 871/871/1 872/872/1 710/710/1 709/709/1 
f 873/873/1 871/871/1 709/709/1 706/706/1 
f 874/874/1 875/875/1 872/872/1 871/871/1 
f 876/876/1 874/874/1 871/871/1 873/873/1 
f 852/852/1 877/877/1 704/704/1 694/694/1 
f 855/855/1 878/878/1 877/877/1 852/852/1 
f 877/877/1 873/873/1 706/706/1 704/704/1 
f 878/878/1 876/876/1 873/873/1 877/877/1 
f 879/879/1 867/867/1 870/870/1 880/880/1 
f 881/881/1 879/879/1 880/880/1 882/882/1 
f 878/878/1 855/855/1 867/867/1 879/879/1 
f 876/876/1 878/878/1 879/879/1 881/881/1 
f 883/883/1 884/884/1 885/885/1 886/886/1 
f 875/875/1 874/874/1 884/884/1 883/883/1 
f 884/884/1 881/881/1 882/882/1 885/885/1 
f 874/874/1 876/876/1 881/881/1 884/884/1 
f 887/887/1 888/888/1 726/726/1 725/725/1 
f 889/889/1 887/887/1 725/725/1 722/722/1 
f 890/890/1 891/891/1 888/888/1 887/887/1 
f 892/892/1 890/890/1 887/887/1 889/889/1 
f 872/872/1 893/893/1 720/720/1 710/710/1 
f 875/875/1 894/894/1 893/893/1 872/872/1 
f 893/893/1 889/889/1 722/722/1 720/720/1 
f 894/894/1 892/892/1 889/889/1 893/893/1 
f 895/895/1 883/883/1 886/886/1 896/896/1 
f 897/897/1 895/895/1 896/896/1 898/898/1 
f 894/894/1 875/875/1 883/883/1 895/895/1 
f 892/892/1 894/894/1 895/895/1 897/897/1 
f 899/899/1 900/900/1 901/901/1 902/902/1 
f 891/891/1 890/890/1 900/900/1 899/899/1 
f 900/900/1 897/897/1 898/898/1 901/901/1 
f 890/890/1 892/892/1 897/897/1 900/900/1 
f 903/903/1 904/904/1 742/742/1 741/741/1 
f 905/905/1 903/903/1 741/741/1 738/738/1 
f 906/906/1 907/907/1 904/904/1 903/903/1 
f 908/908/1 906/906/1 903/903/1 905/905/1 
f 888/888/1 909/909/1 736/736/1 726/726/1 
f 891/891/1 910/910/1 909/909/1 888/888/1 
f 909/909/1 905/905/1 738/738/1 736/736/1 
f 910/910/1 908/908/1 905/905/1 909/909/1 
f 911/911/1 899/899/1 902/902/1 912/912/1 
f 913/913/1 911/911/1 912/912/1 914/914/1 
f 910/910/1 891/891/1 899/899/1 911/911/1 
f 908/908/1 910/910/1 911/911/1 913/913/1 
f 915/915/1 916/916/1 917/917/1 918/918/1 
f 907/907/1 906/906/1 916/916/1 915/915/1 
f 916/916/1 913/913/1 914/914/1 917/917/1 
f 906/906/1 908/908/1 913/913/1 916/916/1 
f 919/919/1 920/920/1 758/758/1 757/757/1 
f 921/921/1 919/919/1 757/757/1 754/754/1 
f 922/922/1 923/923/1 920/920/1 919/919/1 
f 924/924/1 922/922/1 919/919/1 921/921/1 
f 904/904/1 925/925/1 752/752/1 742/742/1 
f 907/907/1 926/926/1 925/925/1 904/904/1 
f 925/925/1 921/921/1 754/754/1 752/752/1 
f 926/926/1 924/924/1 921/921/1 925/925/1 
f 927/927/1 915/915/1 918/918/1 928/928/1 
f 929/929/1 927/927/1 928/928/1 930/930/1 
f 926/926/1 907/907/1 915/915/1 927/927/1 
f 924/924/1 926/926/1 927/927/1 929/929/1 
f 931/931/1 932/932/1 933/933/1 934/934/1 
f 923/923/1 922/922/1 932/932/1 931/931/1 
f 932/932/1 929/929/1 930/930/1 933/933/1 
f 922/922/1 924/924/1 929/929/1 932/932/1 
f 935/935/1 77/77/1 63/63/1 770/770/1 
f 936/936/1 935/935/1 770/770/1 768/768/1 
f 937/937/1 79/79/1 77/77/1 935/935/1 
f 938/938/1 937/937/1 935/935/1 936/936/1 
f 920/920/1 939/939/1 766/766/1 758/758/1 
f 923/923/1 940/940/1 939/939/1 920/920/1 
f 939/939/1 936/936/1 768/768/1 766/766/1 
f 940/940/1 938/938/1 936/936/1 939/939/1 
f 941/941/1 931/931/1 934/934/1 942/942/1 
f 943/943/1 941/941/1 942/942/1 944/944/1 
f 940/940/1 923/923/1 931/931/1 941/941/1 
f 938/938/1 940/940/1 941/941/1 943/943/1 
f 82/82/1 945/945/1 946/946/1 83/83/1 
f 79/79/1 937/937/1 945/945/1 82/82/1 
f 945/945/1 943/943/1 944/944/1 946/946/1 
f 937/937/1 938/938/1 943/943/1 945/945/1 
f 947/947/14 948/948/1 949/949/1 950/950/14 
f 951/951/15 947/947/14 950/950/14 952/952/15 
f 953/953/14 954/954/1 948/948/1 947/947/14 
f 955/955/15 953/953/14 947/947/14 951/951/15 
f 956/956/16 957/957/17 958/958/17 959/959/16 
f 960/960/16 961/961/17 957/957/17 956/956/16 
f 957/957/17 951/951/15 952/952/15 958/958/17 
f 961/961/17 955/955/15 951/951/15 957/957/17 
f 962/962/17 963/963/16 783/783/16 782/782/17 
f 964/964/15 962/962/17 782/782/17 776/776/15 
f 961/961/17 960/960/16 963/963/16 962/962/17 
f 955/955/15 961/961/17 962/962/17 964/964/15 
f 965/965/1 966/966/14 774/774/14 773/773/1 
f 954/954/1 953/953/14 966/966/14 965/965/1 
f 966/966/14 964/964/15 776/776/15 774/774/14 
f 953/953/14 955/955/15 964/964/15 966/966/14 
f 967/967/1 968/968/1 969/969/1 970/970/1 
f 971/971/1 967/967/1 970/970/1 972/972/1 
f 973/973/1 974/974/1 968/968/1 967/967/1 
f 975/975/1 973/973/1 967/967/1 971/971/1 
f 948/948/1 976/976/1 977/977/1 949/949/1 
f 954/954/1 978/978/1 976/976/1 948/948/1 
f 976/976/1 971/971/1 972/972/1 977/977/1 
f 978/978/1 975/975/1 971/971/1 976/976/1 
f 979/979/1 965/965/1 773/773/1 801/801/1 
f 980/980/1 979/979/1 801/801/1 796/796/1 
f 978/978/1 954/954/1 965/965/1 979/979/1 
f 975/975/1 978/978/1 979/979/1 980/980/1 
f 981/981/1 982/982/1 794/794/1 793/793/1 
f 974/974/1 973/973/1 982/982/1 981/981/1 
f 982/982/1 980/980/1 796/796/1 794/794/1 
f 973/973/1 975/975/1 980/980/1 982/982/1 
f 983/983/1 984/984/1 985/985/1 986/986/1 
f 987/987/1 983/983/1 986/986/1 988/988/1 
f 989/989/1 990/990/1 984/984/1 983/983/1 
f 991/991/1 989/989/1 983/983/1 987/987/1 
f 968/968/1 992/992/1 993/993/1 969/969/1 
f 974/974/1 994/994/1 992/992/1 968/968/1 
f 992/992/1 987/987/1 988/988/1 993/993/1 
f 994/994/1 991/991/1 987/987/1 992/992/1 
f 995/995/1 981/981/1 793/793/1 817/817/1 
f 996/996/1 995/995/1 817/817/1 812/812/1 
f 994/994/1 974/974/1 981/981/1 995/995/1 
f 991/991/1 994/994/1 995/995/1 996/996/1 
f 997/997/1 998/998/1 810/810/1 809/809/1 
f 990/990/1 989/989/1 998/998/1 997/997/1 
f 998/998/1 996/996/1 812/812/1 810/810/1 
f 989/989/1 991/991/1 996/996/1 998/998/1 
f 999/999/1 1000/1000/1 1001/1001/1 1002/1002/1 
f 1003/1003/1 999/999/1 1002/1002/1 1004/1004/1 
f 1005/1005/1 1006/1006/1 1000/1000/1 999/999/1 
f 1007/1007/1 1005/1005/1 999/999/1 1003/1003/1 
f 984/984/1 1008/1008/1 1009/1009/1 985/985/1 
f 990/990/1 1010/1010/1 1008/1008/1 984/984/1 
f 1008/1008/1 1003/1003/1 1004/1004/1 1009/1009/1 
f 1010/1010/1 1007/1007/1 1003/1003/1 1008/1008/1 
f 1011/1011/1 997/997/1 809/809/1 833/833/1 
f 1012/1012/1 1011/1011/1 833/833/1 828/828/1 
f 1010/1010/1 990/990/1 997/997/1 1011/1011/1 
f 1007/1007/1 1010/1010/1 1011/1011/1 1012/1012/1 
f 1013/1013/1 1014/1014/1 826/826/1 825/825/1 
f 1006/1006/1 1005/1005/1 1014/1014/1 1013/1013/1 
f 1014/1014/1 1012/1012/1 828/828/1 826/826/1 
f 1005/1005/1 1007/1007/1 1012/1012/1 1014/1014/1 
f 1015/1015/1 87/87/1 90/90/1 1016/1016/1 
f 1017/1017/1 1015/1015/1 1016/1016/1 1018/1018/1 
f 1019/1019/1 75/75/1 87/87/1 1015/1015/1 
f 1020/1020/1 1019/1019/1 1015/1015/1 1017/1017/1 
f 1000/1000/1 1021/1021/1 1022/1022/1 1001/1001/1 
f 1006/1006/1 1023/1023/1 1021/1021/1 1000/1000/1 
f 1021/1021/1 1017/1017/1 1018/1018/1 1022/1022/1 
f 1023/1023/1 1020/1020/1 1017/1017/1 1021/1021/1 
f 1024/1024/1 1013/1013/1 825/825/1 846/846/1 
f 1025/1025/1 1024/1024/1 846/846/1 842/842/1 
f 1023/1023/1 1006/1006/1 1013/1013/1 1024/1024/1 
f 1020/1020/1 1023/1023/1 1024/1024/1 1025/1025/1 
f 72/72/1 1026/1026/1 840/840/1 70/70/1 
f 75/75/1 1019/1019/1 1026/1026/1 72/72/1 
f 1026/1026/1 1025/1025/1 842/842/1 840/840/1 
f 1019/1019/1 1020/1020/1 1025/1025/1 1026/1026/1 
f 1027/1027/10 1028/1028/1 870/870/1 869/869/10 
f 1029/1029/11 1027/1027/10 869/869/10 866/866/11 
f 1030/1030/10 1031/1031/1 1028/1028/1 1027/1027/10 
f 1032/1032/11 1030/1030/10 1027/1027/10 1029/1029/11 
f 1033/1033/12 1034/1034/13 864/864/13 863/863/12 
f 1035/1035/12 1036/1036/13 1034/1034/13 1033/1033/12 
f 1034/1034/13 1029/1029/11 866/866/11 864/864/13 
f 1036/1036/13 1032/1032/11 1029/1029/11 1034/1034/13 
f 1037/1037/13 1038/1038/12 202/202/12 201/201/13 
f 1039/1039/11 1037/1037/13 201/201/13 195/195/11 
f 1036/1036/13 1035/1035/12 1038/1038/12 1037/1037/13 
f 1032/1032/11 1036/1036/13 1037/1037/13 1039/1039/11 
f 1040/1040/1 1041/1041/10 193/193/10 192/192/1 
f 1031/1031/1 1030/1030/10 1041/1041/10 1040/1040/1 
f 1041/1041/10 1039/1039/11 195/195/11 193/193/10 
f 1030/1030/10 1032/1032/11 1039/1039/11 1041/1041/10 
f 1042/1042/1 1043/1043/1 886/886/1 885/885/1 
f 1044/1044/1 1042/1042/1 885/885/1 882/882/1 
f 1045/1045/1 1046/1046/1 1043/1043/1 1042/1042/1 
f 1047/1047/1 1045/1045/1 1042/1042/1 1044/1044/1 
f 1028/1028/1 1048/1048/1 880/880/1 870/870/1 
f 1031/1031/1 1049/1049/1 1048/1048/1 1028/1028/1 
f 1048/1048/1 1044/1044/1 882/882/1 880/880/1 
f 1049/1049/1 1047/1047/1 1044/1044/1 1048/1048/1 
f 1050/1050/1 1040/1040/1 192/192/1 225/225/1 
f 1051/1051/1 1050/1050/1 225/225/1 220/220/1 
f 1049/1049/1 1031/1031/1 1040/1040/1 1050/1050/1 
f 1047/1047/1 1049/1049/1 1050/1050/1 1051/1051/1 
f 1052/1052/1 1053/1053/1 218/218/1 217/217/1 
f 1046/1046/1 1045/1045/1 1053/1053/1 1052/1052/1 
f 1053/1053/1 1051/1051/1 220/220/1 218/218/1 
f 1045/1045/1 1047/1047/1 1051/1051/1 1053/1053/1 
f 1054/1054/1 1055/1055/1 902/902/1 901/901/1 
f 1056/1056/1 1054/1054/1 901/901/1 898/898/1 
f 1057/1057/1 1058/1058/1 1055/1055/1 1054/1054/1 
f 1059/1059/1 1057/1057/1 1054/1054/1 1056/1056/1 
f 1043/1043/1 1060/1060/1 896/896/1 886/886/1 
f 1046/1046/1 1061/1061/1 1060/1060/1 1043/1043/1 
f 1060/1060/1 1056/1056/1 898/898/1 896/896/1 
f 1061/1061/1 1059/1059/1 1056/1056/1 1060/1060/1 
f 1062/1062/1 1052/1052/1 217/217/1 245/245/1 
f 1063/1063/1 1062/1062/1 245/245/1 240/240/1 
f 1061/1061/1 1046/1046/1 1052/1052/1 1062/1062/1 
f 1059/1059/1 1061/1061/1 1062/1062/1 1063/1063/1 
f 1064/1064/1 1065/1065/1 238/238/1 237/237/1 
f 1058/1058/1 1057/1057/1 1065/1065/1 1064/1064/1 
f 1065/1065/1 1063/1063/1 240/240/1 238/238/1 
f 1057/1057/1 1059/1059/1 1063/1063/1 1065/1065/1 
f 1066/1066/1 1067/1067/1 918/918/1 917/917/1 
f 1068/1068/1 1066/1066/1 917/917/1 914/914/1 
f 1069/1069/1 1070/1070/1 1067/1067/1 1066/1066/1 
f 1071/1071/1 1069/1069/1 1066/1066/1 1068/1068/1 
f 1055/1055/1 1072/1072/1 912/912/1 902/902/1 
f 1058/1058/1 1073/1073/1 1072/1072/1 1055/1055/1 
f 1072/1072/1 1068/1068/1 914/914/1 912/912/1 
f 1073/1073/1 1071/1071/1 1068/1068/1 1072/1072/1 
f 1074/1074/1 1064/1064/1 237/237/1 265/265/1 
f 1075/1075/1 1074/1074/1 265/265/1 260/260/1 
f 1073/1073/1 1058/1058/1 1064/1064/1 1074/1074/1 
f 1071/1071/1 1073/1073/1 1074/1074/1 1075/1075/1 
f 1076/1076/1 1077/1077/1 258/258/1 257/257/1 
f 1070/1070/1 1069/1069/1 1077/1077/1 1076/1076/1 
f 1077/1077/1 1075/1075/1 260/260/1 258/258/1 
f 1069/1069/1 1071/1071/1 1075/1075/1 1077/1077/1 
f 1078/1078/1 1079/1079/1 934/934/1 933/933/1 
f 1080/1080/1 1078/1078/1 933/933/1 930/930/1 
f 1081/1081/1 1082/1082/1 1079/1079/1 1078/1078/1 
f 1083/1083/1 1081/1081/1 1078/1078/1 1080/1080/1 
f 1067/1067/1 1084/1084/1 928/928/1 918/918/1 
f 1070/1070/1 1085/1085/1 1084/1084/1 1067/1067/1 
f 1084/1084/1 1080/1080/1 930/930/1 928/928/1 
f 1085/1085/1 1083/1083/1 1080/1080/1 1084/1084/1 
f 1086/1086/1 1076/1076/1 257/257/1 285/285/1 
f 1087/1087/1 1086/1086/1 285/285/1 280/280/1 
f 1085/1085/1 1070/1070/1 1076/1076/1 1086/1086/1 
f 1083/1083/1 1085/1085/1 1086/1086/1 1087/1087/1 
f 1088/1088/1 1089/1089/1 278/278/1 277/277/1 
f 1082/1082/1 1081/1081/1 1089/1089/1 1088/1088/1 
f 1089/1089/1 1087/1087/1 280/280/1 278/278/1 
f 1081/1081/1 1083/1083/1 1087/1087/1 1089/1089/1 
f 1090/1090/1 97/97/1 83/83/1 946/946/1 
f 1091/1091/1 1090/1090/1 946/946/1 944/944/1 
f 1092/1092/1 99/99/1 97/97/1 1090/1090/1 
f 1093/1093/1 1092/1092/1 1090/1090/1 1091/1091/1 
f 1079/1079/1 1094/1094/1 942/942/1 934/934/1 
f 1082/1082/1 1095/1095/1 1094/1094/1 1079/1079/1 
f 1094/1094/1 1091/1091/1 944/944/1 942/942/1 
f 1095/1095/1 1093/1093/1 1091/1091/1 1094/1094/1 
f 1096/1096/1 1088/1088/1 277/277/1 301/301/1 
f 1097/1097/1 1096/1096/1 301/301/1 297/297/1 
f 1095/1095/1 1082/1082/1 1088/1088/1 1096/1096/1 
f 1093/1093/1 1095/1095/1 1096/1096/1 1097/1097/1 
f 102/102/1 1098/1098/1 295/295/1 13/13/1 
f 99/99/1 1092/1092/1 1098/1098/1 102/102/1 
f 1098/1098/1 1097/1097/1 297/297/1 295/295/1 
f 1092/1092/1 1093/1093/1 1097/1097/1 1098/1098/1 
f 1099/1099/14 1100/1100/1 330/330/1 329/329/14 
f 1101/1101/15 1099/1099/14 329/329/14 326/326/15 
f 1102/1102/14 1103/1103/1 1100/1100/1 1099/1099/14 
f 1104/1104/15 1102/1102/14 1099/1099/14 1101/1101/15 
f 1105/1105/16 1106/1106/17 324/324/17 323/323/16 
f 1107/1107/16 1108/1108/17 1106/1106/17 1105/1105/16 
f 1106/1106/17 1101/1101/15 326/326/15 324/324/17 
f 1108/1108/17 1104/1104/15 1101/1101/15 1106/1106/17 
f 1109/1109/17 1110/1110/16 959/959/16 958/958/17 
f 1111/1111/15 1109/1109/17 958/958/17 952/952/15 
f 1108/1108/17 1107/1107/16 1110/1110/16 1109/1109/17 
f 1104/1104/15 1108/1108/17 1109/1109/17 1111/1111/15 
f 1112/1112/1 1113/1113/14 950/950/14 949/949/1 
f 1103/1103/1 1102/1102/14 1113/1113/14 1112/1112/1 
f 1113/1113/14 1111/1111/15 952/952/15 950/950/14 
f 1102/1102/14 1104/1104/15 1111/1111/15 1113/1113/14 
f 1114/1114/1 1115/1115/1 350/350/1 349/349/1 
f 1116/1116/1 1114/1114/1 349/349/1 346/346/1 
f 1117/1117/1 1118/1118/1 1115/1115/1 1114/1114/1 
f 1119/1119/1 1117/1117/1 1114/1114/1 1116/1116/1 
f 1100/1100/1 1120/1120/1 344/344/1 330/330/1 
f 1103/1103/1 1121/1121/1 1120/1120/1 1100/1100/1 
f 1120/1120/1 1116/1116/1 346/346/1 344/344/1 
f 1121/1121/1 1119/1119/1 1116/1116/1 1120/1120/1 
f 1122/1122/1 1112/1112/1 949/949/1 977/977/1 
f 1123/1123/1 1122/1122/1 977/977/1 972/972/1 
f 1121/1121/1 1103/1103/1 1112/1112/1 1122/1122/1 
f 1119/1119/1 1121/1121/1 1122/1122/1 1123/1123/1 
f 1124/1124/1 1125/1125/1 970/970/1 969/969/1 
f 1118/1118/1 1117/1117/1 1125/1125/1 1124/1124/1 
f 1125/1125/1 1123/1123/1 972/972/1 970/970/1 
f 1117/1117/1 1119/1119/1 1123/1123/1 1125/1125/1 
f 1126/1126/1 1127/1127/1 370/370/1 369/369/1 
f 1128/1128/1 1126/1126/1 369/369/1 366/366/1 
f 1129/1129/1 1130/1130/1 1127/1127/1 1126/1126/1 
f 1131/1131/1 1129/1129/1 1126/1126/1 1128/1128/1 
f 1115/1115/1 1132/1132/1 364/364/1 350/350/1 
f 1118/1118/1 1133/1133/1 1132/1132/1 1115/1115/1 
f 1132/1132/1 1128/1128/1 366/366/1 364/364/1 
f 1133/1133/1 1131/1131/1 1128/1128/1 1132/1132/1 
f 1134/1134/1 1124/1124/1 969/969/1 993/993/1 
f 1135/1135/1 1134/1134/1 993/993/1 988/988/1 
f 1133/1133/1 1118/1118/1 1124/1124/1 1134/1134/1 
f 1131/1131/1 1133/1133/1 1134/1134/1 1135/1135/1 
f 1136/1136/1 1137/1137/1 986/986/1 985/985/1 
f 1130/1130/1 1129/1129/1 1137/1137/1 1136/1136/1 
f 1137/1137/1 1135/1135/1 988/988/1 986/986/1 
f 1129/1129/1 1131/1131/1 1135/1135/1 1137/1137/1 
f 1138/1138/1 1139/1139/1 390/390/1 389/389/1 
f 1140/1140/1 1138/1138/1 389/389/1 386/386/1 
f 1141/1141/1 1142/1142/1 1139/1139/1 1138/1138/1 
f 1143/1143/1 1141/1141/1 1138/1138/1 1140/1140/1 
f 1127/1127/1 1144/1144/1 384/384/1 370/370/1 
f 1130/1130/1 1145/1145/1 1144/1144/1 1127/1127/1 
f 1144/1144/1 1140/1140/1 386/386/1 384/384/1 
f 1145/1145/1 1143/1143/1 1140/1140/1 1144/1144/1 
f 1146/1146/1 1136/1136/1 985/985/1 1009/1009/1 
f 1147/1147/1 1146/1146/1 1009/1009/1 1004/1004/1 
f 1145/1145/1 1130/1130/1 1136/1136/1 1146/1146/1 
f 1143/1143/1 1145/1145/1 1146/1146/1 1147/1147/1 
f 1148/1148/1 1149/1149/1 1002/1002/1 1001/1001/1 
f 1142/1142/1 1141/1141/1 1149/1149/1 1148/1148/1 
f 1149/1149/1 1147/1147/1 1004/1004/1 1002/1002/1 
f 1141/1141/1 1143/1143/1 1147/1147/1 1149/1149/1 
f 1150/1150/1 104/104/1 3/3/1 405/405/1 
f 1151/1151/1 1150/1150/1 405/405/1 403/403/1 
f 1152/1152/1 95/95/1 104/104/1 1150/1150/1 
f 1153/1153/1 1152/1152/1 1150/1150/1 1151/1151/1 
f 1139/1139/1 1154/1154/1 401/401/1 390/390/1 
f 1142/1142/1 1155/1155/1 1154/1154/1 1139/1139/1 
f 1154/1154/1 1151/1151/1 403/403/1 401/401/1 
f 1155/1155/1 1153/1153/1 1151/1151/1 1154/1154/1 
f 1156/1156/1 1148/1148/1 1001/1001/1 1022/1022/1 
f 1157/1157/1 1156/1156/1 1022/1022/1 1018/1018/1 
f 1155/1155/1 1142/1142/1 1148/1148/1 1156/1156/1 
f 1153/1153/1 1155/1155/1 1156/1156/1 1157/1157/1 
f 92/92/1 1158/1158/1 1016/1016/1 90/90/1 
f 95/95/1 1152/1152/1 1158/1158/1 92/92/1 
f 1158/1158/1 1157/1157/1 1018/1018/1 1016/1016/1 
f 1152/1152/1 1153/1153/1 1157/1157/1 1158/1158/1 
f 1159/1159/51 1160/1160/6 1161/1161/7 1162/1162/52 
f 1163/1163/53 1159/1159/51 1162/1162/52 1164/1164/54 
f 1165/1165/55 1166/1166/8 1160/1160/6 1159/1159/51 
f 1167/1167/56 1165/1165/55 1159/1159/51 1163/1163/53 
f 1168/1168/57 1169/1169/58 1170/1170/59 1171/1171/60 
f 1172/1172/61 1173/1173/62 1169/1169/58 1168/1168/57 
f 1169/1169/58 1163/1163/53 1164/1164/54 1170/1170/59 
f 1173/1173/62 1167/1167/56 1163/1163/53 1169/1169/58 
f 1174/1174/63 1175/1175/64 1176/1176/16 1177/1177/17 
f 1178/1178/65 1174/1174/63 1177/1177/17 1179/1179/15 
f 1173/1173/62 1172/1172/61 1175/1175/64 1174/1174/63 
f 1167/1167/56 1173/1173/62 1174/1174/63 1178/1178/65 
f 1180/1180/9 1181/1181/66 1182/1182/14 1183/1183/1 
f 1166/1166/8 1165/1165/55 1181/1181/66 1180/1180/9 
f 1181/1181/66 1178/1178/65 1179/1179/15 1182/1182/14 
f 1165/1165/55 1167/1167/56 1178/1178/65 1181/1181/66 
f 1184/1184/6 1185/1185/6 1186/1186/7 1187/1187/7 
f 1188/1188/6 1184/1184/6 1187/1187/7 1189/1189/7 
f 1190/1190/8 1191/1191/8 1185/1185/6 1184/1184/6 
f 1192/1192/8 1190/1190/8 1184/1184/6 1188/1188/6 
f 1160/1160/6 1193/1193/6 1194/1194/7 1161/1161/7 
f 1166/1166/8 1195/1195/8 1193/1193/6 1160/1160/6 
f 1193/1193/6 1188/1188/6 1189/1189/7 1194/1194/7 
f 1195/1195/8 1192/1192/8 1188/1188/6 1193/1193/6 
f 1196/1196/9 1180/1180/9 1183/1183/1 1197/1197/1 
f 1198/1198/9 1196/1196/9 1197/1197/1 1199/1199/1 
f 1195/1195/8 1166/1166/8 1180/1180/9 1196/1196/9 
f 1192/1192/8 1195/1195/8 1196/1196/9 1198/1198/9 
f 1200/1200/9 1201/1201/9 1202/1202/1 1203/1203/1 
f 1191/1191/8 1190/1190/8 1201/1201/9 1200/1200/9 
f 1201/1201/9 1198/1198/9 1199/1199/1 1202/1202/1 
f 1190/1190/8 1192/1192/8 1198/1198/9 1201/1201/9 
f 1204/1204/6 1205/1205/6 1206/1206/7 1207/1207/7 
f 1208/1208/6 1204/1204/6 1207/1207/7 1209/1209/7 
f 1210/1210/8 1211/1211/8 1205/1205/6 1204/1204/6 
f 1212/1212/8 1210/1210/8 1204/1204/6 1208/1208/6 
f 1185/1185/6 1213/1213/6 1214/1214/7 1186/1186/7 
f 1191/1191/8 1215/1215/8 1213/1213/6 1185/1185/6 
f 1213/1213/6 1208/1208/6 1209/1209/7 1214/1214/7 
f 1215/1215/8 1212/1212/8 1208/1208/6 1213/1213/6 
f 1216/1216/9 1200/1200/9 1203/1203/1 1217/1217/1 
f 1218/1218/9 1216/1216/9 1217/1217/1 1219/1219/1 
f 1215/1215/8 1191/1191/8 1200/1200/9 1216/1216/9 
f 1212/1212/8 1215/1215/8 1216/1216/9 1218/1218/9 
f 1220/1220/9 1221/1221/9 1222/1222/1 1223/1223/1 
f 1211/1211/8 1210/1210/8 1221/1221/9 1220/1220/9 
f 1221/1221/9 1218/1218/9 1219/1219/1 1222/1222/1 
f 1210/1210/8 1212/1212/8 1218/1218/9 1221/1221/9 
f 1224/1224/6 1225/1225/6 1226/1226/7 1227/1227/7 
f 1228/1228/6 1224/1224/6 1227/1227/7 1229/1229/7 
f 1230/1230/8 1231/1231/8 1225/1225/6 1224/1224/6 
f 1232/1232/8 1230/1230/8 1224/1224/6 1228/1228/6 
f 1205/1205/6 1233/1233/6 1234/1234/7 1206/1206/7 
f 1211/1211/8 1235/1235/8 1233/1233/6 1205/1205/6 
f 1233/1233/6 1228/1228/6 1229/1229/7 1234/1234/7 
f 1235/1235/8 1232/1232/8 1228/1228/6 1233/1233/6 
f 1236/1236/9 1220/1220/9 1223/1223/1 1237/1237/1 
f 1238/1238/9 1236/1236/9 1237/1237/1 1239/1239/1 
f 1235/1235/8 1211/1211/8 1220/1220/9 1236/1236/9 
f 1232/1232/8 1235/1235/8 1236/1236/9 1238/1238/9 
f 1240/1240/9 1241/1241/9 1242/1242/1 1243/1243/1 
f 1231/1231/8 1230/1230/8 1241/1241/9 1240/1240/9 
f 1241/1241/9 1238/1238/9 1239/1239/1 1242/1242/1 
f 1230/1230/8 1232/1232/8 1238/1238/9 1241/1241/9 
f 1244/1244/6 1245/1245/6 1246/1246/7 1247/1247/7 
f 1248/1248/6 1244/1244/6 1247/1247/7 1249/1249/7 
f 1250/1250/8 1251/1251/8 1245/1245/6 1244/1244/6 
f 1252/1252/8 1250/1250/8 1244/1244/6 1248/1248/6 
f 1225/1225/6 1253/1253/6 1254/1254/7 1226/1226/7 
f 1231/1231/8 1255/1255/8 1253/1253/6 1225/1225/6 
f 1253/1253/6 1248/1248/6 1249/1249/7 1254/1254/7 
f 1255/1255/8 1252/1252/8 1248/1248/6 1253/1253/6 
f 1256/1256/9 1240/1240/9 1243/1243/1 1257/1257/1 
f 1258/1258/9 1256/1256/9 1257/1257/1 1259/1259/1 
f 1255/1255/8 1231/1231/8 1240/1240/9 1256/1256/9 
f 1252/1252/8 1255/1255/8 1256/1256/9 1258/1258/9 
f 1260/1260/9 1261/1261/9 1262/1262/1 1263/1263/1 
f 1251/1251/8 1250/1250/8 1261/1261/9 1260/1260/9 
f 1261/1261/9 1258/1258/9 1259/1259/1 1262/1262/1 
f 1250/1250/8 1252/1252/8 1258/1258/9 1261/1261/9 
f 1264/1264/6 115/115/6 118/118/7 1265/1265/7 
f 1266/1266/6 1264/1264/6 1265/1265/7 1267/1267/7 
f 1268/1268/8 119/119/8 115/115/6 1264/1264/6 
f 1269/1269/8 1268/1268/8 1264/1264/6 1266/1266/6 
f 1245/1245/6 1270/1270/6 1271/1271/7 1246/1246/7 
f 1251/1251/8 1272/1272/8 1270/1270/6 1245/1245/6 
f 1270/1270/6 1266/1266/6 1267/1267/7 1271/1271/7 
f 1272/1272/8 1269/1269/8 1266/1266/6 1270/1270/6 
f 1273/1273/9 1260/1260/9 1263/1263/1 1274/1274/1 
f 1275/1275/9 1273/1273/9 1274/1274/1 1276/1276/1 
f 1272/1272/8 1251/1251/8 1260/1260/9 1273/1273/9 
f 1269/1269/8 1272/1272/8 1273/1273/9 1275/1275/9 
f 122/122/9 1277/1277/9 1278/1278/1 123/123/1 
f 119/119/8 1268/1268/8 1277/1277/9 122/122/9 
f 1277/1277/9 1275/1275/9 1276/1276/1 1278/1278/1 
f 1268/1268/8 1269/1269/8 1275/1275/9 1277/1277/9 
f 1279/1279/67 1280/1280/9 1281/1281/1 1282/1282/10 
f 1283/1283/68 1279/1279/67 1282/1282/10 1284/1284/11 
f 1285/1285/69 1286/1286/8 1280/1280/9 1279/1279/67 
f 1287/1287/70 1285/1285/69 1279/1279/67 1283/1283/68 
f 1288/1288/71 1289/1289/72 1290/1290/13 1291/1291/12 
f 1292/1292/73 1293/1293/74 1289/1289/72 1288/1288/71 
f 1289/1289/72 1283/1283/68 1284/1284/11 1290/1290/13 
f 1293/1293/74 1287/1287/70 1283/1283/68 1289/1289/72 
f 1294/1294/75 1295/1295/76 1296/1296/77 1297/1297/78 
f 1298/1298/79 1294/1294/75 1297/1297/78 1299/1299/80 
f 1293/1293/74 1292/1292/73 1295/1295/76 1294/1294/75 
f 1287/1287/70 1293/1293/74 1294/1294/75 1298/1298/79 
f 1300/1300/6 1301/1301/81 1302/1302/82 1303/1303/7 
f 1286/1286/8 1285/1285/69 1301/1301/81 1300/1300/6 
f 1301/1301/81 1298/1298/79 1299/1299/80 1302/1302/82 
f 1285/1285/69 1287/1287/70 1298/1298/79 1301/1301/81 
f 1304/1304/9 1305/1305/9 1306/1306/1 1307/1307/1 
f 1308/1308/9 1304/1304/9 1307/1307/1 1309/1309/1 
f 1310/1310/8 1311/1311/8 1305/1305/9 1304/1304/9 
f 1312/1312/8 1310/1310/8 1304/1304/9 1308/1308/9 
f 1280/1280/9 1313/1313/9 1314/1314/1 1281/1281/1 
f 1286/1286/8 1315/1315/8 1313/1313/9 1280/1280/9 
f 1313/1313/9 1308/1308/9 1309/1309/1 1314/1314/1 
f 1315/1315/8 1312/1312/8 1308/1308/9 1313/1313/9 
f 1316/1316/6 1300/1300/6 1303/1303/7 1317/1317/7 
f 1318/1318/6 1316/1316/6 1317/1317/7 1319/1319/7 
f 1315/1315/8 1286/1286/8 1300/1300/6 1316/1316/6 
f 1312/1312/8 1315/1315/8 1316/1316/6 1318/1318/6 
f 1320/1320/6 1321/1321/6 1322/1322/7 1323/1323/7 
f 1311/1311/8 1310/1310/8 1321/1321/6 1320/1320/6 
f 1321/1321/6 1318/1318/6 1319/1319/7 1322/1322/7 
f 1310/1310/8 1312/1312/8 1318/1318/6 1321/1321/6 
f 1324/1324/9 1325/1325/9 1326/1326/1 1327/1327/1 
f 1328/1328/9 1324/1324/9 1327/1327/1 1329/1329/1 
f 1330/1330/8 1331/1331/8 1325/1325/9 1324/1324/9 
f 1332/1332/8 1330/1330/8 1324/1324/9 1328/1328/9 
f 1305/1305/9 1333/1333/9 1334/1334/1 1306/1306/1 
f 1311/1311/8 1335/1335/8 1333/1333/9 1305/1305/9 
f 1333/1333/9 1328/1328/9 1329/1329/1 1334/1334/1 
f 1335/1335/8 1332/1332/8 1328/1328/9 1333/1333/9 
f 1336/1336/6 1320/1320/6 1323/1323/7 1337/1337/7 
f 1338/1338/6 1336/1336/6 1337/1337/7 1339/1339/7 
f 1335/1335/8 1311/1311/8 1320/1320/6 1336/1336/6 
f 1332/1332/8 1335/1335/8 1336/1336/6 1338/1338/6 
f 1340/1340/6 1341/1341/6 1342/1342/7 1343/1343/7 
f 1331/1331/8 1330/1330/8 1341/1341/6 1340/1340/6 
f 1341/1341/6 1338/1338/6 1339/1339/7 1342/1342/7 
f 1330/1330/8 1332/1332/8 1338/1338/6 1341/1341/6 
f 1344/1344/9 1345/1345/9 1346/1346/1 1347/1347/1 
f 1348/1348/9 1344/1344/9 1347/1347/1 1349/1349/1 
f 1350/1350/8 1351/1351/8 1345/1345/9 1344/1344/9 
f 1352/1352/8 1350/1350/8 1344/1344/9 1348/1348/9 
f 1325/1325/9 1353/1353/9 1354/1354/1 1326/1326/1 
f 1331/1331/8 1355/1355/8 1353/1353/9 1325/1325/9 
f 1353/1353/9 1348/1348/9 1349/1349/1 1354/1354/1 
f 1355/1355/8 1352/1352/8 1348/1348/9 1353/1353/9 
f 1356/1356/6 1340/1340/6 1343/1343/7 1357/1357/7 
f 1358/1358/6 1356/1356/6 1357/1357/7 1359/1359/7 
f 1355/1355/8 1331/1331/8 1340/1340/6 1356/1356/6 
f 1352/1352/8 1355/1355/8 1356/1356/6 1358/1358/6 
f 1360/1360/6 1361/1361/6 1362/1362/7 1363/1363/7 
f 1351/1351/8 1350/1350/8 1361/1361/6 1360/1360/6 
f 1361/1361/6 1358/1358/6 1359/1359/7 1362/1362/7 
f 1350/1350/8 1352/1352/8 1358/1358/6 1361/1361/6 
f 1364/1364/9 127/127/9 130/130/1 1365/1365/1 
f 1366/1366/9 1364/1364/9 1365/1365/1 1367/1367/1 
f 1368/1368/8 113/113/8 127/127/9 1364/1364/9 
f 1369/1369/8 1368/1368/8 1364/1364/9 1366/1366/9 
f 1345/1345/9 1370/1370/9 1371/1371/1 1346/1346/1 
f 1351/1351/8 1372/1372/8 1370/1370/9 1345/1345/9 
f 1370/1370/9 1366/1366/9 1367/1367/1 1371/1371/1 
f 1372/1372/8 1369/1369/8 1366/1366/9 1370/1370/9 
f 1373/1373/6 1360/1360/6 1363/1363/7 1374/1374/7 
f 1375/1375/6 1373/1373/6 1374/1374/7 1376/1376/7 
f 1372/1372/8 1351/1351/8 1360/1360/6 1373/1373/6 
f 1369/1369/8 1372/1372/8 1373/1373/6 1375/1375/6 
f 107/107/6 1377/1377/6 1378/1378/7 108/108/7 
f 113/113/8 1368/1368/8 1377/1377/6 107/107/6 
f 1377/1377/6 1375/1375/6 1376/1376/7 1378/1378/7 
f 1368/1368/8 1369/1369/8 1375/1375/6 1377/1377/6 
f 1379/1379/14 1380/1380/1 1183/1183/1 1182/1182/14 
f 1381/1381/15 1379/1379/14 1182/1182/14 1179/1179/15 
f 1382/1382/14 1383/1383/1 1380/1380/1 1379/1379/14 
f 1384/1384/15 1382/1382/14 1379/1379/14 1381/1381/15 
f 1385/1385/16 1386/1386/17 1177/1177/17 1176/1176/16 
f 1387/1387/16 1388/1388/17 1386/1386/17 1385/1385/16 
f 1386/1386/17 1381/1381/15 1179/1179/15 1177/1177/17 
f 1388/1388/17 1384/1384/15 1381/1381/15 1386/1386/17 
f 1389/1389/17 1390/1390/16 1391/1391/16 1392/1392/17 
f 1393/1393/15 1389/1389/17 1392/1392/17 1394/1394/15 
f 1388/1388/17 1387/1387/16 1390/1390/16 1389/1389/17 
f 1384/1384/15 1388/1388/17 1389/1389/17 1393/1393/15 
f 1395/1395/1 1396/1396/14 1397/1397/14 1398/1398/1 
f 1383/1383/1 1382/1382/14 1396/1396/14 1395/1395/1 
f 1396/1396/14 1393/1393/15 1394/1394/15 1397/1397/14 
f 1382/1382/14 1384/1384/15 1393/1393/15 1396/1396/14 
f 1399/1399/1 1400/1400/1 1203/1203/1 1202/1202/1 
f 1401/1401/1 1399/1399/1 1202/1202/1 1199/1199/1 
f 1402/1402/1 1403/1403/1 1400/1400/1 1399/1399/1 
f 1404/1404/1 1402/1402/1 1399/1399/1 1401/1401/1 
f 1380/1380/1 1405/1405/1 1197/1197/1 1183/1183/1 
f 1383/1383/1 1406/1406/1 1405/1405/1 1380/1380/1 
f 1405/1405/1 1401/1401/1 1199/1199/1 1197/1197/1 
f 1406/1406/1 1404/1404/1 1401/1401/1 1405/1405/1 
f 1407/1407/1 1395/1395/1 1398/1398/1 1408/1408/1 
f 1409/1409/1 1407/1407/1 1408/1408/1 1410/1410/1 
f 1406/1406/1 1383/1383/1 1395/1395/1 1407/1407/1 
f 1404/1404/1 1406/1406/1 1407/1407/1 1409/1409/1 
f 1411/1411/1 1412/1412/1 1413/1413/1 1414/1414/1 
f 1403/1403/1 1402/1402/1 1412/1412/1 1411/1411/1 
f 1412/1412/1 1409/1409/1 1410/1410/1 1413/1413/1 
f 1402/1402/1 1404/1404/1 1409/1409/1 1412/1412/1 
f 1415/1415/1 1416/1416/1 1223/1223/1 1222/1222/1 
f 1417/1417/1 1415/1415/1 1222/1222/1 1219/1219/1 
f 1418/1418/1 1419/1419/1 1416/1416/1 1415/1415/1 
f 1420/1420/1 1418/1418/1 1415/1415/1 1417/1417/1 
f 1400/1400/1 1421/1421/1 1217/1217/1 1203/1203/1 
f 1403/1403/1 1422/1422/1 1421/1421/1 1400/1400/1 
f 1421/1421/1 1417/1417/1 1219/1219/1 1217/1217/1 
f 1422/1422/1 1420/1420/1 1417/1417/1 1421/1421/1 
f 1423/1423/1 1411/1411/1 1414/1414/1 1424/1424/1 
f 1425/1425/1 1423/1423/1 1424/1424/1 1426/1426/1 
f 1422/1422/1 1403/1403/1 1411/1411/1 1423/1423/1 
f 1420/1420/1 1422/1422/1 1423/1423/1 1425/1425/1 
f 1427/1427/1 1428/1428/1 1429/1429/1 1430/1430/1 
f 1419/1419/1 1418/1418/1 1428/1428/1 1427/1427/1 
f 1428/1428/1 1425/1425/1 1426/1426/1 1429/1429/1 
f 1418/1418/1 1420/1420/1 1425/1425/1 1428/1428/1 
f 1431/1431/1 1432/1432/1 1243/1243/1 1242/1242/1 
f 1433/1433/1 1431/1431/1 1242/1242/1 1239/1239/1 
f 1434/1434/1 1435/1435/1 1432/1432/1 1431/1431/1 
f 1436/1436/1 1434/1434/1 1431/1431/1 1433/1433/1 
f 1416/1416/1 1437/1437/1 1237/1237/1 1223/1223/1 
f 1419/1419/1 1438/1438/1 1437/1437/1 1416/1416/1 
f 1437/1437/1 1433/1433/1 1239/1239/1 1237/1237/1 
f 1438/1438/1 1436/1436/1 1433/1433/1 1437/1437/1 
f 1439/1439/1 1427/1427/1 1430/1430/1 1440/1440/1 
f 1441/1441/1 1439/1439/1 1440/1440/1 1442/1442/1 
f 1438/1438/1 1419/1419/1 1427/1427/1 1439/1439/1 
f 1436/1436/1 1438/1438/1 1439/1439/1 1441/1441/1 
f 1443/1443/1 1444/1444/1 1445/1445/1 1446/1446/1 
f 1435/1435/1 1434/1434/1 1444/1444/1 1443/1443/1 
f 1444/1444/1 1441/1441/1 1442/1442/1 1445/1445/1 
f 1434/1434/1 1436/1436/1 1441/1441/1 1444/1444/1 
f 1447/1447/1 1448/1448/1 1263/1263/1 1262/1262/1 
f 1449/1449/1 1447/1447/1 1262/1262/1 1259/1259/1 
f 1450/1450/1 1451/1451/1 1448/1448/1 1447/1447/1 
f 1452/1452/1 1450/1450/1 1447/1447/1 1449/1449/1 
f 1432/1432/1 1453/1453/1 1257/1257/1 1243/1243/1 
f 1435/1435/1 1454/1454/1 1453/1453/1 1432/1432/1 
f 1453/1453/1 1449/1449/1 1259/1259/1 1257/1257/1 
f 1454/1454/1 1452/1452/1 1449/1449/1 1453/1453/1 
f 1455/1455/1 1443/1443/1 1446/1446/1 1456/1456/1 
f 1457/1457/1 1455/1455/1 1456/1456/1 1458/1458/1 
f 1454/1454/1 1435/1435/1 1443/1443/1 1455/1455/1 
f 1452/1452/1 1454/1454/1 1455/1455/1 1457/1457/1 
f 1459/1459/1 1460/1460/1 1461/1461/1 1462/1462/1 
f 1451/1451/1 1450/1450/1 1460/1460/1 1459/1459/1 
f 1460/1460/1 1457/1457/1 1458/1458/1 1461/1461/1 
f 1450/1450/1 1452/1452/1 1457/1457/1 1460/1460/1 
f 1463/1463/1 137/137/1 123/123/1 1278/1278/1 
f 1464/1464/1 1463/1463/1 1278/1278/1 1276/1276/1 
f 1465/1465/1 139/139/1 137/137/1 1463/1463/1 
f 1466/1466/1 1465/1465/1 1463/1463/1 1464/1464/1 
f 1448/1448/1 1467/1467/1 1274/1274/1 1263/1263/1 
f 1451/1451/1 1468/1468/1 1467/1467/1 1448/1448/1 
f 1467/1467/1 1464/1464/1 1276/1276/1 1274/1274/1 
f 1468/1468/1 1466/1466/1 1464/1464/1 1467/1467/1 
f 1469/1469/1 1459/1459/1 1462/1462/1 1470/1470/1 
f 1471/1471/1 1469/1469/1 1470/1470/1 1472/1472/1 
f 1468/1468/1 1451/1451/1 1459/1459/1 1469/1469/1 
f 1466/1466/1 1468/1468/1 1469/1469/1 1471/1471/1 
f 142/142/1 1473/1473/1 1474/1474/1 143/143/1 
f 139/139/1 1465/1465/1 1473/1473/1 142/142/1 
f 1473/1473/1 1471/1471/1 1472/1472/1 1474/1474/1 
f 1465/1465/1 1466/1466/1 1471/1471/1 1473/1473/1 
f 1475/1475/10 1476/1476/1 1477/1477/1 1478/1478/10 
f 1479/1479/11 1475/1475/10 1478/1478/10 1480/1480/11 
f 1481/1481/10 1482/1482/1 1476/1476/1 1475/1475/10 
f 1483/1483/11 1481/1481/10 1475/1475/10 1479/1479/11 
f 1484/1484/12 1485/1485/13 1486/1486/13 1487/1487/12 
f 1488/1488/12 1489/1489/13 1485/1485/13 1484/1484/12 
f 1485/1485/13 1479/1479/11 1480/1480/11 1486/1486/13 
f 1489/1489/13 1483/1483/11 1479/1479/11 1485/1485/13 
f 1490/1490/13 1491/1491/12 1291/1291/12 1290/1290/13 
f 1492/1492/11 1490/1490/13 1290/1290/13 1284/1284/11 
f 1489/1489/13 1488/1488/12 1491/1491/12 1490/1490/13 
f 1483/1483/11 1489/1489/13 1490/1490/13 1492/1492/11 
f 1493/1493/1 1494/1494/10 1282/1282/10 1281/1281/1 
f 1482/1482/1 1481/1481/10 1494/1494/10 1493/1493/1 
f 1494/1494/10 1492/1492/11 1284/1284/11 1282/1282/10 
f 1481/1481/10 1483/1483/11 1492/1492/11 1494/1494/10 
f 1495/1495/1 1496/1496/1 1497/1497/1 1498/1498/1 
f 1499/1499/1 1495/1495/1 1498/1498/1 1500/1500/1 
f 1501/1501/1 1502/1502/1 1496/1496/1 1495/1495/1 
f 1503/1503/1 1501/1501/1 1495/1495/1 1499/1499/1 
f 1476/1476/1 1504/1504/1 1505/1505/1 1477/1477/1 
f 1482/1482/1 1506/1506/1 1504/1504/1 1476/1476/1 
f 1504/1504/1 1499/1499/1 1500/1500/1 1505/1505/1 
f 1506/1506/1 1503/1503/1 1499/1499/1 1504/1504/1 
f 1507/1507/1 1493/1493/1 1281/1281/1 1314/1314/1 
f 1508/1508/1 1507/1507/1 1314/1314/1 1309/1309/1 
f 1506/1506/1 1482/1482/1 1493/1493/1 1507/1507/1 
f 1503/1503/1 1506/1506/1 1507/1507/1 1508/1508/1 
f 1509/1509/1 1510/1510/1 1307/1307/1 1306/1306/1 
f 1502/1502/1 1501/1501/1 1510/1510/1 1509/1509/1 
f 1510/1510/1 1508/1508/1 1309/1309/1 1307/1307/1 
f 1501/1501/1 1503/1503/1 1508/1508/1 1510/1510/1 
f 1511/1511/1 1512/1512/1 1513/1513/1 1514/1514/1 
f 1515/1515/1 1511/1511/1 1514/1514/1 1516/1516/1 
f 1517/1517/1 1518/1518/1 1512/1512/1 1511/1511/1 
f 1519/1519/1 1517/1517/1 1511/1511/1 1515/1515/1 
f 1496/1496/1 1520/1520/1 1521/1521/1 1497/1497/1 
f 1502/1502/1 1522/1522/1 1520/1520/1 1496/1496/1 
f 1520/1520/1 1515/1515/1 1516/1516/1 1521/1521/1 
f 1522/1522/1 1519/1519/1 1515/1515/1 1520/1520/1 
f 1523/1523/1 1509/1509/1 1306/1306/1 1334/1334/1 
f 1524/1524/1 1523/1523/1 1334/1334/1 1329/1329/1 
f 1522/1522/1 1502/1502/1 1509/1509/1 1523/1523/1 
f 1519/1519/1 1522/1522/1 1523/1523/1 1524/1524/1 
f 1525/1525/1 1526/1526/1 1327/1327/1 1326/1326/1 
f 1518/1518/1 1517/1517/1 1526/1526/1 1525/1525/1 
f 1526/1526/1 1524/1524/1 1329/1329/1 1327/1327/1 
f 1517/1517/1 1519/1519/1 1524/1524/1 1526/1526/1 
f 1527/1527/1 1528/1528/1 1529/1529/1 1530/1530/1 
f 1531/1531/1 1527/1527/1 1530/1530/1 1532/1532/1 
f 1533/1533/1 1534/1534/1 1528/1528/1 1527/1527/1 
f 1535/1535/1 1533/1533/1 1527/1527/1 1531/1531/1 
f 1512/1512/1 1536/1536/1 1537/1537/1 1513/1513/1 
f 1518/1518/1 1538/1538/1 1536/1536/1 1512/1512/1 
f 1536/1536/1 1531/1531/1 1532/1532/1 1537/1537/1 
f 1538/1538/1 1535/1535/1 1531/1531/1 1536/1536/1 
f 1539/1539/1 1525/1525/1 1326/1326/1 1354/1354/1 
f 1540/1540/1 1539/1539/1 1354/1354/1 1349/1349/1 
f 1538/1538/1 1518/1518/1 1525/1525/1 1539/1539/1 
f 1535/1535/1 1538/1538/1 1539/1539/1 1540/1540/1 
f 1541/1541/1 1542/1542/1 1347/1347/1 1346/1346/1 
f 1534/1534/1 1533/1533/1 1542/1542/1 1541/1541/1 
f 1542/1542/1 1540/1540/1 1349/1349/1 1347/1347/1 
f 1533/1533/1 1535/1535/1 1540/1540/1 1542/1542/1 
f 1543/1543/1 147/147/1 150/150/1 1544/1544/1 
f 1545/1545/1 1543/1543/1 1544/1544/1 1546/1546/1 
f 1547/1547/1 135/135/1 147/147/1 1543/1543/1 
f 1548/1548/1 1547/1547/1 1543/1543/1 1545/1545/1 
f 1528/1528/1 1549/1549/1 1550/1550/1 1529/1529/1 
f 1534/1534/1 1551/1551/1 1549/1549/1 1528/1528/1 
f 1549/1549/1 1545/1545/1 1546/1546/1 1550/1550/1 
f 1551/1551/1 1548/1548/1 1545/1545/1 1549/1549/1 
f 1552/1552/1 1541/1541/1 1346/1346/1 1371/1371/1 
f 1553/1553/1 1552/1552/1 1371/1371/1 1367/1367/1 
f 1551/1551/1 1534/1534/1 1541/1541/1 1552/1552/1 
f 1548/1548/1 1551/1551/1 1552/1552/1 1553/1553/1 
f 132/132/1 1554/1554/1 1365/1365/1 130/130/1 
f 135/135/1 1547/1547/1 1554/1554/1 132/132/1 
f 1554/1554/1 1553/1553/1 1367/1367/1 1365/1365/1 
f 1547/1547/1 1548/1548/1 1553/1553/1 1554/1554/1 
f 1555/1555/14 1556/1556/1 1398/1398/1 1397/1397/14 
f 1557/1557/15 1555/1555/14 1397/1397/14 1394/1394/15 
f 1558/1558/14 1559/1559/1 1556/1556/1 1555/1555/14 
f 1560/1560/15 1558/1558/14 1555/1555/14 1557/1557/15 
f 1561/1561/16 1562/1562/17 1392/1392/17 1391/1391/16 
f 1563/1563/16 1564/1564/17 1562/1562/17 1561/1561/16 
f 1562/1562/17 1557/1557/15 1394/1394/15 1392/1392/17 
f 1564/1564/17 1560/1560/15 1557/1557/15 1562/1562/17 
f 1565/1565/17 1566/1566/16 1567/1567/16 1568/1568/17 
f 1569/1569/15 1565/1565/17 1568/1568/17 1570/1570/15 
f 1564/1564/17 1563/1563/16 1566/1566/16 1565/1565/17 
f 1560/1560/15 1564/1564/17 1565/1565/17 1569/1569/15 
f 1571/1571/1 1572/1572/14 1573/1573/14 1574/1574/1 
f 1559/1559/1 1558/1558/14 1572/1572/14 1571/1571/1 
f 1572/1572/14 1569/1569/15 1570/1570/15 1573/1573/14 
f 1558/1558/14 1560/1560/15 1569/1569/15 1572/1572/14 
f 1575/1575/1 1576/1576/1 1414/1414/1 1413/1413/1 
f 1577/1577/1 1575/1575/1 1413/1413/1 1410/1410/1 
f 1578/1578/1 1579/1579/1 1576/1576/1 1575/1575/1 
f 1580/1580/1 1578/1578/1 1575/1575/1 1577/1577/1 
f 1556/1556/1 1581/1581/1 1408/1408/1 1398/1398/1 
f 1559/1559/1 1582/1582/1 1581/1581/1 1556/1556/1 
f 1581/1581/1 1577/1577/1 1410/1410/1 1408/1408/1 
f 1582/1582/1 1580/1580/1 1577/1577/1 1581/1581/1 
f 1583/1583/1 1571/1571/1 1574/1574/1 1584/1584/1 
f 1585/1585/1 1583/1583/1 1584/1584/1 1586/1586/1 
f 1582/1582/1 1559/1559/1 1571/1571/1 1583/1583/1 
f 1580/1580/1 1582/1582/1 1583/1583/1 1585/1585/1 
f 1587/1587/1 1588/1588/1 1589/1589/1 1590/1590/1 
f 1579/1579/1 1578/1578/1 1588/1588/1 1587/1587/1 
f 1588/1588/1 1585/1585/1 1586/1586/1 1589/1589/1 
f 1578/1578/1 1580/1580/1 1585/1585/1 1588/1588/1 
f 1591/1591/1 1592/1592/1 1430/1430/1 1429/1429/1 
f 1593/1593/1 1591/1591/1 1429/1429/1 1426/1426/1 
f 1594/1594/1 1595/1595/1 1592/1592/1 1591/1591/1 
f 1596/1596/1 1594/1594/1 1591/1591/1 1593/1593/1 
f 1576/1576/1 1597/1597/1 1424/1424/1 1414/1414/1 
f 1579/1579/1 1598/1598/1 1597/1597/1 1576/1576/1 
f 1597/1597/1 1593/1593/1 1426/1426/1 1424/1424/1 
f 1598/1598/1 1596/1596/1 1593/1593/1 1597/1597/1 
f 1599/1599/1 1587/1587/1 1590/1590/1 1600/1600/1 
f 1601/1601/1 1599/1599/1 1600/1600/1 1602/1602/1 
f 1598/1598/1 1579/1579/1 1587/1587/1 1599/1599/1 
f 1596/1596/1 1598/1598/1 1599/1599/1 1601/1601/1 
f 1603/1603/1 1604/1604/1 1605/1605/1 1606/1606/1 
f 1595/1595/1 1594/1594/1 1604/1604/1 1603/1603/1 
f 1604/1604/1 1601/1601/1 1602/1602/1 1605/1605/1 
f 1594/1594/1 1596/1596/1 1601/1601/1 1604/1604/1 
f 1607/1607/1 1608/1608/1 1446/1446/1 1445/1445/1 
f 1609/1609/1 1607/1607/1 1445/1445/1 1442/1442/1 
f 1610/1610/1 1611/1611/1 1608/1608/1 1607/1607/1 
f 1612/1612/1 1610/1610/1 1607/1607/1 1609/1609/1 
f 1592/1592/1 1613/1613/1 1440/1440/1 1430/1430/1 
f 1595/1595/1 1614/1614/1 1613/1613/1 1592/1592/1 
f 1613/1613/1 1609/1609/1 1442/1442/1 1440/1440/1 
f 1614/1614/1 1612/1612/1 1609/1609/1 1613/1613/1 
f 1615/1615/1 1603/1603/1 1606/1606/1 1616/1616/1 
f 1617/1617/1 1615/1615/1 1616/1616/1 1618/1618/1 
f 1614/1614/1 1595/1595/1 1603/1603/1 1615/1615/1 
f 1612/1612/1 1614/1614/1 1615/1615/1 1617/1617/1 
f 1619/1619/1 1620/1620/1 1621/1621/1 1622/1622/1 
f 1611/1611/1 1610/1610/1 1620/1620/1 1619/1619/1 
f 1620/1620/1 1617/1617/1 1618/1618/1 1621/1621/1 
f 1610/1610/1 1612/1612/1 1617/1617/1 1620/1620/1 
f 1623/1623/1 1624/1624/1 1462/1462/1 1461/1461/1 
f 1625/1625/1 1623/1623/1 1461/1461/1 1458/1458/1 
f 1626/1626/1 1627/1627/1 1624/1624/1 1623/1623/1 
f 1628/1628/1 1626/1626/1 1623/1623/1 1625/1625/1 
f 1608/1608/1 1629/1629/1 1456/1456/1 1446/1446/1 
f 1611/1611/1 1630/1630/1 1629/1629/1 1608/1608/1 
f 1629/1629/1 1625/1625/1 1458/1458/1 1456/1456/1 
f 1630/1630/1 1628/1628/1 1625/1625/1 1629/1629/1 
f 1631/1631/1 1619/1619/1 1622/1622/1 1632/1632/1 
f 1633/1633/1 1631/1631/1 1632/1632/1 1634/1634/1 
f 1630/1630/1 1611/1611/1 1619/1619/1 1631/1631/1 
f 1628/1628/1 1630/1630/1 1631/1631/1 1633/1633/1 
f 1635/1635/1 1636/1636/1 1637/1637/1 1638/1638/1 
f 1627/1627/1 1626/1626/1 1636/1636/1 1635/1635/1 
f 1636/1636/1 1633/1633/1 1634/1634/1 1637/1637/1 
f 1626/1626/1 1628/1628/1 1633/1633/1 1636/1636/1 
f 1639/1639/1 157/157/1 143/143/1 1474/1474/1 
f 1640/1640/1 1639/1639/1 1474/1474/1 1472/1472/1 
f 1641/1641/1 159/159/1 157/157/1 1639/1639/1 
f 1642/1642/1 1641/1641/1 1639/1639/1 1640/1640/1 
f 1624/1624/1 1643/1643/1 1470/1470/1 1462/1462/1 
f 1627/1627/1 1644/1644/1 1643/1643/1 1624/1624/1 
f 1643/1643/1 1640/1640/1 1472/1472/1 1470/1470/1 
f 1644/1644/1 1642/1642/1 1640/1640/1 1643/1643/1 
f 1645/1645/1 1635/1635/1 1638/1638/1 1646/1646/1 
f 1647/1647/1 1645/1645/1 1646/1646/1 1648/1648/1 
f 1644/1644/1 1627/1627/1 1635/1635/1 1645/1645/1 
f 1642/1642/1 1644/1644/1 1645/1645/1 1647/1647/1 
f 162/162/1 1649/1649/1 1650/1650/1 163/163/1 
f 159/159/1 1641/1641/1 1649/1649/1 162/162/1 
f 1649/1649/1 1647/1647/1 1648/1648/1 1650/1650/1 
f 1641/1641/1 1642/1642/1 1647/1647/1 1649/1649/1 
f 1651/1651/10 1652/1652/1 1653/1653/1 1654/1654/10 
f 1655/1655/11 1651/1651/10 1654/1654/10 1656/1656/11 
f 1657/1657/10 1658/1658/1 1652/1652/1 1651/1651/10 
f 1659/1659/11 1657/1657/10 1651/1651/10 1655/1655/11 
f 1660/1660/12 1661/1661/13 1662/1662/13 1663/1663/12 
f 1664/1664/12 1665/1665/13 1661/1661/13 1660/1660/12 
f 1661/1661/13 1655/1655/11 1656/1656/11 1662/1662/13 
f 1665/1665/13 1659/1659/11 1655/1655/11 1661/1661/13 
f 1666/1666/13 1667/1667/12 1487/1487/12 1486/1486/13 
f 1668/1668/11 1666/1666/13 1486/1486/13 1480/1480/11 
f 1665/1665/13 1664/1664/12 1667/1667/12 1666/1666/13 
f 1659/1659/11 1665/1665/13 1666/1666/13 1668/1668/11 
f 1669/1669/1 1670/1670/10 1478/1478/10 1477/1477/1 
f 1658/1658/1 1657/1657/10 1670/1670/10 1669/1669/1 
f 1670/1670/10 1668/1668/11 1480/1480/11 1478/1478/10 
f 1657/1657/10 1659/1659/11 1668/1668/11 1670/1670/10 
f 1671/1671/1 1672/1672/1 1673/1673/1 1674/1674/1 
f 1675/1675/1 1671/1671/1 1674/1674/1 1676/1676/1 
f 1677/1677/1 1678/1678/1 1672/1672/1 1671/1671/1 
f 1679/1679/1 1677/1677/1 1671/1671/1 1675/1675/1 
f 1652/1652/1 1680/1680/1 1681/1681/1 1653/1653/1 
f 1658/1658/1 1682/1682/1 1680/1680/1 1652/1652/1 
f 1680/1680/1 1675/1675/1 1676/1676/1 1681/1681/1 
f 1682/1682/1 1679/1679/1 1675/1675/1 1680/1680/1 
f 1683/1683/1 1669/1669/1 1477/1477/1 1505/1505/1 
f 1684/1684/1 1683/1683/1 1505/1505/1 1500/1500/1 
f 1682/1682/1 1658/1658/1 1669/1669/1 1683/1683/1 
f 1679/1679/1 1682/1682/1 1683/1683/1 1684/1684/1 
f 1685/1685/1 1686/1686/1 1498/1498/1 1497/1497/1 
f 1678/1678/1 1677/1677/1 1686/1686/1 1685/1685/1 
f 1686/1686/1 1684/1684/1 1500/1500/1 1498/1498/1 
f 1677/1677/1 1679/1679/1 1684/1684/1 1686/1686/1 
f 1687/1687/1 1688/1688/1 1689/1689/1 1690/1690/1 
f 1691/1691/1 1687/1687/1 1690/1690/1 1692/1692/1 
f 1693/1693/1 1694/1694/1 1688/1688/1 1687/1687/1 
f 1695/1695/1 1693/1693/1 1687/1687/1 1691/1691/1 
f 1672/1672/1 1696/1696/1 1697/1697/1 1673/1673/1 
f 1678/1678/1 1698/1698/1 1696/1696/1 1672/1672/1 
f 1696/1696/1 1691/1691/1 1692/1692/1 1697/1697/1 
f 1698/1698/1 1695/1695/1 1691/1691/1 1696/1696/1 
f 1699/1699/1 1685/1685/1 1497/1497/1 1521/1521/1 
f 1700/1700/1 1699/1699/1 1521/1521/1 1516/1516/1 
f 1698/1698/1 1678/1678/1 1685/1685/1 1699/1699/1 
f 1695/1695/1 1698/1698/1 1699/1699/1 1700/1700/1 
f 1701/1701/1 1702/1702/1 1514/1514/1 1513/1513/1 
f 1694/1694/1 1693/1693/1 1702/1702/1 1701/1701/1 
f 1702/1702/1 1700/1700/1 1516/1516/1 1514/1514/1 
f 1693/1693/1 1695/1695/1 1700/1700/1 1702/1702/1 
f 1703/1703/1 1704/1704/1 1705/1705/1 1706/1706/1 
f 1707/1707/1 1703/1703/1 1706/1706/1 1708/1708/1 
f 1709/1709/1 1710/1710/1 1704/1704/1 1703/1703/1 
f 1711/1711/1 1709/1709/1 1703/1703/1 1707/1707/1 
f 1688/1688/1 1712/1712/1 1713/1713/1 1689/1689/1 
f 1694/1694/1 1714/1714/1 1712/1712/1 1688/1688/1 
f 1712/1712/1 1707/1707/1 1708/1708/1 1713/1713/1 
f 1714/1714/1 1711/1711/1 1707/1707/1 1712/1712/1 
f 1715/1715/1 1701/1701/1 1513/1513/1 1537/1537/1 
f 1716/1716/1 1715/1715/1 1537/1537/1 1532/1532/1 
f 1714/1714/1 1694/1694/1 1701/1701/1 1715/1715/1 
f 1711/1711/1 1714/1714/1 1715/1715/1 1716/1716/1 
f 1717/1717/1 1718/1718/1 1530/1530/1 1529/1529/1 
f 1710/1710/1 1709/1709/1 1718/1718/1 1717/1717/1 
f 1718/1718/1 1716/1716/1 1532/1532/1 1530/1530/1 
f 1709/1709/1 1711/1711/1 1716/1716/1 1718/1718/1 
f 1719/1719/1 167/167/1 170/170/1 1720/1720/1 
f 1721/1721/1 1719/1719/1 1720/1720/1 1722/1722/1 
f 1723/1723/1 155/155/1 167/167/1 1719/1719/1 
f 1724/1724/1 1723/1723/1 1719/1719/1 1721/1721/1 
f 1704/1704/1 1725/1725/1 1726/1726/1 1705/1705/1 
f 1710/1710/1 1727/1727/1 1725/1725/1 1704/1704/1 
f 1725/1725/1 1721/1721/1 1722/1722/1 1726/1726/1 
f 1727/1727/1 1724/1724/1 1721/1721/1 1725/1725/1 
f 1728/1728/1 1717/1717/1 1529/1529/1 1550/1550/1 
f 1729/1729/1 1728/1728/1 1550/1550/1 1546/1546/1 
f 1727/1727/1 1710/1710/1 1717/1717/1 1728/1728/1 
f 1724/1724/1 1727/1727/1 1728/1728/1 1729/1729/1 
f 152/152/1 1730/1730/1 1544/1544/1 150/150/1 
f 155/155/1 1723/1723/1 1730/1730/1 152/152/1 
f 1730/1730/1 1729/1729/1 1546/1546/1 1544/1544/1 
f 1723/1723/1 1724/1724/1 1729/1729/1 1730/1730/1 
f 1731/1731/14 1732/1732/1 1574/1574/1 1573/1573/14 
f 1733/1733/15 1731/1731/14 1573/1573/14 1570/1570/15 
f 1734/1734/14 1735/1735/1 1732/1732/1 1731/1731/14 
f 1736/1736/15 1734/1734/14 1731/1731/14 1733/1733/15 
f 1737/1737/16 1738/1738/17 1568/1568/17 1567/1567/16 
f 1739/1739/16 1740/1740/17 1738/1738/17 1737/1737/16 
f 1738/1738/17 1733/1733/15 1570/1570/15 1568/1568/17 
f 1740/1740/17 1736/1736/15 1733/1733/15 1738/1738/17 
f 1741/1741/17 1742/1742/16 318/318/16 317/317/17 
f 1743/1743/15 1741/1741/17 317/317/17 311/311/15 
f 1740/1740/17 1739/1739/16 1742/1742/16 1741/1741/17 
f 1736/1736/15 1740/1740/17 1741/1741/17 1743/1743/15 
f 1744/1744/1 1745/1745/14 309/309/14 308/308/1 
f 1735/1735/1 1734/1734/14 1745/1745/14 1744/1744/1 
f 1745/1745/14 1743/1743/15 311/311/15 309/309/14 
f 1734/1734/14 1736/1736/15 1743/1743/15 1745/1745/14 
f 1746/1746/1 1747/1747/1 1590/1590/1 1589/1589/1 
f 1748/1748/1 1746/1746/1 1589/1589/1 1586/1586/1 
f 1749/1749/1 1750/1750/1 1747/1747/1 1746/1746/1 
f 1751/1751/1 1749/1749/1 1746/1746/1 1748/1748/1 
f 1732/1732/1 1752/1752/1 1584/1584/1 1574/1574/1 
f 1735/1735/1 1753/1753/1 1752/1752/1 1732/1732/1 
f 1752/1752/1 1748/1748/1 1586/1586/1 1584/1584/1 
f 1753/1753/1 1751/1751/1 1748/1748/1 1752/1752/1 
f 1754/1754/1 1744/1744/1 308/308/1 341/341/1 
f 1755/1755/1 1754/1754/1 341/341/1 336/336/1 
f 1753/1753/1 1735/1735/1 1744/1744/1 1754/1754/1 
f 1751/1751/1 1753/1753/1 1754/1754/1 1755/1755/1 
f 1756/1756/1 1757/1757/1 334/334/1 333/333/1 
f 1750/1750/1 1749/1749/1 1757/1757/1 1756/1756/1 
f 1757/1757/1 1755/1755/1 336/336/1 334/334/1 
f 1749/1749/1 1751/1751/1 1755/1755/1 1757/1757/1 
f 1758/1758/1 1759/1759/1 1606/1606/1 1605/1605/1 
f 1760/1760/1 1758/1758/1 1605/1605/1 1602/1602/1 
f 1761/1761/1 1762/1762/1 1759/1759/1 1758/1758/1 
f 1763/1763/1 1761/1761/1 1758/1758/1 1760/1760/1 
f 1747/1747/1 1764/1764/1 1600/1600/1 1590/1590/1 
f 1750/1750/1 1765/1765/1 1764/1764/1 1747/1747/1 
f 1764/1764/1 1760/1760/1 1602/1602/1 1600/1600/1 
f 1765/1765/1 1763/1763/1 1760/1760/1 1764/1764/1 
f 1766/1766/1 1756/1756/1 333/333/1 361/361/1 
f 1767/1767/1 1766/1766/1 361/361/1 356/356/1 
f 1765/1765/1 1750/1750/1 1756/1756/1 1766/1766/1 
f 1763/1763/1 1765/1765/1 1766/1766/1 1767/1767/1 
f 1768/1768/1 1769/1769/1 354/354/1 353/353/1 
f 1762/1762/1 1761/1761/1 1769/1769/1 1768/1768/1 
f 1769/1769/1 1767/1767/1 356/356/1 354/354/1 
f 1761/1761/1 1763/1763/1 1767/1767/1 1769/1769/1 
f 1770/1770/1 1771/1771/1 1622/1622/1 1621/1621/1 
f 1772/1772/1 1770/1770/1 1621/1621/1 1618/1618/1 
f 1773/1773/1 1774/1774/1 1771/1771/1 1770/1770/1 
f 1775/1775/1 1773/1773/1 1770/1770/1 1772/1772/1 
f 1759/1759/1 1776/1776/1 1616/1616/1 1606/1606/1 
f 1762/1762/1 1777/1777/1 1776/1776/1 1759/1759/1 
f 1776/1776/1 1772/1772/1 1618/1618/1 1616/1616/1 
f 1777/1777/1 1775/1775/1 1772/1772/1 1776/1776/1 
f 1778/1778/1 1768/1768/1 353/353/1 381/381/1 
f 1779/1779/1 1778/1778/1 381/381/1 376/376/1 
f 1777/1777/1 1762/1762/1 1768/1768/1 1778/1778/1 
f 1775/1775/1 1777/1777/1 1778/1778/1 1779/1779/1 
f 1780/1780/1 1781/1781/1 374/374/1 373/373/1 
f 1774/1774/1 1773/1773/1 1781/1781/1 1780/1780/1 
f 1781/1781/1 1779/1779/1 376/376/1 374/374/1 
f 1773/1773/1 1775/1775/1 1779/1779/1 1781/1781/1 
f 1782/1782/1 1783/1783/1 1638/1638/1 1637/1637/1 
f 1784/1784/1 1782/1782/1 1637/1637/1 1634/1634/1 
f 1785/1785/1 1786/1786/1 1783/1783/1 1782/1782/1 
f 1787/1787/1 1785/1785/1 1782/1782/1 1784/1784/1 
f 1771/1771/1 1788/1788/1 1632/1632/1 1622/1622/1 
f 1774/1774/1 1789/1789/1 1788/1788/1 1771/1771/1 
f 1788/1788/1 1784/1784/1 1634/1634/1 1632/1632/1 
f 1789/1789/1 1787/1787/1 1784/1784/1 1788/1788/1 
f 1790/1790/1 1780/1780/1 373/373/1 398/398/1 
f 1791/1791/1 1790/1790/1 398/398/1 394/394/1 
f 1789/1789/1 1774/1774/1 1780/1780/1 1790/1790/1 
f 1787/1787/1 1789/1789/1 1790/1790/1 1791/1791/1 
f 1792/1792/1 1793/1793/1 392/392/1 25/25/1 
f 1786/1786/1 1785/1785/1 1793/1793/1 1792/1792/1 
f 1793/1793/1 1791/1791/1 394/394/1 392/392/1 
f 1785/1785/1 1787/1787/1 1791/1791/1 1793/1793/1 
f 1794/1794/1 177/177/1 163/163/1 1650/1650/1 
f 1795/1795/1 1794/1794/1 1650/1650/1 1648/1648/1 
f 1796/1796/1 179/179/1 177/177/1 1794/1794/1 
f 1797/1797/1 1796/1796/1 1794/1794/1 1795/1795/1 
f 1783/1783/1 1798/1798/1 1646/1646/1 1638/1638/1 
f 1786/1786/1 1799/1799/1 1798/1798/1 1783/1783/1 
f 1798/1798/1 1795/1795/1 1648/1648/1 1646/1646/1 
f 1799/1799/1 1797/1797/1 1795/1795/1 1798/1798/1 
f 1800/1800/1 1792/1792/1 25/25/1 24/24/1 
f 1801/1801/1 1800/1800/1 24/24/1 21/21/1 
f 1799/1799/1 1786/1786/1 1792/1792/1 1800/1800/1 
f 1797/1797/1 1799/1799/1 1800/1800/1 1801/1801/1 
f 182/182/1 1802/1802/1 19/19/1 18/18/1 
f 179/179/1 1796/1796/1 1802/1802/1 182/182/1 
f 1802/1802/1 1801/1801/1 21/21/1 19/19/1 
f 1796/1796/1 1797/1797/1 1801/1801/1 1802/1802/1 
f 1803/1803/10 1804/1804/1 214/214/1 213/213/10 
f 1805/1805/11 1803/1803/10 213/213/10 210/210/11 
f 1806/1806/10 1807/1807/1 1804/1804/1 1803/1803/10 
f 1808/1808/11 1806/1806/10 1803/1803/10 1805/1805/11 
f 1809/1809/12 1810/1810/13 208/208/13 207/207/12 
f 1811/1811/12 1812/1812/13 1810/1810/13 1809/1809/12 
f 1810/1810/13 1805/1805/11 210/210/11 208/208/13 
f 1812/1812/13 1808/1808/11 1805/1805/11 1810/1810/13 
f 1813/1813/13 1814/1814/12 1663/1663/12 1662/1662/13 
f 1815/1815/11 1813/1813/13 1662/1662/13 1656/1656/11 
f 1812/1812/13 1811/1811/12 1814/1814/12 1813/1813/13 
f 1808/1808/11 1812/1812/13 1813/1813/13 1815/1815/11 
f 1816/1816/1 1817/1817/10 1654/1654/10 1653/1653/1 
f 1807/1807/1 1806/1806/10 1817/1817/10 1816/1816/1 
f 1817/1817/10 1815/1815/11 1656/1656/11 1654/1654/10 
f 1806/1806/10 1808/1808/11 1815/1815/11 1817/1817/10 
f 1818/1818/1 1819/1819/1 234/234/1 233/233/1 
f 1820/1820/1 1818/1818/1 233/233/1 230/230/1 
f 1821/1821/1 1822/1822/1 1819/1819/1 1818/1818/1 
f 1823/1823/1 1821/1821/1 1818/1818/1 1820/1820/1 
f 1804/1804/1 1824/1824/1 228/228/1 214/214/1 
f 1807/1807/1 1825/1825/1 1824/1824/1 1804/1804/1 
f 1824/1824/1 1820/1820/1 230/230/1 228/228/1 
f 1825/1825/1 1823/1823/1 1820/1820/1 1824/1824/1 
f 1826/1826/1 1816/1816/1 1653/1653/1 1681/1681/1 
f 1827/1827/1 1826/1826/1 1681/1681/1 1676/1676/1 
f 1825/1825/1 1807/1807/1 1816/1816/1 1826/1826/1 
f 1823/1823/1 1825/1825/1 1826/1826/1 1827/1827/1 
f 1828/1828/1 1829/1829/1 1674/1674/1 1673/1673/1 
f 1822/1822/1 1821/1821/1 1829/1829/1 1828/1828/1 
f 1829/1829/1 1827/1827/1 1676/1676/1 1674/1674/1 
f 1821/1821/1 1823/1823/1 1827/1827/1 1829/1829/1 
f 1830/1830/1 1831/1831/1 254/254/1 253/253/1 
f 1832/1832/1 1830/1830/1 253/253/1 250/250/1 
f 1833/1833/1 1834/1834/1 1831/1831/1 1830/1830/1 
f 1835/1835/1 1833/1833/1 1830/1830/1 1832/1832/1 
f 1819/1819/1 1836/1836/1 248/248/1 234/234/1 
f 1822/1822/1 1837/1837/1 1836/1836/1 1819/1819/1 
f 1836/1836/1 1832/1832/1 250/250/1 248/248/1 
f 1837/1837/1 1835/1835/1 1832/1832/1 1836/1836/1 
f 1838/1838/1 1828/1828/1 1673/1673/1 1697/1697/1 
f 1839/1839/1 1838/1838/1 1697/1697/1 1692/1692/1 
f 1837/1837/1 1822/1822/1 1828/1828/1 1838/1838/1 
f 1835/1835/1 1837/1837/1 1838/1838/1 1839/1839/1 
f 1840/1840/1 1841/1841/1 1690/1690/1 1689/1689/1 
f 1834/1834/1 1833/1833/1 1841/1841/1 1840/1840/1 
f 1841/1841/1 1839/1839/1 1692/1692/1 1690/1690/1 
f 1833/1833/1 1835/1835/1 1839/1839/1 1841/1841/1 
f 1842/1842/1 1843/1843/1 274/274/1 273/273/1 
f 1844/1844/1 1842/1842/1 273/273/1 270/270/1 
f 1845/1845/1 1846/1846/1 1843/1843/1 1842/1842/1 
f 1847/1847/1 1845/1845/1 1842/1842/1 1844/1844/1 
f 1831/1831/1 1848/1848/1 268/268/1 254/254/1 
f 1834/1834/1 1849/1849/1 1848/1848/1 1831/1831/1 
f 1848/1848/1 1844/1844/1 270/270/1 268/268/1 
f 1849/1849/1 1847/1847/1 1844/1844/1 1848/1848/1 
f 1850/1850/1 1840/1840/1 1689/1689/1 1713/1713/1 
f 1851/1851/1 1850/1850/1 1713/1713/1 1708/1708/1 
f 1849/1849/1 1834/1834/1 1840/1840/1 1850/1850/1 
f 1847/1847/1 1849/1849/1 1850/1850/1 1851/1851/1 
f 1852/1852/1 1853/1853/1 1706/1706/1 1705/1705/1 
f 1846/1846/1 1845/1845/1 1853/1853/1 1852/1852/1 
f 1853/1853/1 1851/1851/1 1708/1708/1 1706/1706/1 
f 1845/1845/1 1847/1847/1 1851/1851/1 1853/1853/1 
f 1854/1854/1 186/186/1 189/189/1 293/293/1 
f 1855/1855/1 1854/1854/1 293/293/1 290/290/1 
f 1856/1856/1 175/175/1 186/186/1 1854/1854/1 
f 1857/1857/1 1856/1856/1 1854/1854/1 1855/1855/1 
f 1843/1843/1 1858/1858/1 288/288/1 274/274/1 
f 1846/1846/1 1859/1859/1 1858/1858/1 1843/1843/1 
f 1858/1858/1 1855/1855/1 290/290/1 288/288/1 
f 1859/1859/1 1857/1857/1 1855/1855/1 1858/1858/1 
f 1860/1860/1 1852/1852/1 1705/1705/1 1726/1726/1 
f 1861/1861/1 1860/1860/1 1726/1726/1 1722/1722/1 
f 1859/1859/1 1846/1846/1 1852/1852/1 1860/1860/1 
f 1857/1857/1 1859/1859/1 1860/1860/1 1861/1861/1 
f 172/172/1 1862/1862/1 1720/1720/1 170/170/1 
f 175/175/1 1856/1856/1 1862/1862/1 172/172/1 
f 1862/1862/1 1861/1861/1 1722/1722/1 1720/1720/1 
f 1856/1856/1 1857/1857/1 1861/1861/1 1862/1862/1 
f 1863/1863/83 1864/1864/84 1865/1865/85 1171/1171/60 
f 1866/1866/86 1867/1867/87 1868/1868/88 592/592/45 
f 1869/1869/89 1870/1870/90 1871/1871/91 1296/1296/77 
f 1872/1872/92 1873/1873/93 1874/1874/94 467/467/28 
f 1875/1875/95 1168/1168/57 1171/1171/60 1865/1865/85 
f 1876/1876/96 1172/1172/61 1168/1168/57 1875/1875/95 
f 1175/1175/64 1877/1877/97 1878/1878/98 1176/1176/16 
f 1172/1172/61 1876/1876/96 1877/1877/97 1175/1175/64 
f 1879/1879/99 593/593/46 592/592/45 1868/1868/88 
f 1880/1880/100 595/595/48 593/593/46 1879/1879/99 
f 598/598/50 1881/1881/101 1882/1882/102 599/599/3 
f 595/595/48 1880/1880/100 1881/1881/101 598/598/50 
f 1883/1883/103 464/464/25 467/467/28 1874/1874/94 
f 1884/1884/104 468/468/29 464/464/25 1883/1883/103 
f 471/471/32 1885/1885/105 1886/1886/106 472/472/12 
f 468/468/29 1884/1884/104 1885/1885/105 471/471/32 
f 1887/1887/107 1297/1297/78 1296/1296/77 1871/1871/91 
f 1888/1888/108 1299/1299/80 1297/1297/78 1887/1887/107 
f 1302/1302/82 1889/1889/109 1890/1890/110 1303/1303/7 
f 1299/1299/80 1888/1888/108 1889/1889/109 1302/1302/82 
f 1891/1891/98 1385/1385/16 1176/1176/16 1878/1878/98 
f 1892/1892/98 1387/1387/16 1385/1385/16 1891/1891/98 
f 1390/1390/16 1893/1893/98 1894/1894/98 1391/1391/16 
f 1387/1387/16 1892/1892/98 1893/1893/98 1390/1390/16 
f 1895/1895/98 1561/1561/16 1391/1391/16 1894/1894/98 
f 1896/1896/98 1563/1563/16 1561/1561/16 1895/1895/98 
f 1566/1566/16 1897/1897/98 1898/1898/98 1567/1567/16 
f 1563/1563/16 1896/1896/98 1897/1897/98 1566/1566/16 
f 1899/1899/98 1737/1737/16 1567/1567/16 1898/1898/98 
f 1900/1900/98 1739/1739/16 1737/1737/16 1899/1899/98 
f 1742/1742/16 1901/1901/98 1902/1902/98 318/318/16 
f 1739/1739/16 1900/1900/98 1901/1901/98 1742/1742/16 
f 1903/1903/98 315/315/16 318/318/16 1902/1902/98 
f 1904/1904/98 319/319/16 315/315/16 1903/1903/98 
f 322/322/16 1905/1905/98 1906/1906/98 323/323/16 
f 319/319/16 1904/1904/98 1905/1905/98 322/322/16 
f 1907/1907/98 1105/1105/16 323/323/16 1906/1906/98 
f 1908/1908/98 1107/1107/16 1105/1105/16 1907/1907/98 
f 1110/1110/16 1909/1909/98 1910/1910/98 959/959/16 
f 1107/1107/16 1908/1908/98 1909/1909/98 1110/1110/16 
f 1911/1911/98 956/956/16 959/959/16 1910/1910/98 
f 1912/1912/98 960/960/16 956/956/16 1911/1911/98 
f 963/963/16 1913/1913/98 1914/1914/98 783/783/16 
f 960/960/16 1912/1912/98 1913/1913/98 963/963/16 
f 1915/1915/98 780/780/16 783/783/16 1914/1914/98 
f 1916/1916/98 784/784/16 780/780/16 1915/1915/98 
f 787/787/16 1917/1917/98 1918/1918/98 587/587/16 
f 784/784/16 1916/1916/98 1917/1917/98 787/787/16 
f 1919/1919/111 584/584/39 587/587/16 1918/1918/98 
f 1920/1920/112 588/588/41 584/584/39 1919/1919/111 
f 591/591/44 1921/1921/113 1866/1866/86 592/592/45 
f 588/588/41 1920/1920/112 1921/1921/113 591/591/44 
f 1922/1922/106 681/681/12 472/472/12 1886/1886/106 
f 1923/1923/106 683/683/12 681/681/12 1922/1922/106 
f 686/686/12 1924/1924/106 1925/1925/106 687/687/12 
f 683/683/12 1923/1923/106 1924/1924/106 686/686/12 
f 1926/1926/106 857/857/12 687/687/12 1925/1925/106 
f 1927/1927/106 859/859/12 857/857/12 1926/1926/106 
f 862/862/12 1928/1928/106 1929/1929/106 863/863/12 
f 859/859/12 1927/1927/106 1928/1928/106 862/862/12 
f 1930/1930/106 1033/1033/12 863/863/12 1929/1929/106 
f 1931/1931/106 1035/1035/12 1033/1033/12 1930/1930/106 
f 1038/1038/12 1932/1932/106 1933/1933/106 202/202/12 
f 1035/1035/12 1931/1931/106 1932/1932/106 1038/1038/12 
f 1934/1934/106 199/199/12 202/202/12 1933/1933/106 
f 1935/1935/106 203/203/12 199/199/12 1934/1934/106 
f 206/206/12 1936/1936/106 1937/1937/106 207/207/12 
f 203/203/12 1935/1935/106 1936/1936/106 206/206/12 
f 1938/1938/106 1809/1809/12 207/207/12 1937/1937/106 
f 1939/1939/106 1811/1811/12 1809/1809/12 1938/1938/106 
f 1814/1814/12 1940/1940/106 1941/1941/106 1663/1663/12 
f 1811/1811/12 1939/1939/106 1940/1940/106 1814/1814/12 
f 1942/1942/106 1660/1660/12 1663/1663/12 1941/1941/106 
f 1943/1943/106 1664/1664/12 1660/1660/12 1942/1942/106 
f 1667/1667/12 1944/1944/106 1945/1945/106 1487/1487/12 
f 1664/1664/12 1943/1943/106 1944/1944/106 1667/1667/12 
f 1946/1946/106 1484/1484/12 1487/1487/12 1945/1945/106 
f 1947/1947/106 1488/1488/12 1484/1484/12 1946/1946/106 
f 1491/1491/12 1948/1948/106 1949/1949/106 1291/1291/12 
f 1488/1488/12 1947/1947/106 1948/1948/106 1491/1491/12 
f 1950/1950/114 1288/1288/71 1291/1291/12 1949/1949/106 
f 1951/1951/115 1292/1292/73 1288/1288/71 1950/1950/114 
f 1295/1295/76 1952/1952/116 1869/1869/89 1296/1296/77 
f 1292/1292/73 1951/1951/115 1952/1952/116 1295/1295/76 
f 1953/1953/102 613/613/3 599/599/3 1882/1882/102 
f 1954/1954/102 615/615/3 613/613/3 1953/1953/102 
f 618/618/3 1955/1955/102 1956/1956/102 619/619/3 
f 615/615/3 1954/1954/102 1955/1955/102 618/618/3 
f 1957/1957/102 633/633/3 619/619/3 1956/1956/102 
f 1958/1958/102 635/635/3 633/633/3 1957/1957/102 
f 638/638/3 1959/1959/102 1960/1960/102 639/639/3 
f 635/635/3 1958/1958/102 1959/1959/102 638/638/3 
f 1961/1961/102 653/653/3 639/639/3 1960/1960/102 
f 1962/1962/102 655/655/3 653/653/3 1961/1961/102 
f 658/658/3 1963/1963/102 1964/1964/102 659/659/3 
f 655/655/3 1962/1962/102 1963/1963/102 658/658/3 
f 1965/1965/102 670/670/3 659/659/3 1964/1964/102 
f 1966/1966/102 672/672/3 670/670/3 1965/1965/102 
f 674/674/3 1967/1967/102 1968/1968/102 28/28/3 
f 672/672/3 1966/1966/102 1967/1967/102 674/674/3 
f 1969/1969/102 29/29/3 28/28/3 1968/1968/102 
f 1970/1970/102 31/31/3 29/29/3 1969/1969/102 
f 37/37/3 1971/1971/102 1972/1972/102 38/38/3 
f 31/31/3 1970/1970/102 1971/1971/102 37/37/3 
f 1973/1973/102 561/561/3 38/38/3 1972/1972/102 
f 1974/1974/102 563/563/3 561/561/3 1973/1973/102 
f 567/567/3 1975/1975/102 1976/1976/102 542/542/3 
f 563/563/3 1974/1974/102 1975/1975/102 567/567/3 
f 1977/1977/102 543/543/3 542/542/3 1976/1976/102 
f 1978/1978/102 545/545/3 543/543/3 1977/1977/102 
f 550/550/3 1979/1979/102 1980/1980/102 522/522/3 
f 545/545/3 1978/1978/102 1979/1979/102 550/550/3 
f 1981/1981/102 523/523/3 522/522/3 1980/1980/102 
f 1982/1982/102 525/525/3 523/523/3 1981/1981/102 
f 530/530/3 1983/1983/102 1984/1984/102 502/502/3 
f 525/525/3 1982/1982/102 1983/1983/102 530/530/3 
f 1985/1985/102 503/503/3 502/502/3 1984/1984/102 
f 1986/1986/102 505/505/3 503/503/3 1985/1985/102 
f 510/510/3 1987/1987/102 1988/1988/102 482/482/3 
f 505/505/3 1986/1986/102 1987/1987/102 510/510/3 
f 1989/1989/102 483/483/3 482/482/3 1988/1988/102 
f 1990/1990/102 485/485/3 483/483/3 1989/1989/102 
f 490/490/3 1991/1991/102 1992/1992/102 457/457/3 
f 485/485/3 1990/1990/102 1991/1991/102 490/490/3 
f 1993/1993/117 458/458/20 457/457/3 1992/1992/102 
f 1994/1994/118 460/460/22 458/458/20 1993/1993/117 
f 466/466/27 1995/1995/119 1872/1872/92 467/467/28 
f 460/460/22 1994/1994/118 1995/1995/119 466/466/27 
f 1996/1996/110 1317/1317/7 1303/1303/7 1890/1890/110 
f 1997/1997/110 1319/1319/7 1317/1317/7 1996/1996/110 
f 1322/1322/7 1998/1998/110 1999/1999/110 1323/1323/7 
f 1319/1319/7 1997/1997/110 1998/1998/110 1322/1322/7 
f 2000/2000/110 1337/1337/7 1323/1323/7 1999/1999/110 
f 2001/2001/110 1339/1339/7 1337/1337/7 2000/2000/110 
f 1342/1342/7 2002/2002/110 2003/2003/110 1343/1343/7 
f 1339/1339/7 2001/2001/110 2002/2002/110 1342/1342/7 
f 2004/2004/110 1357/1357/7 1343/1343/7 2003/2003/110 
f 2005/2005/110 1359/1359/7 1357/1357/7 2004/2004/110 
f 1362/1362/7 2006/2006/110 2007/2007/110 1363/1363/7 
f 1359/1359/7 2005/2005/110 2006/2006/110 1362/1362/7 
f 2008/2008/110 1374/1374/7 1363/1363/7 2007/2007/110 
f 2009/2009/110 1376/1376/7 1374/1374/7 2008/2008/110 
f 1378/1378/7 2010/2010/110 2011/2011/110 108/108/7 
f 1376/1376/7 2009/2009/110 2010/2010/110 1378/1378/7 
f 2012/2012/110 109/109/7 108/108/7 2011/2011/110 
f 2013/2013/110 111/111/7 109/109/7 2012/2012/110 
f 117/117/7 2014/2014/110 2015/2015/110 118/118/7 
f 111/111/7 2013/2013/110 2014/2014/110 117/117/7 
f 2016/2016/110 1265/1265/7 118/118/7 2015/2015/110 
f 2017/2017/110 1267/1267/7 1265/1265/7 2016/2016/110 
f 1271/1271/7 2018/2018/110 2019/2019/110 1246/1246/7 
f 1267/1267/7 2017/2017/110 2018/2018/110 1271/1271/7 
f 2020/2020/110 1247/1247/7 1246/1246/7 2019/2019/110 
f 2021/2021/110 1249/1249/7 1247/1247/7 2020/2020/110 
f 1254/1254/7 2022/2022/110 2023/2023/110 1226/1226/7 
f 1249/1249/7 2021/2021/110 2022/2022/110 1254/1254/7 
f 2024/2024/110 1227/1227/7 1226/1226/7 2023/2023/110 
f 2025/2025/110 1229/1229/7 1227/1227/7 2024/2024/110 
f 1234/1234/7 2026/2026/110 2027/2027/110 1206/1206/7 
f 1229/1229/7 2025/2025/110 2026/2026/110 1234/1234/7 
f 2028/2028/110 1207/1207/7 1206/1206/7 2027/2027/110 
f 2029/2029/110 1209/1209/7 1207/1207/7 2028/2028/110 
f 1214/1214/7 2030/2030/110 2031/2031/110 1186/1186/7 
f 1209/1209/7 2029/2029/110 2030/2030/110 1214/1214/7 
f 2032/2032/110 1187/1187/7 1186/1186/7 2031/2031/110 
f 2033/2033/110 1189/1189/7 1187/1187/7 2032/2032/110 
f 1194/1194/7 2034/2034/110 2035/2035/110 1161/1161/7 
f 1189/1189/7 2033/2033/110 2034/2034/110 1194/1194/7 
f 2036/2036/120 1162/1162/52 1161/1161/7 2035/2035/110 
f 2037/2037/121 1164/1164/54 1162/1162/52 2036/2036/120 
f 1170/1170/59 2038/2038/122 1863/1863/83 1171/1171/60 
f 1164/1164/54 2037/2037/121 2038/2038/122 1170/1170/59 
# 1936 polygons

