# Blender 5.0.1
# www.blender.org
mtllib pet_bed.mtl
o pet_bed
v 15.676333 0.764410 -0.191409
v 15.581027 0.801007 -2.145360
v 15.753989 1.327647 -2.155187
v 15.858111 1.271681 -0.194518
v 15.477571 0.729451 1.953614
v 15.667706 1.212810 1.955653
v 15.183450 0.370716 1.926266
v 15.387429 0.392006 -0.188518
v 15.299325 0.417110 -2.112863
v 15.228805 0.838891 -3.903520
v 15.394387 1.380578 -3.925078
v 14.956124 0.446441 -3.841237
v 14.430053 0.477590 -5.408444
v 14.692479 0.875983 -5.499885
v 14.851384 1.428532 -5.536063
v 15.483836 2.074548 -3.917474
v 14.935920 2.140834 -5.530093
v 15.519097 2.885747 -3.890300
v 14.967301 2.978425 -5.493848
v 15.892354 2.772290 -2.142165
v 15.851367 1.997154 -2.153117
v 15.968606 1.910832 -0.208419
v 15.790059 1.813167 1.923482
v 16.017445 2.639227 -0.221190
v 15.844478 2.482831 1.883728
v 10.336995 1.027954 -11.797013
v 9.104997 1.052690 -12.754277
v 9.205291 1.625586 -12.855191
v 10.451287 1.597566 -11.896308
v 11.443166 0.999687 -10.738996
v 11.569650 1.567165 -10.830716
v 11.234756 0.592003 -10.552398
v 10.148629 0.617141 -11.597745
v 8.939567 0.637136 -12.551393
v 7.749585 1.070823 -13.610011
v 6.287984 1.082766 -14.354562
v 6.356280 1.665946 -14.434012
v 7.834401 1.648861 -13.704278
v 7.609572 0.648564 -13.415545
v 6.175227 0.653228 -14.179566
v 7.879346 2.390281 -13.725972
v 9.258458 2.365234 -12.880193
v 6.392444 2.408977 -14.447686
v 6.405540 3.281348 -14.411012
v 7.895606 3.264239 -13.693009
v 9.277698 3.240115 -12.848720
v 10.511901 2.336002 -11.920209
v 11.636741 2.304374 -10.850451
v 10.533853 3.211233 -11.888408
v 11.661019 3.178853 -10.817149
v -1.954096 1.084513 -15.670295
v -3.624671 1.080325 -15.316827
v -3.662562 1.664412 -15.348420
v -1.974014 1.670414 -15.683463
v -0.256386 1.088029 -15.817319
v -0.258068 1.674741 -15.822713
v -0.253612 0.642687 -15.736499
v -1.921295 0.640520 -15.580176
v -3.562172 0.640058 -15.203961
v -5.241293 1.076350 -14.778367
v -6.787423 1.069465 -14.085031
v -6.860109 1.644678 -14.163102
v -5.296665 1.656553 -14.833875
v -5.149809 0.642167 -14.635432
v -6.667204 0.642657 -13.913445
v -5.326002 2.386630 -14.834662
v -3.682658 2.397810 -15.335256
v -6.898605 2.372225 -14.176776
v -6.912543 3.221557 -14.141229
v -5.336661 3.235738 -14.792762
v -3.689993 3.248809 -15.286239
v -1.984574 2.407003 -15.659270
v -0.258957 2.414229 -15.793704
v -1.988447 3.261478 -15.604400
v -0.259294 3.272951 -15.736125
v -12.847357 0.958490 -8.880748
v -13.677165 0.927792 -7.553124
v -13.825558 1.490697 -7.613545
v -12.987430 1.522825 -8.955991
v -11.892146 0.987704 -10.131579
v -12.022270 1.552344 -10.219239
v -11.676833 0.581313 -9.953500
v -12.615579 0.553379 -8.723071
v -13.431587 0.523906 -7.419875
v -14.388927 0.895497 -6.170634
v -14.961048 0.862039 -4.706601
v -15.122854 1.414080 -4.736064
v -14.544359 1.454741 -6.215201
v -14.131642 0.493746 -6.063731
v -14.693799 0.464365 -4.627397
v -14.626522 2.178916 -6.211122
v -13.904022 2.221155 -7.617219
v -15.209282 2.126163 -4.727714
v -15.241211 2.963674 -4.692760
v -14.655814 3.034063 -6.171813
v -13.931985 3.085690 -7.579452
v -13.061558 2.255426 -8.967307
v -12.091187 2.284208 -10.237193
v -13.088071 3.123073 -8.931727
v -12.115957 3.150478 -10.203914
v -15.095116 0.652214 4.721508
v -14.334955 0.609546 6.994940
v -14.539648 1.028551 6.979134
v -15.296850 1.100655 4.701726
v -15.496881 0.701104 2.528672
v -15.688385 1.176568 2.513684
v -15.201631 0.349059 2.502606
v -14.796820 0.317259 4.669505
v -14.038442 0.291441 6.913461
v -13.088971 0.580543 9.289953
v -11.329095 0.562041 11.447605
v -11.491387 0.917656 11.480742
v -13.279691 0.966474 9.295630
v -12.802358 0.277361 9.173569
v -11.071624 0.272414 11.294508
v -13.389396 1.405529 9.193430
v -14.685630 1.531037 6.856744
v -11.558417 1.299042 11.408467
v -11.561713 1.676239 11.259591
v -13.426098 1.854557 9.033576
v -14.754511 2.060750 6.696394
v -15.439690 1.651503 4.596931
v -15.512232 2.252700 4.461878
v -15.874919 2.433133 2.350160
v -15.812146 1.768026 2.444665
v -9.038068 0.550319 13.308949
v -8.840445 0.273864 13.120950
v -6.241174 0.279951 14.503511
v -6.366206 0.545966 14.719604
v -9.160626 0.884981 13.364008
v -6.444501 0.866917 14.790923
v -3.483963 0.554591 15.525209
v -3.422809 0.293118 15.292777
v -0.428703 0.569033 15.737084
v -0.426901 0.307759 15.499263
v -0.429092 0.879473 15.822719
v -3.522232 0.867268 15.606971
v -3.550320 1.194241 15.555190
v -3.554124 1.487677 15.418916
v -6.498824 1.514380 14.594472
v -6.493657 1.205451 14.733706
v -0.428149 1.201542 15.774173
v -0.426545 1.489802 15.639213
v -9.215049 1.237048 13.303341
v -9.213765 1.570583 13.160629
v 2.745227 0.580625 15.366578
v 2.687455 0.317007 15.133466
v 5.706893 0.316929 14.238265
v 5.828513 0.587004 14.455664
v 2.782983 0.895434 15.448705
v 5.906835 0.912072 14.528317
v 8.635646 0.595068 13.046327
v 8.440980 0.312989 12.856534
v 11.001424 0.607437 11.217651
v 10.746547 0.310702 11.061090
v 11.164165 0.969469 11.260843
v 8.759530 0.935586 13.104931
v 8.818776 1.293093 13.051865
v 8.816382 1.626304 12.927901
v 5.966954 1.564859 14.338424
v 5.959159 1.254370 14.473134
v 11.231338 1.354579 11.210711
v 11.225966 1.727701 11.100389
v 2.813348 1.224364 15.397031
v 2.820685 1.519171 15.260621
v 12.771316 0.630461 9.048705
v 12.956990 1.021405 9.078359
v 12.487008 0.318498 8.924751
v 13.753791 0.333775 6.596649
v 14.048438 0.661561 6.688245
v 14.244216 1.084803 6.706452
v 15.264607 1.700161 4.249443
v 15.138404 1.149773 4.294097
v 15.317714 2.297634 4.183710
v 14.403653 2.097138 6.568340
v 14.362098 1.578552 6.655363
v 11.858682 0.308942 -9.137290
v 12.685948 0.282117 -7.938178
v 12.155938 0.150282 -7.599374
v 11.361476 0.175052 -8.750352
v 10.921563 0.333833 -10.248042
v 10.462363 0.196804 -9.820861
v 12.197209 0.564740 -9.413159
v 13.046060 0.536341 -8.179112
v 13.412930 0.254837 -6.647208
v 14.034228 0.227451 -5.248620
v 13.449107 0.099690 -5.021001
v 12.853929 0.124931 -6.361617
v 13.791875 0.507338 -6.849299
v 12.060750 0.089684 -5.991988
v 11.405688 0.112216 -7.160972
v 12.617032 0.067299 -4.726159
v 11.104724 0.122557 -4.441651
v 10.623088 0.138732 -5.624188
v 10.052249 0.154651 -6.717216
v 10.659266 0.134032 -8.249301
v 9.815166 0.151777 -9.265777
v 9.400146 0.169473 -7.735890
v 8.662660 0.179157 -8.690637
v 14.216090 0.133922 4.120407
v 13.587634 0.025113 3.966584
v 14.107305 0.030126 1.819663
v 14.748561 0.143886 1.882500
v 14.645556 0.351459 4.225903
v 13.339114 0.126057 6.427554
v 12.738076 0.022363 6.179848
v 10.748309 0.005646 7.904424
v 11.540637 0.021455 8.353098
v 9.911349 0.025606 10.347443
v 9.211572 0.009396 9.789757
v 9.301797 0.066390 7.323130
v 7.919263 0.062436 9.089805
v 10.334319 0.070801 5.409559
v 11.883632 0.005352 5.852426
v 8.169688 0.130501 12.516009
v 5.524905 0.139294 13.859202
v 5.250504 0.044230 13.317658
v 7.773660 0.035999 12.023991
v 10.403190 0.121228 10.771124
v 2.257531 0.018448 13.427623
v -0.421868 0.008672 13.773891
v -0.480582 0.023397 12.957900
v 1.849757 0.037361 12.593668
v 4.851888 0.021339 12.612818
v 4.081399 0.050388 11.784941
v 2.458840 0.044868 14.163373
v -0.421209 0.036126 14.515336
v 7.205722 0.017041 11.379705
v 6.139272 0.058585 10.597025
v -3.326138 0.119444 14.892581
v -6.052114 0.105904 14.126390
v -3.192052 0.024433 14.327741
v -5.791594 0.013001 13.592820
v -0.423637 0.132924 15.091239
v -8.561062 0.096065 12.782814
v -10.719237 0.088651 11.006890
v -8.174794 0.004150 12.302807
v -10.227536 -0.003629 10.597243
v -7.657044 -0.015193 11.689205
v -6.906439 0.012320 11.054926
v -5.025773 0.009250 12.172720
v -5.452579 -0.009879 12.907375
v -9.552455 -0.019517 10.078050
v -8.482660 0.019777 9.571898
v -3.018767 -0.001306 13.601370
v -2.829611 0.014277 12.812311
v -12.404964 0.086202 8.943638
v -13.616665 0.091258 6.744003
v -13.010131 -0.007418 6.503127
v -11.841945 -0.008366 8.615654
v -14.363737 0.106523 4.558941
v -13.734578 0.002254 4.404724
v -14.765960 0.127519 2.448481
v -14.128163 0.017169 2.378155
v -12.846609 -0.014460 4.221791
v -12.158463 -0.022148 6.207380
v -13.224718 -0.002460 2.303519
v -11.632529 0.062553 2.308734
v -11.304360 0.048198 4.113817
v -10.705747 0.035683 5.975188
v -11.058223 -0.022718 8.205116
v -9.758311 0.027112 7.836599
v -14.680019 0.191357 -2.987323
v -14.290310 0.215028 -4.486478
v -13.690754 0.088496 -4.279235
v -14.062049 0.067406 -2.840398
v -14.899871 0.169911 -1.346549
v -14.268555 0.049373 -1.265384
v -15.326165 0.409301 -1.395610
v -15.096288 0.436624 -3.083667
v -13.178994 0.039442 -2.637944
v -13.368003 0.023934 -1.145930
v -12.833340 0.058072 -4.001075
v -11.253632 0.118515 -3.645698
v -11.561717 0.103400 -2.356343
v -11.734001 0.089826 -0.945102
v -10.313674 0.345480 -10.780173
v -9.152681 0.359984 -11.812839
v -8.762797 0.212266 -11.351787
v -9.873557 0.204493 -10.338759
v -11.351919 0.323918 -9.664191
v -10.868188 0.188058 -9.255666
v -10.608851 0.606850 -11.091388
v -9.413638 0.626924 -12.133563
v -7.871667 0.364156 -12.762584
v -6.485992 0.360083 -13.619157
v -6.213593 0.195247 -13.165977
v -7.538116 0.208503 -12.298535
v -8.094340 0.638228 -13.076863
v -7.057479 0.143839 -11.659169
v -8.202548 0.156520 -10.733443
v -5.819481 0.120965 -12.517697
v -5.056598 0.119426 -11.726056
v -6.142632 0.152831 -10.893149
v -7.148824 0.175557 -10.003671
v -9.242410 0.156121 -9.755780
v -10.175448 0.145386 -8.719934
v -8.064555 0.184325 -9.072701
v -8.888696 0.181793 -8.092549
v 1.374698 0.334467 -15.437318
v 2.975080 0.346841 -15.101354
v 2.858253 0.161032 -14.694886
v 1.319674 0.139453 -15.050963
v -0.249443 0.327263 -15.539313
v -0.241713 0.128052 -15.161326
v 1.415320 0.646244 -15.645423
v 3.059731 0.649948 -15.334859
v 4.525466 0.360438 -14.565316
v 4.344060 0.185293 -14.132272
v 4.653018 0.653058 -14.832795
v 6.005565 0.370871 -13.879264
v 5.759614 0.206233 -13.421617
v 4.097386 0.101189 -13.490096
v 5.417731 0.129205 -12.774594
v 3.714503 0.077867 -12.753207
v 4.844131 0.113883 -12.053359
v 2.500407 0.043519 -13.313918
v 2.705136 0.071286 -14.061372
v 1.249333 0.044853 -14.425185
v -0.228219 0.030738 -14.538165
v 1.174026 0.016374 -13.671262
v -0.173432 0.003308 -13.773723
v 7.233136 0.253392 -7.311831
v 7.711286 0.250696 -6.362332
v 4.494733 0.350078 -6.210195
v 4.262826 0.339710 -7.105735
v 6.690263 0.249992 -8.203292
v 3.994216 0.322210 -7.948232
v 8.126760 0.246121 -5.344058
v 8.472398 0.240289 -4.245069
v 4.846045 0.361558 -4.221835
v 4.690869 0.357181 -5.251439
v 8.261563 0.207778 3.017464
v 4.410224 0.339560 2.467487
v 4.711236 0.353649 0.867265
v 8.652951 0.216610 1.280751
v 11.071115 0.074992 3.461613
v 11.533301 0.079191 1.573840
v 7.651319 0.195338 4.815508
v 3.968451 0.317909 4.136199
v 4.259292 0.135265 9.689819
v 2.694451 0.105961 10.874289
v 0.692771 0.160032 10.032310
v 1.655028 0.208025 8.812174
v 5.663295 0.160003 8.239335
v 2.578153 0.252408 7.376566
v 1.093575 0.075826 11.730231
v -0.651750 0.053906 12.158363
v -1.047405 0.085965 11.491243
v -0.197464 0.115176 10.967217
v -2.647518 0.044201 12.059395
v -4.500877 0.043175 11.491513
v -2.448930 0.084254 11.285751
v -3.812983 0.079248 11.009296
v -5.823692 0.059537 10.512901
v -6.809588 0.087459 9.201341
v -4.299387 0.106944 10.245358
v -4.607324 0.151980 9.102239
v -7.646844 0.115108 7.634642
v -8.291654 0.141008 5.924973
v -5.084224 0.242853 6.124034
v -4.879337 0.198706 7.696184
v -8.703729 0.165781 4.184523
v -5.191905 0.281825 4.482642
v -8.916821 0.188088 2.477976
v -5.202556 0.313939 2.843495
v -8.727778 0.234744 -1.972014
v -8.476031 0.244824 -3.206800
v -4.629341 0.372337 -2.731669
v -4.817094 0.366928 -1.516799
v -8.888126 0.222858 -0.619796
v -4.974669 0.356432 -0.184880
v -5.987307 0.261572 -8.330998
v -5.282953 0.242727 -9.208289
v -2.665377 0.316383 -8.509624
v -3.089108 0.342705 -7.674291
v -6.623719 0.269594 -7.409068
v -3.473198 0.359531 -6.794711
v -4.509279 0.210859 -10.049130
v -3.673955 0.167861 -10.842837
v -1.706475 0.229024 -10.068961
v -2.201798 0.278363 -9.309161
v 1.104285 0.020585 -12.900405
v 2.228730 0.044397 -12.565574
v 1.870807 0.063537 -12.081662
v 1.042592 0.048356 -12.178979
v -0.041415 0.014370 -12.971957
v 0.223563 0.041535 -12.371078
v 3.124116 0.085213 -12.035977
v 2.243073 0.098434 -11.566607
v 3.901578 0.133095 -11.373103
v 2.596295 0.154596 -10.946683
v 15.451083 5.923607 -0.171940
v 15.367145 6.381962 -1.940771
v 15.064206 6.727853 -1.891096
v 15.155026 6.233115 -0.147157
v 15.227420 5.357850 1.787416
v 14.946883 5.620533 1.794653
v 15.458182 4.980283 1.787519
v 15.683557 5.478066 -0.188838
v 15.597573 5.882523 -1.980752
v 15.021432 6.730373 -3.550694
v 14.722791 7.096922 -3.456774
v 15.243989 6.199803 -3.630334
v 14.702502 6.439621 -5.162522
v 14.490293 6.988191 -5.040980
v 14.202081 7.366189 -4.898457
v 14.343942 7.305452 -3.325727
v 13.832496 7.587667 -4.726057
v 13.903594 7.385744 -3.168658
v 13.398458 7.674284 -4.526348
v 14.252643 6.998298 -1.691507
v 14.687043 6.922713 -1.804134
v 10.192828 7.467375 -11.183622
v 11.283002 7.433314 -10.145508
v 11.450490 6.854521 -10.355515
v 10.343944 6.888910 -11.407990
v 8.979321 7.486531 -12.115606
v 9.111588 6.910014 -12.352276
v 8.798842 7.878375 -11.819372
v 9.986615 7.861061 -10.904211
v 11.054345 7.827815 -9.885553
v 7.644607 7.492072 -12.934771
v 6.205035 7.481885 -13.629984
v 6.083579 7.867410 -13.306068
v 7.492700 7.881206 -12.623819
v 7.755937 6.918833 -13.182180
v 6.294030 6.913269 -13.886787
v 7.297261 8.104564 -12.242512
v 7.066590 8.185908 -11.804415
v 8.292491 8.187436 -11.041477
v 8.566611 8.104005 -11.457060
v 5.927344 8.087955 -12.907951
v 5.742938 8.166957 -12.450024
v 9.721198 8.088464 -10.563507
v 9.407849 8.173732 -10.173454
v 10.412328 8.143144 -9.209093
v 10.759986 8.056424 -9.569803
v -1.931906 7.288901 -14.778950
v -3.581264 7.267049 -14.476580
v -3.515243 7.634001 -14.134550
v -1.897485 7.655673 -14.430075
v -0.254763 7.323625 -14.902695
v -0.251918 7.692152 -14.550919
v -0.256830 6.779025 -15.179352
v -1.957099 6.747634 -15.053213
v -3.629608 6.726759 -14.745632
v -5.175914 7.261838 -14.003988
v -6.699016 7.271464 -13.376062
v -6.569804 7.646093 -13.056706
v -5.078447 7.631244 -13.672134
v -5.247307 6.719655 -14.265654
v -6.793736 6.724399 -13.628733
v -4.953003 7.847371 -13.262644
v -4.804859 7.936290 -12.787971
v -3.329829 7.930996 -13.220648
v -3.430247 7.846432 -13.711779
v -6.403651 7.868432 -12.663666
v -6.207656 7.961103 -12.209799
v -1.853150 7.866264 -13.998821
v -1.800698 7.945835 -13.498760
v -0.243761 7.978128 -13.614077
v -0.248227 7.902495 -14.116367
v -12.653828 7.332188 -8.333300
v -11.717674 7.350059 -9.558411
v -11.893777 6.777737 -9.758427
v -12.845506 6.758418 -8.513134
v -13.466627 7.274171 -7.035744
v -13.671724 6.702696 -7.192801
v -13.188417 7.666288 -6.845473
v -12.393446 7.726056 -8.112593
v -11.478127 7.744027 -9.310829
v -14.164396 7.160212 -5.689207
v -14.726357 6.966702 -4.281559
v -14.422632 7.340394 -4.154520
v -13.871342 7.547739 -5.532228
v -14.380773 6.596787 -5.821527
v -14.952547 6.422993 -4.392021
v -13.497045 7.776584 -5.344973
v -12.832663 7.897027 -6.616059
v -14.037394 7.561879 -4.005858
v -13.587490 7.650877 -3.834090
v -13.058343 7.868123 -5.129156
v -12.415112 7.989405 -6.353115
v -12.060028 7.959094 -7.844893
v -11.668222 8.054994 -7.538346
v -10.809646 8.079022 -8.663780
v -11.170984 7.979751 -9.009317
v -10.243470 2.580981 8.500320
v -9.878362 2.568034 8.087063
v -10.790000 2.690467 6.349434
v -11.156388 2.798084 6.689074
v -10.623488 2.629840 8.842361
v -11.540590 2.951042 6.961693
v -9.246629 2.417240 10.562160
v -8.905219 2.448337 10.157680
v -8.576137 2.506521 9.681803
v -11.632205 3.097451 4.829769
v -11.978559 3.365885 5.051300
v -11.310981 2.887306 4.544979
v -11.552598 3.122568 2.752786
v -11.808991 3.440388 2.986833
v -12.097004 3.828861 3.164619
v -8.940851 2.199968 12.682361
v -9.079176 2.063000 12.790112
v -6.353603 1.909241 14.247493
v -6.244267 2.010331 14.115615
v -8.787423 2.274681 12.623811
v -6.137633 2.068073 14.016805
v -11.116765 2.600959 10.781340
v -11.300822 2.491020 10.803067
v -11.452288 2.299969 10.887688
v -3.403454 1.933178 14.919097
v -3.463737 1.843664 15.070487
v -0.423516 1.841598 15.283593
v -0.422330 1.931355 15.123477
v -3.348419 1.987080 14.795024
v -0.421394 1.986565 14.990319
v -7.161224 2.401734 11.555279
v -5.110572 2.403529 12.598172
v -4.916152 2.501289 12.098362
v -6.889997 2.491270 11.057585
v -7.438285 2.327864 11.989936
v -5.304445 2.311261 13.045300
v 2.678000 1.964143 14.759427
v 2.736241 1.875227 14.911300
v 5.818217 1.953632 14.006694
v 5.710389 2.052974 13.872520
v 2.624452 2.017779 14.634503
v 5.606984 2.113308 13.765173
v 8.510953 2.227284 12.508320
v 8.649238 2.094551 12.622858
v 11.066752 2.319077 10.831020
v 10.912732 2.510628 10.736732
v 8.366147 2.313209 12.419910
v 10.737922 2.646077 10.666222
v 6.906236 2.445015 11.280462
v 6.644773 2.522045 10.787167
v 4.453305 2.531853 11.822939
v 4.639016 2.439875 12.323215
v 7.150207 2.395802 11.697952
v 4.818942 2.357889 12.765913
v 9.079318 2.535435 10.252651
v 8.804214 2.514875 9.899145
v 8.504056 2.538983 9.457809
v 12.754594 2.931255 8.627658
v 12.561088 3.145268 8.571629
v 12.916957 2.652419 8.702408
v 14.269917 3.048305 6.398499
v 14.109920 3.434315 6.339595
v 13.910892 3.745743 6.293800
v 11.545163 3.098255 0.385377
v 11.408305 3.192391 -1.077439
v 11.113797 2.936065 -1.101176
v 11.231143 2.877390 0.341553
v 11.485393 2.977796 2.028059
v 11.149638 2.808928 1.931868
v 11.720819 3.249500 2.155640
v 11.754880 3.446177 0.459609
v 11.595357 3.601058 -1.034501
v 11.124455 3.269104 -2.387486
v 10.852180 2.982213 -2.369988
v 11.289693 3.721704 -2.375030
v 10.870074 3.812680 -3.579295
v 10.723001 3.329724 -3.565196
v 10.472102 3.019123 -3.501672
v 10.406884 2.844075 -2.267715
v 10.052159 2.867779 -3.347075
v 9.763967 2.806421 -2.105315
v 9.444331 2.823205 -3.133809
v 9.967006 2.789337 -0.962102
v 10.642598 2.816592 -1.059888
v 10.734540 2.782872 0.311967
v 10.633946 2.747336 1.816427
v 10.028659 2.771186 0.322983
v 9.910886 2.753628 1.733068
v 7.505958 3.474658 -8.157767
v 7.339875 3.132376 -7.969539
v 8.116035 3.114814 -7.200400
v 8.300580 3.456250 -7.369431
v 7.603623 4.000958 -8.243905
v 8.408988 3.981592 -7.445454
v 6.715528 4.016071 -8.966519
v 6.629827 3.490591 -8.871890
v 6.483642 3.148496 -8.666474
v 5.667872 3.503954 -9.498368
v 4.623031 3.513841 -10.020635
v 4.521497 3.174889 -9.785909
v 5.543412 3.162936 -9.278176
v 5.740373 4.027205 -9.600701
v 4.681645 4.033391 -10.131013
v 5.334188 2.991548 -8.872893
v 6.238776 2.977080 -8.287837
v 4.349656 3.004276 -9.355821
v 4.123128 2.944008 -8.731011
v 5.068337 2.930972 -8.283256
v 5.934546 2.916493 -7.745904
v 7.061971 2.961420 -7.623189
v 6.717601 2.901052 -7.149182
v 7.413062 2.885608 -6.485526
v 7.806401 2.944895 -6.889190
v -1.479786 3.525328 -10.777864
v -1.496860 4.033989 -10.908340
v -2.748919 4.033920 -10.691772
v -2.716316 3.522553 -10.575233
v -1.452737 3.191884 -10.513944
v -2.662159 3.185378 -10.325427
v -0.215243 3.193797 -10.590959
v -0.215616 3.522566 -10.863942
v -0.217211 4.028235 -11.004491
v -3.900980 3.506669 -10.248694
v -3.949021 4.016674 -10.355731
v -5.081195 3.994875 -9.895932
v -5.018188 3.487105 -9.795545
v -3.819309 3.172796 -10.014081
v -4.909160 3.158024 -9.576152
v -3.683216 3.006473 -9.580346
v -2.573636 3.017369 -9.866109
v -4.724933 2.993716 -9.175120
v -4.489741 2.934974 -8.656388
v -3.528410 2.947042 -9.004571
v -2.490556 2.957620 -9.237149
v -1.410496 3.024389 -10.048133
v -0.218076 3.027455 -10.124719
v -1.388805 2.964394 -9.395116
v -0.250944 2.967457 -9.461980
v -9.347005 3.422873 -5.959679
v -9.465094 3.941644 -6.021741
v -10.080615 3.915334 -5.056520
v -9.956850 3.399838 -5.005260
v -9.134162 3.086316 -5.821265
v -9.732757 3.065694 -4.886567
v -8.453167 3.103761 -6.716300
v -8.652510 3.439615 -6.873116
v -8.763740 3.957176 -6.945084
v -10.482597 3.368440 -4.022443
v -10.904403 3.325290 -2.978745
v -10.658677 3.012253 -2.907739
v -10.248111 3.041218 -3.925254
v -10.612063 3.874177 -4.061718
v -11.042518 3.809439 -2.998418
v -9.841928 2.881210 -3.736012
v -9.344277 2.901569 -4.662536
v -10.236097 2.860091 -2.757335
v -9.638976 2.814776 -2.508004
v -9.261551 2.832186 -3.445975
v -8.785052 2.850119 -4.336070
v -8.765855 2.920366 -5.563991
v -8.109091 2.937613 -6.427386
v -8.232362 2.867312 -5.202144
v -7.607940 2.883456 -6.031747
v -11.013398 2.769927 4.233053
v -10.459025 2.654485 5.970089
v -10.086538 2.662935 5.589410
v -10.658315 2.720581 3.932722
v -11.300178 2.912639 2.521154
v -10.971499 2.793677 2.318831
v -9.541465 2.592270 7.659483
v -8.260800 2.569170 9.223068
v -7.913229 2.629279 8.765973
v -9.169445 2.635196 7.231409
v -8.699203 2.677907 6.816700
v -9.595571 2.688226 5.245778
v -7.487884 2.679386 8.294998
v -6.982185 2.725575 7.724240
v -8.138806 2.721771 6.329154
v -9.008973 2.724297 4.861663
v -10.164396 2.714092 3.682743
v -9.577327 2.734024 3.431141
v -9.902352 2.748871 2.063122
v -10.486032 2.748228 2.172730
v -6.623384 2.570299 10.582715
v -4.721573 2.583998 11.615391
v -6.330305 2.637005 10.100332
v -4.507571 2.651475 11.112800
v -2.382369 2.719832 11.098997
v -2.188338 2.763911 10.368229
v -3.940758 2.748585 9.856446
v -4.255089 2.703185 10.554123
v -2.520992 2.669019 11.681664
v -0.392337 2.682907 11.813066
v -0.377050 2.732824 11.221897
v -0.313443 2.775491 10.481768
v -5.980142 2.689259 9.580132
v -5.559903 2.735580 8.937553
v 1.953877 2.619811 12.030552
v 2.050115 2.538461 12.521807
v 4.266942 2.610516 11.338198
v 1.852899 2.685083 11.513119
v 4.067080 2.674963 10.834513
v -0.400098 2.616773 12.335047
v -0.404178 2.534366 12.828575
v 6.386912 2.594338 10.311581
v 8.202058 2.586771 9.005392
v 6.106744 2.657357 9.829929
v 7.862493 2.642177 8.548397
v 5.778701 2.706385 9.318441
v 3.841073 2.724016 10.277414
v 7.449937 2.688872 8.093317
v 6.984942 2.728911 7.632721
v 5.440959 2.746407 8.742930
v 3.634398 2.764699 9.604905
v 1.743768 2.734322 10.929966
v 1.672267 2.775831 10.205926
v 9.583611 2.607634 7.474336
v 10.562732 2.679261 5.753431
v 10.179620 2.671059 5.378394
v 9.209289 2.643378 7.038970
v 9.893529 2.616670 7.878175
v 10.856641 2.767962 6.081735
v 11.177196 2.820794 3.877707
v 10.812711 2.733277 3.643421
v 11.443410 3.001739 4.101955
v 10.290477 2.714303 3.422092
v 9.669347 2.690438 5.055286
v 9.574458 2.738116 3.251237
v 8.995927 2.726935 4.796280
v 8.735738 2.682517 6.642310
v 8.152259 2.722871 6.286972
v -14.801160 6.094593 0.712343
v -14.417024 6.129502 0.820197
v -14.269937 6.793958 -0.896505
v -14.694425 6.730934 -1.011660
v -15.144172 5.968273 0.609087
v -15.065717 6.559594 -1.117229
v -15.015738 5.279963 2.480204
v -14.711967 5.356817 2.586397
v -14.380800 5.359765 2.694081
v -12.351317 3.658206 5.173470
v -12.738158 3.941926 5.189542
v -12.299646 3.300943 7.204329
v -11.924855 3.123213 7.140013
v -12.443925 4.250665 3.227461
v -12.830087 4.647463 3.194109
v 11.670657 3.300579 4.293168
v 11.099006 2.990048 6.264657
v 11.337710 3.267545 6.380219
v 11.896668 3.674679 4.410672
v 11.935353 3.618930 2.365269
v 12.148671 4.081391 2.498166
v 10.173778 2.711940 8.180265
v 10.437985 2.856768 8.403809
v 16.014095 3.414189 -0.220944
v 15.895919 3.615718 -2.125337
v 15.853635 4.457328 -2.093795
v 15.958489 4.180453 -0.212914
v 15.830701 3.174098 1.863031
v 15.757651 3.847401 1.845006
v 15.521911 3.779033 -3.853147
v 15.483308 4.676199 -3.798413
v 14.966582 3.906778 -5.439215
v 14.927518 4.843506 -5.365496
v 15.394277 5.499088 -3.718533
v 14.843835 5.706239 -5.271976
v 15.756940 5.226942 -2.038684
v 15.850469 4.882699 -0.202357
v 15.634177 4.463108 1.813271
v 10.532037 4.191220 -11.820544
v 9.276164 4.218685 -12.780192
v 9.250939 5.211815 -12.675591
v 10.503184 5.186326 -11.718345
v 11.658986 4.158076 -10.749804
v 11.626998 5.152560 -10.650531
v 7.894362 4.239879 -13.623286
v 6.404597 4.252505 -14.339383
v 6.387706 5.235543 -14.230868
v 7.873170 5.228952 -13.516633
v 7.829564 6.143210 -13.372869
v 9.199094 6.130349 -12.535962
v 6.352876 6.143470 -14.083539
v 10.443929 6.107054 -11.583529
v 11.561324 6.072804 -10.521489
v -1.988279 4.200997 -15.525542
v -3.689581 4.185708 -15.210242
v -3.680452 5.127740 -15.100291
v -1.983546 5.145183 -15.413903
v -0.259311 4.217431 -15.655795
v -0.258952 5.166834 -15.543124
v -5.335972 4.173022 -14.720134
v -6.911525 4.162161 -14.071628
v -6.893500 5.110875 -13.965846
v -5.322431 5.116734 -14.612247
v -5.294502 5.985098 -14.464580
v -3.661559 5.994189 -14.949496
v -6.856395 5.984548 -13.821773
v -1.973729 6.013575 -15.260655
v -0.258175 6.040420 -15.388560
v -13.085166 4.092553 -8.866307
v -13.928724 4.050713 -7.515544
v -13.889112 5.029127 -7.428780
v -13.048246 5.076003 -8.774110
v -12.113513 4.118172 -10.137803
v -12.079733 5.099561 -10.041375
v -14.652433 3.986233 -6.110682
v -15.239315 3.891942 -4.642330
v -15.196345 4.828609 -4.575412
v -14.610688 4.950058 -6.030696
v -14.524803 5.840147 -5.934832
v -13.807972 5.933719 -7.322518
v -15.104943 5.691281 -4.490980
v -12.972645 5.985452 -8.658235
v -12.010458 6.006808 -9.917167
v -15.503095 2.852252 4.351334
v -14.727990 2.561462 6.566693
v -14.628295 3.000041 6.473761
v -15.424308 3.402886 4.278401
v -15.883350 3.129501 2.258713
v -15.830437 3.794520 2.201535
v -15.287688 3.857268 4.256199
v -14.477458 3.343276 6.423750
v -15.103341 4.200943 4.288033
v -14.290693 3.589422 6.428625
v -15.526767 4.813324 2.269731
v -15.708972 4.365564 2.209852
v -11.472909 4.320072 -1.779275
v -11.141777 4.474425 -2.994872
v -11.259351 5.229666 -2.998312
v -11.613927 5.015447 -1.745357
v -11.698501 4.095211 -0.387168
v -11.876559 4.706400 -0.305493
v -11.549125 3.567258 -0.495549
v -11.355142 3.711842 -1.827682
v -11.836145 5.721937 -1.774886
v -12.138220 5.342069 -0.318635
v -11.452230 5.984406 -3.038949
v -11.735948 6.651324 -3.124743
v -12.144176 6.351576 -1.855744
v -12.475125 5.916283 -0.396216
v -8.048346 4.673025 -7.853900
v -7.974987 3.966002 -7.814212
v -7.097687 3.972562 -8.608703
v -7.163260 4.675630 -8.651656
v -8.134122 5.479320 -7.903905
v -7.239777 5.478334 -8.705548
v -8.936356 5.476530 -7.023293
v -8.843196 4.668115 -6.979424
v -6.187298 4.683062 -9.350963
v -6.131033 3.981224 -9.308103
v -5.127068 4.694928 -9.939942
v -6.252835 5.481541 -9.405480
v -5.180414 5.487031 -9.996400
v -8.273278 6.290945 -8.016122
v -8.478679 7.009319 -8.210840
v -9.314354 7.006166 -7.299807
v -9.088593 6.286417 -7.123837
v -7.363187 6.287085 -8.827565
v -7.544688 6.999022 -9.039335
v 1.076108 4.725313 -11.048997
v 1.065799 4.028434 -10.979262
v 2.326055 4.031270 -10.826993
v 2.347323 4.729063 -10.894845
v 1.088096 5.513995 -11.125838
v 2.372190 5.519720 -10.971438
v -0.219108 5.511651 -11.149096
v -0.218060 4.724976 -11.073371
v 3.569591 4.737946 -10.605041
v 3.537450 4.033859 -10.542005
v 4.724425 4.745344 -10.188073
v 3.607175 5.535754 -10.677997
v 4.774547 5.551901 -10.255616
v 1.106986 6.295421 -11.285583
v 1.134593 6.980762 -11.555092
v -0.224487 6.963815 -11.583508
v -0.221293 6.287096 -11.310189
v 2.412038 6.307535 -11.127347
v 2.470294 7.003020 -11.388676
v 9.225331 4.674090 -6.605260
v 9.136422 3.957530 -6.583763
v 9.788491 3.924552 -5.657328
v 9.884158 4.631670 -5.669031
v 9.329980 5.486566 -6.634543
v 9.996226 5.433508 -5.688050
v 8.585490 5.520712 -7.517894
v 8.489903 4.702806 -7.477614
v 10.468465 4.569722 -4.670977
v 10.368054 3.878201 -4.664618
v 10.978156 4.480690 -3.585597
v 10.585683 5.354496 -4.683614
v 11.102569 5.239828 -3.599375
v 10.771356 6.137271 -4.736140
v 11.298493 5.996049 -3.635892
v 11.582606 6.663893 -3.719472
v 11.041879 6.828653 -4.846210
v 10.172135 6.233015 -5.759110
v 10.428159 6.939531 -5.897129
v 9.495015 6.296451 -6.721335
v 9.735621 7.011766 -6.881886
v 8.960502 7.055494 -7.797795
v 8.737823 6.335991 -7.618254
v 7.464232 2.865634 -5.380597
v 6.816773 2.887068 -5.141616
v 7.082211 2.883842 -4.399964
v 7.875611 2.856119 -4.625993
v 8.016770 2.870892 -5.747354
v 8.549474 2.856043 -4.941478
v 6.977704 2.876328 -6.039123
v 6.629283 2.889054 -5.695437
v 8.276511 2.844623 -3.798831
v 9.032382 2.839927 -4.074754
v 7.378507 2.877615 -3.581485
v 7.653220 2.869683 -2.686191
v 8.630061 2.832230 -2.894261
v 0.757503 2.957795 -8.550635
v 0.557540 2.973078 -7.561872
v 1.616595 2.970155 -7.436015
v 1.840526 2.954080 -8.422063
v 0.895617 2.967339 -9.421355
v 2.023107 2.963312 -9.283568
v -0.341012 2.957396 -8.599454
v -0.511489 2.971550 -7.629376
v 2.876750 2.946499 -8.212697
v 2.632171 2.963504 -7.237084
v 3.599641 2.952990 -6.963906
v 3.857446 2.935682 -7.912143
v 3.103505 2.955174 -9.058951
v -6.296273 2.895823 -6.312671
v -5.540573 2.919933 -5.824788
v -4.953323 2.926786 -6.528834
v -5.627059 2.906333 -7.006116
v -6.916281 2.898304 -6.812432
v -6.165132 2.911639 -7.525357
v -6.937569 2.883107 -5.554713
v -6.132130 2.910024 -5.064586
v -4.955692 2.914426 -7.617303
v -5.362186 2.923488 -8.151662
v -4.413099 2.930295 -7.164983
v -4.014552 2.932322 -7.628842
v -4.227988 2.922956 -8.083953
v -9.362014 2.779616 0.880953
v -8.656264 2.805551 1.195075
v -8.471864 2.823337 0.260212
v -9.280260 2.793959 -0.160607
v -10.041753 2.765773 0.783150
v -10.028415 2.783082 -0.405202
v -9.279479 2.768546 1.970277
v -8.772712 2.791054 1.929814
v -9.122082 2.807590 -1.173001
v -9.894344 2.798829 -1.498340
v -8.262351 2.839154 -0.702609
v -7.992390 2.854089 -1.654431
v -8.869416 2.821671 -2.140252
v -7.497175 2.767406 5.682547
v -6.859719 2.811918 4.857180
v -7.723433 2.804633 3.684798
v -8.350352 2.764667 4.359524
v -6.394429 2.773050 6.967804
v -5.786630 2.820041 6.022052
v -1.906557 2.809590 9.407522
v -1.537456 2.856225 8.236824
v -3.076473 2.844269 7.810314
v -3.541844 2.795973 8.936832
v -0.161280 2.818853 9.512925
v 0.098582 2.862685 8.335173
v -5.057324 2.783481 8.088081
v -4.510313 2.831733 7.039243
v 5.131171 2.782410 8.069223
v 5.014544 2.814420 7.209505
v 3.504771 2.840503 7.709038
v 3.492282 2.803624 8.755009
v 6.488029 2.764448 7.159184
v 6.027160 2.794045 6.753098
v 1.683694 2.817080 9.265829
v 1.823213 2.857742 8.121750
v 8.628612 2.778109 3.168378
v 7.459292 2.827340 3.203232
v 7.023475 2.815438 4.579972
v 8.123572 2.769227 4.613600
v 8.952851 2.787549 1.733114
v 7.778953 2.836890 1.822936
v 7.448443 2.761999 5.975585
v 6.517741 2.801744 5.855980
v 10.885938 8.064015 -7.800111
v 10.459651 7.888570 -7.447042
v 11.198134 7.807226 -6.394966
v 11.651280 7.981089 -6.707342
v 11.306500 8.093875 -8.157187
v 12.098346 8.010285 -7.023047
v 10.023984 8.112081 -8.814337
v 9.630227 7.935410 -8.423746
v 10.066712 7.540157 -7.132370
v 10.780318 7.462174 -6.116986
v 9.266870 7.585968 -8.075598
v 11.413280 7.339077 -5.031506
v 11.971194 7.157746 -3.874434
v 12.428027 7.483615 -4.076625
v 11.852798 7.676054 -5.270076
v 12.327870 7.847259 -5.540032
v 12.796210 7.876408 -5.811954
v 12.917178 7.647769 -4.301895
v 1.172738 7.480961 -11.961224
v 2.550336 7.516447 -11.781546
v 1.217956 7.810939 -12.460546
v 2.645188 7.858002 -12.265997
v -0.233278 7.774803 -12.502726
v -0.228537 7.454164 -11.995937
v -9.468516 8.051717 -9.292177
v -9.101218 7.879764 -8.878826
v -8.093089 7.844038 -9.763672
v -8.416146 8.018649 -10.209368
v -9.831592 8.075622 -9.708328
v -8.735244 8.049451 -10.657112
v -10.407674 8.063594 -8.284039
v -10.001430 7.897185 -7.907114
v -8.762982 7.535625 -8.508398
v -7.795312 7.511140 -9.362522
v -9.627828 7.543941 -7.569966
v -12.542386 6.816185 -1.975829
v -13.003549 7.121502 -2.121737
v -13.328509 6.625579 -0.637574
v -12.878831 6.343028 -0.507844
v -12.125672 7.142859 -3.263669
v -12.588082 7.465822 -3.439942
v -13.500627 7.273473 -2.280087
v -13.992300 7.296751 -2.435579
v -13.803531 6.767409 -0.769474
v -13.090017 7.627080 -3.637774
v -15.372094 0.827353 -3.134355
v -15.609464 0.790030 -1.418738
v -15.784371 1.312921 -1.428100
v -15.540235 1.367296 -3.151118
v -15.632679 2.059911 -3.145663
v -15.884685 1.978452 -1.435895
v -15.929349 2.749761 -1.444209
v -15.669984 2.869525 -3.126239
v -13.743231 0.241826 -5.880813
v -13.060978 0.270235 -7.197679
v -12.509947 0.139600 -6.881303
v -13.165874 0.113183 -5.617177
v -12.265830 0.298196 -8.464419
v -11.745572 0.165484 -8.098647
v -11.001033 0.126756 -7.619657
v -11.721616 0.103827 -6.465524
v -9.620862 0.170271 -7.055511
v -10.261997 0.153651 -5.969213
v -12.339967 0.080156 -5.268130
v -10.813313 0.135774 -4.841287
v -8.125463 0.254343 -4.344283
v -7.692071 0.262709 -5.411218
v -4.125174 0.373112 -4.878343
v -4.397174 0.374256 -3.843467
v -7.191760 0.268874 -6.434308
v -3.817869 0.368926 -5.862411
v -15.131815 6.669831 -2.800694
v -15.372745 6.261216 -1.215528
v -14.822831 7.013783 -2.693979
v -15.367019 6.163506 -2.896955
v -15.613784 5.810462 -1.306172
v -14.438056 7.216499 -2.572898
v -11.202437 3.266558 -1.841651
v -11.373209 3.181044 -0.562549
v -11.095512 2.931771 -0.578954
v -10.942870 2.977786 -1.804463
v -10.504020 2.838644 -1.699426
v -10.640361 2.814016 -0.535581
v -15.672506 3.760442 -3.101090
v -15.937127 3.589846 -1.455146
v -15.894315 4.425104 -1.444680
v -15.629541 4.654526 -3.058490
v -15.530293 5.473630 -2.986667
v -15.787059 5.181863 -1.388789
v -10.702735 4.569200 -4.077222
v -10.167701 4.623042 -5.078261
v -10.270518 5.425499 -5.106913
v -10.809755 5.357047 -4.098185
v -9.548785 4.653728 -6.049935
v -9.647308 5.461947 -6.086451
v -9.809764 6.269050 -6.173491
v -10.052075 6.984982 -6.328049
v -10.441339 6.225154 -5.178881
v -10.697438 6.931749 -5.309721
v -10.988120 6.141020 -4.153820
v -11.256274 6.832454 -4.259009
v -7.524067 2.868853 -4.750028
v -8.048692 2.853436 -3.910098
v -7.184616 2.884393 -3.420665
v -6.683210 2.898088 -4.259986
v -8.504365 2.837303 -3.046395
v -7.627057 2.869424 -2.556302
v -11.632302 7.342354 -4.428601
v -11.055770 7.454782 -5.514979
v -11.484451 7.798340 -5.773036
v -12.082246 7.677258 -4.643980
v -12.572310 7.843836 -4.886494
v -11.951765 7.966588 -6.062271
v -8.241944 1.057391 -13.266950
v -9.586549 1.039591 -12.330903
v -9.690999 1.605853 -12.429465
v -8.331126 1.627518 -13.359416
v -10.804440 1.015503 -11.283704
v -10.922610 1.580352 -11.379889
v -10.985217 2.310008 -11.402690
v -9.746331 2.333291 -12.453879
v -11.007778 3.172066 -11.371266
v -9.766297 3.190077 -12.423162
v -8.378354 2.354231 -13.380883
v -8.395419 3.206465 -13.348926
v -5.012018 0.349956 -14.372308
v -3.468191 0.338074 -14.973334
v -3.325089 0.152564 -14.566972
v -4.803517 0.174799 -13.941062
v -1.872034 0.329554 -15.373492
v -1.797046 0.134744 -14.986878
v -1.686865 0.038567 -14.356935
v -3.114875 0.061118 -13.926969
v -1.452068 0.013103 -13.569837
v -2.685378 0.040453 -13.120666
v -4.499400 0.091103 -13.293752
v -3.895623 0.079084 -12.487313
v -2.785615 0.115729 -11.578696
v -1.882565 0.065803 -12.215425
v -0.681320 0.109995 -11.430964
v -1.187355 0.168848 -10.785035
v -1.002240 0.030370 -12.711734
v -0.224772 0.065205 -11.980344
v -8.130788 7.294846 -12.607653
v -9.453327 7.322112 -11.708338
v -9.264323 7.712695 -11.418919
v -7.970791 7.677816 -12.302172
v -8.248112 6.739694 -12.850298
v -9.592000 6.758702 -11.939272
v -10.650066 7.343590 -10.687677
v -10.434415 7.737147 -10.417374
v -10.808425 6.774550 -10.904564
v -10.157592 7.975979 -10.087151
v -9.021480 7.951310 -11.064398
v -7.765104 7.909262 -11.927069
v -7.522545 8.005061 -11.495222
v -6.053587 3.473380 -9.213088
v -7.007033 3.462575 -8.519481
v -5.917418 3.144976 -9.007941
v -6.845813 3.132270 -8.328929
v -7.872984 3.452069 -7.732943
v -7.690779 3.118809 -7.558616
v -7.376540 2.953347 -7.239757
v -6.568332 2.967755 -7.981915
v -5.684820 2.981022 -8.634673
v -8.394074 4.153110 -13.281138
v -9.764612 4.144279 -12.356332
v -9.738144 5.110015 -12.254392
v -8.371718 5.109666 -13.177234
v -11.005730 4.133975 -11.304845
v -10.975446 5.108735 -11.205287
v -10.913266 6.009267 -11.074479
v -9.683759 6.001392 -12.118329
v -8.325735 5.991575 -13.036893
v -1.509115 4.726718 -10.973844
v -1.523389 5.506292 -11.049125
v -2.800150 5.499411 -10.823796
v -2.772624 4.724096 -10.751313
v -1.546523 6.275376 -11.208957
v -1.580441 6.948497 -11.479212
v -2.908736 6.940270 -11.242086
v -2.844157 6.266098 -10.979165
v -1.423756 2.953241 -8.569562
v -2.453057 2.945263 -8.478501
v -2.534349 2.955467 -7.650474
v -1.556905 2.965538 -7.653199
v -3.390903 2.934128 -8.343822
v -3.399247 2.942626 -7.638280
v -1.627034 7.440030 -11.885765
v -1.682223 7.760289 -12.387526
v -3.103487 7.761553 -12.126885
v -2.997878 7.437818 -11.637201
v -1.741932 7.919773 -12.943424
v -3.217551 7.914382 -12.673542
v -0.238567 7.942578 -13.059147
v 4.737777 1.089072 -14.978259
v 4.789128 1.675490 -15.034791
v 3.116052 1.091063 -15.449416
v 3.150197 1.678957 -15.481713
v 1.442376 1.090543 -15.736394
v 1.458802 1.678258 -15.749913
v 1.467525 2.420116 -15.725648
v 3.168313 2.422360 -15.468431
v 1.470710 3.283088 -15.670316
v 3.174901 3.289198 -15.418567
v 4.816327 2.419235 -15.035474
v 4.826196 3.289213 -14.992509
v 7.398942 0.374266 -13.093295
v 8.690824 0.369298 -12.220502
v 8.327012 0.220593 -11.747895
v 7.091537 0.218285 -12.621421
v 9.865537 0.354814 -11.273934
v 9.450963 0.212646 -10.817204
v 8.867608 0.161600 -10.219184
v 7.816014 0.161809 -11.119842
v 7.836093 0.179277 -9.591918
v 6.920575 0.168606 -10.450864
v 6.660903 0.150308 -11.978074
v 5.917014 0.145601 -11.278630
v 4.672124 0.176209 -10.638486
v 5.407611 0.211379 -9.855474
v 3.346816 0.255164 -9.513633
v 2.973506 0.207897 -10.254470
v 6.080853 0.235956 -9.047458
v 3.687966 0.293642 -8.747876
v 4.676946 7.453905 -14.190077
v 4.743255 6.891310 -14.455160
v 3.076570 7.413946 -14.598660
v 3.120263 6.857838 -14.870264
v 3.016898 7.790110 -14.254166
v 4.586389 7.834865 -13.854631
v 1.423636 7.368002 -14.839407
v 1.395110 7.739835 -14.489269
v 1.444530 6.818178 -15.115000
v 1.358373 7.951404 -14.056963
v 1.315074 8.025683 -13.558447
v 2.849286 8.078879 -13.339785
v 2.940036 8.004025 -13.829180
v 4.469785 8.052018 -13.441504
v 4.332040 8.128650 -12.966074
v 3.493316 3.519508 -10.422097
v 2.296895 3.521926 -10.697314
v 3.416156 3.183710 -10.170915
v 2.245143 3.189640 -10.431956
v 1.051944 3.522274 -10.840838
v 1.026048 3.193115 -10.567800
v 0.979487 3.026896 -10.094197
v 2.155885 3.022578 -9.957124
v 3.284736 3.014863 -9.714120
v 4.825551 4.254353 -14.918036
v 4.812991 5.229387 -14.807734
v 3.174500 4.247411 -15.341178
v 3.166223 5.213493 -15.229398
v 1.470517 4.234099 -15.590709
v 1.466533 5.191259 -15.478078
v 1.458343 6.072605 -15.323710
v 3.149140 6.104000 -15.076461
v 4.787074 6.129086 -14.657229
v 5.793561 4.744852 -9.652432
v 6.778739 4.737227 -9.012847
v 6.853305 5.554925 -9.068681
v 5.856122 5.558138 -9.714381
v 7.676026 4.723494 -8.284020
v 7.761603 5.542942 -8.332898
v 5.956660 6.368249 -9.847368
v 6.104058 7.084193 -10.074287
v 4.973172 7.065503 -10.637180
v 4.855111 6.355122 -10.397427
v 6.973006 6.369922 -9.191870
v 7.148374 7.089611 -9.404556
v 6.352235 2.890750 -6.578031
v 6.094920 2.902908 -5.917697
v 5.610259 2.906841 -7.050590
v 5.353353 2.921216 -6.247699
v 4.773847 2.922183 -7.510032
v 4.514287 2.938497 -6.615266
v 6.307099 7.614868 -10.418051
v 7.389825 7.621286 -9.728939
v 6.548003 7.967361 -10.845398
v 7.676190 7.972937 -10.133160
v 5.328334 7.945223 -11.446587
v 5.135686 7.593321 -10.998491
v 9.057916 8.141000 -9.745974
v 7.986440 8.152780 -10.585432
v 8.703128 7.962895 -9.322533
v 6.809039 8.149014 -11.323120
v 5.537013 8.127973 -11.946661
v 14.043386 0.909446 -6.968398
v 13.285356 0.940680 -8.323852
v 13.430385 1.504213 -8.390590
v 14.195640 1.468919 -7.020011
v 12.422357 0.970607 -9.581004
v 12.558949 1.536422 -9.661487
v 12.631309 2.271774 -9.675307
v 13.507148 2.235742 -8.397456
v 12.657464 3.143809 -9.640080
v 13.534869 3.101956 -8.360322
v 14.276217 2.193257 -7.019572
v 14.305381 3.048593 -6.981055
v 14.544564 0.199865 -3.726655
v 13.935224 0.074747 -3.561439
v 14.874915 0.175518 -2.046975
v 14.246219 0.053591 -1.950187
v 14.954782 0.157094 -0.175281
v 14.314565 0.038974 -0.154539
v 13.400851 0.015617 -0.129138
v 13.349622 0.027415 -1.825023
v 13.192330 0.009228 1.735126
v 11.742391 0.084586 -0.159255
v 11.720813 0.093324 -1.735936
v 13.067279 0.045478 -3.347266
v 11.489242 0.106608 -3.154483
v 8.740949 0.233581 -3.053437
v 4.954986 0.363660 -3.113788
v 8.885592 0.227302 -1.747365
v 4.985133 0.363537 -1.908267
v 8.858520 0.222237 -0.305078
v 4.903342 0.360823 -0.586287
v 13.848845 7.174046 -6.450850
v 13.100530 7.301158 -7.774945
v 12.837459 7.692852 -7.564064
v 13.572339 7.560392 -6.270451
v 14.051471 6.611388 -6.602221
v 13.293174 6.728825 -7.948670
v 12.248801 7.382676 -9.007874
v 12.429955 6.805418 -9.201090
v 12.001456 7.776784 -8.770638
v 11.682874 8.005998 -8.483881
v 12.498599 7.921704 -7.311024
v 13.216279 7.787661 -6.056460
v 10.232684 3.375087 -4.630982
v 9.661754 3.409081 -5.608222
v 9.998872 3.049325 -4.532979
v 9.443364 3.074453 -5.483308
v 9.018502 3.435226 -6.520310
v 8.816531 3.095858 -6.372050
v 8.475137 2.927706 -6.096122
v 9.072406 2.909432 -5.244157
v 9.602706 2.889470 -4.333520
v 14.303294 4.000991 -6.918423
v 13.532620 4.069454 -8.295051
v 13.496015 5.050638 -8.204173
v 14.265038 4.965003 -6.833747
v 12.655265 4.119568 -9.573413
v 12.620706 5.110164 -9.477790
v 12.549745 6.026662 -9.355702
v 13.420575 5.957851 -8.090234
v 14.185607 5.855053 -6.729096
v 11.413346 4.356516 -2.387435
v 11.551377 5.079325 -2.413451
v 11.743678 4.177094 -1.018172
v 11.902402 4.840581 -1.030280
v 11.938273 3.921220 0.580440
v 12.125592 4.489343 0.645725
v 12.346782 5.116388 0.553334
v 12.120515 5.511401 -1.072587
v 12.379943 4.632401 2.395573
v 12.655852 5.147695 2.208808
v 12.633475 5.689497 0.398724
v 12.420968 6.110493 -1.153304
v 11.759593 5.795766 -2.441859
v 12.056417 6.429718 -2.507268
v 9.086728 2.797754 0.400997
v 9.059329 2.808719 -0.816388
v 7.955667 2.853530 -0.646247
v 7.937593 2.845431 0.536271
v 8.898974 2.820156 -1.907456
v 7.853171 2.861565 -1.714089
v 12.459817 6.904865 -2.644317
v 12.928275 7.218369 -2.818826
v 12.826270 6.558454 -1.280581
v 13.293033 6.851575 -1.426916
v 13.017131 6.095581 0.277360
v 13.003226 5.502930 2.089190
v 13.401624 5.727132 1.996966
v 13.461133 6.353458 0.168900
v 13.420718 7.367720 -2.996646
v 13.778312 6.986436 -1.564837
v 1.266843 7.985747 -13.009630
v 2.747941 8.037898 -12.802073
v 4.178088 8.088141 -12.443693
v 4.021913 7.905777 -11.924061
v 3.877727 7.557267 -11.456812
v 3.756063 7.034905 -11.079006
v 3.667590 6.331227 -10.827694
v 8.375594 7.612289 -8.944618
v 8.099401 7.080718 -8.642208
v 7.898705 6.359765 -8.445305
v -7.251977 7.981075 -11.019489
v -6.977948 7.815483 -10.543890
v -5.767390 7.792419 -11.205036
v -5.988956 7.946871 -11.708054
v -6.725258 7.486879 -10.112438
v -6.512427 6.979886 -9.763500
v -5.390742 6.959359 -10.376629
v -5.562982 7.464923 -10.747416
v -6.358060 6.279278 -9.535415
v -5.265755 6.270916 -10.134130
v -2.637135 2.602000 12.198078
v -2.741513 2.518699 12.688056
v -2.844975 2.418753 13.191434
v -2.946734 2.319314 13.647858
v -0.412349 2.335892 13.794656
v -0.408460 2.435296 13.334408
v 2.145076 2.440685 13.026434
v 2.239072 2.344666 13.482746
v 2.597117 0.141354 14.732194
v -11.232861 8.037520 -7.201087
v -10.793386 7.870831 -6.866299
v -10.389895 7.519475 -6.567126
v -4.639327 7.924050 -12.260569
v -4.471291 7.773358 -11.732718
v -4.315868 7.447345 -11.256702
v -4.184716 6.945026 -10.872038
v -4.089584 6.265586 -10.618125
v -4.024659 5.493006 -10.471021
v -3.984018 4.711058 -10.406692
v -7.722105 2.296326 12.275743
v -7.971567 2.289191 12.441815
v -5.661098 2.200820 13.586006
v -5.497278 2.245373 13.370225
v -9.598540 2.436303 10.806700
v -9.917535 2.479753 10.923810
v -8.464555 2.300871 12.567003
v -8.541900 2.302638 12.576511
v -5.991338 2.117875 13.891930
v -5.947751 2.128792 13.856980
v -8.403568 2.297612 12.560481
v -5.913687 2.136631 13.830447
v -10.566093 2.604126 10.872015
v -10.665002 2.622388 10.848721
v -10.782537 2.635138 10.823797
v -9.169305 1.849577 12.969546
v -11.532782 2.019156 11.062935
v -6.445282 1.746460 14.419755
v -3.045919 2.237920 13.996980
v -3.128223 2.176034 14.241508
v -0.417343 2.188617 14.404449
v -0.415313 2.252888 14.151443
v -3.260369 2.065874 14.584058
v -3.279938 2.049029 14.631144
v -0.420219 2.052397 14.815723
v -0.419879 2.070631 14.765592
v -3.245182 2.078746 14.547987
v -0.419626 2.084610 14.727122
v -3.519604 1.699668 15.247224
v -0.424964 1.698791 15.465598
v 2.332351 2.268954 13.829045
v 2.410665 2.211875 14.070951
v 5.130017 2.281076 13.282099
v 4.987773 2.309680 13.077902
v 2.538680 2.099301 14.418944
v 2.557765 2.081639 14.467265
v 5.465501 2.183359 13.616246
v 5.420434 2.200762 13.573810
v 2.523852 2.112829 14.381895
v 5.383349 2.212906 13.541978
v 2.789386 1.731522 15.088540
v 5.911841 1.794462 14.172467
v 7.355193 2.407647 11.946136
v 7.530099 2.441311 12.079002
v 9.507648 2.727300 10.515750
v 9.305861 2.622052 10.441565
v 8.049975 2.431966 12.259850
v 8.134658 2.411951 12.293127
v 10.418530 2.805981 10.559746
v 10.285975 2.837821 10.533981
v 7.975818 2.442785 12.237032
v 10.162309 2.851469 10.520123
v 8.755452 1.893854 12.773809
v 11.171126 2.053653 10.963034
v 13.020989 2.300772 8.810616
v 13.065627 1.895568 8.927216
v 14.370349 2.594812 6.478734
v 14.797229 6.420234 -0.109978
v 14.621659 5.792980 1.790884
v 14.385854 6.498690 -0.047542
v 14.250119 5.870748 1.811628
v 10.699885 3.014220 8.572016
v 11.620826 3.521960 6.506439
v 10.951812 3.175462 8.646448
v 11.912805 3.762928 6.557911
v -13.397785 2.270353 8.866268
v -13.305402 2.622351 8.729551
v -13.149719 2.880032 8.661450
v -12.958991 3.047851 8.654665
v -11.004775 2.713719 9.056275
v -11.361147 2.814908 9.146865
v -12.105038 3.061520 8.964556
v -11.916113 3.002450 9.036753
v -12.971602 3.611157 7.006639
v -13.228266 3.702379 6.894189
v -12.261173 3.103381 8.898993
v -13.449768 3.760508 6.792768
v -10.465896 2.584113 10.896139
v -10.339099 2.558118 10.920860
v 0.991469 0.091155 -11.573354
v 0.939685 0.145027 -10.987016
v 0.875800 0.205189 -10.323468
v 0.803952 0.263580 -9.605344
v 0.728347 0.312356 -8.855264
v 0.651307 0.350699 -8.069974
v 0.575208 0.377779 -7.246219
v 0.500209 0.396548 -6.374705
v 0.426484 0.409803 -5.446179
v 0.350532 0.418751 -4.457408
v 0.268834 0.424470 -3.405219
v 0.167905 0.426403 -2.267598
v 0.034041 0.423602 -1.022544
v -0.138895 0.414551 0.344765
v -0.357224 0.397274 1.849146
v -5.116500 0.338878 1.278105
v -0.616371 0.370550 3.437551
v -1.588364 0.235503 8.118161
v -1.925878 0.180329 9.410427
v -1.237452 0.288496 6.639680
v -2.210647 0.129514 10.434528
v 5.254533 2.841227 6.075969
v 5.667970 2.862072 4.768133
v 3.760194 2.874210 6.448311
v 4.147618 2.901881 5.060801
v 6.074565 2.877964 3.385511
v 6.410262 2.888973 2.008896
v 4.923821 2.935918 2.229289
v 4.557874 2.922347 3.634473
v 6.612262 2.896882 0.719070
v 6.694310 2.902699 -0.475194
v 5.335498 2.948930 -0.330836
v 5.179839 2.944374 0.905191
v 6.670016 2.907209 -1.565156
v 6.559798 2.910817 -2.567386
v 5.390595 2.950129 -2.532166
v 5.400086 2.950620 -1.471801
v 6.075507 2.910413 -5.176150
v 5.251943 2.933432 -5.383019
v 5.258107 2.942618 -4.471066
v 6.202458 2.913793 -4.365657
v 6.383777 2.913502 -3.498481
v 5.323672 2.947799 -3.526353
v 2.134892 2.896975 6.785753
v 2.545300 2.930439 5.340681
v 0.484622 2.906374 6.968337
v 0.940137 2.944722 5.493892
v 2.982417 2.955543 3.869372
v 3.387246 2.972334 2.422424
v 1.849769 2.994766 2.514019
v 1.409678 2.974310 3.993313
v 3.702147 2.982256 1.050415
v 3.934031 2.986584 -0.240750
v 2.519780 3.012322 -0.233373
v 2.218036 3.007001 1.103414
v 4.089608 2.986539 -1.445170
v 4.182357 2.983049 -2.574813
v 2.949239 3.007063 -2.679526
v 2.760184 3.011991 -1.491218
v 4.354262 2.954008 -5.661029
v 3.397614 2.970446 -5.951037
v 3.235339 2.986121 -4.892619
v 4.267005 2.967234 -4.664186
v 4.225478 2.976710 -3.641627
v 3.096663 2.998329 -3.807721
v -1.081745 2.902894 6.876106
v -0.585912 2.944407 5.406559
v -2.562744 2.892217 6.491899
v -2.038205 2.935107 5.062557
v -0.095278 2.977386 3.909412
v 0.365304 3.001137 2.429801
v -1.071563 2.995883 2.157384
v -1.539302 2.969900 3.603267
v 0.771699 3.016101 1.012858
v 1.128034 3.023457 -0.337134
v -0.242209 3.022815 -0.560702
v -0.640170 3.013183 0.768268
v 1.438243 3.024379 -1.615895
v 1.709090 3.019910 -2.830495
v 0.465402 3.022979 -3.032765
v 0.125144 3.025759 -1.826114
v 2.397941 2.981463 -6.193923
v 1.359918 2.987452 -6.388831
v 1.078862 3.003304 -5.299088
v 2.170711 2.997999 -5.103974
v 1.947112 3.010906 -3.988009
v 0.781983 3.015267 -4.185407
v -3.957050 2.879097 5.798579
v -3.422122 2.921455 4.445761
v -5.219675 2.865113 4.883333
v -4.698547 2.905111 3.631480
v -2.929183 2.956172 3.060481
v -2.466134 2.982788 1.684389
v -3.782656 2.963733 1.066964
v -4.228248 2.937982 2.346334
v -2.020826 3.001465 0.359136
v -1.591807 3.013013 -0.912766
v -2.887940 2.995759 -1.355517
v -3.335864 2.982814 -0.167554
v -1.177654 3.018184 -2.128797
v -0.778260 3.017736 -3.291362
v -1.992203 3.005296 -3.586953
v -2.438966 3.003078 -2.495248
v 0.288100 2.988781 -6.534894
v -0.785892 2.985063 -6.643928
v -1.140404 2.996100 -5.644082
v -0.034467 3.002594 -5.478835
v -0.393548 3.012370 -4.402850
v -1.550887 3.002896 -4.630832
v -6.310693 2.853020 3.833363
v -5.831088 2.888789 2.695019
v -7.231105 2.839994 2.782926
v -6.824443 2.870204 1.752303
v -7.979582 2.824739 1.866279
v -7.679119 2.848379 0.919274
v -8.373775 2.796768 2.645038
v -5.401519 2.918125 1.526097
v -4.986825 2.941617 0.361261
v -6.081919 2.915819 -0.366704
v -6.454467 2.895180 0.691339
v -7.390788 2.868456 -0.066364
v -7.073647 2.885969 -1.050923
v -4.552048 2.960054 -0.764815
v -4.098698 2.973691 -1.851167
v -5.218214 2.947147 -2.375365
v -5.668167 2.933166 -1.388564
v -6.687305 2.902120 -1.994706
v -6.243352 2.916512 -2.903815
v -3.628273 2.982790 -2.896800
v -3.147171 2.987576 -3.900201
v -4.229930 2.965045 -4.243606
v -4.736018 2.957797 -3.328219
v -5.753338 2.928672 -3.784343
v -5.227175 2.938256 -4.629638
v -2.661682 2.988322 -4.859885
v -2.210104 2.984711 -5.795745
v -3.218984 2.968616 -5.968766
v -3.708447 2.968890 -5.117974
v -4.673357 2.945190 -5.433076
v -4.142016 2.948425 -6.198085
v -1.830365 2.976589 -6.727725
v -2.808537 2.963731 -6.813407
v -3.683321 2.947504 -6.928096
v 12.363730 3.302524 8.519576
v 12.169457 3.407988 8.477923
v 10.571189 2.743311 10.605528
v 13.693397 3.975507 6.252901
v 13.463651 4.133306 6.218895
v -13.126755 4.184518 5.092769
v -13.493533 4.369898 4.947984
v -12.655411 3.470473 7.134944
v -13.235893 4.960970 3.083316
v -13.640306 5.183979 2.940596
v -8.145510 2.288465 12.517281
v -8.262820 2.291226 12.541527
v -5.834621 2.155358 13.766104
v -5.767694 2.172455 13.705716
v -10.160380 2.521818 10.945973
v -8.651988 2.301407 12.591990
v -10.938576 2.638500 10.794789
v -6.053978 2.100761 13.943724
v -3.179334 2.135015 14.384152
v -3.209735 2.108904 14.461941
v -0.419021 2.117253 14.635596
v -0.418466 2.145327 14.553348
v -3.308268 2.024225 14.700254
v -0.420703 2.025635 14.889182
v 2.459756 2.171649 14.214069
v 2.489293 2.144459 14.293624
v 5.298718 2.239311 13.467048
v 5.230155 2.257787 13.401423
v 2.585361 2.055707 14.538116
v 5.526528 2.155480 13.679892
v 7.684064 2.457264 12.150536
v 7.810220 2.459900 12.186891
v 9.890830 2.848244 10.509755
v 9.708640 2.803430 10.525064
v 8.240386 2.373566 12.347329
v -12.761559 3.130321 8.701887
v -12.573780 3.152223 8.772714
v -13.868495 3.801960 6.602232
v -14.083208 3.736763 6.500349
v -11.666591 2.915692 9.118939
v 14.102481 5.033656 3.932583
v 14.386168 4.895884 3.953902
v 13.787932 5.095843 3.934407
v 12.978929 4.270042 6.189169
v 13.227931 4.228899 6.193760
v 12.752986 4.764802 4.214608
v 13.080718 4.973996 4.085608
v 12.447654 4.463579 4.336947
v 12.177897 4.000237 6.449230
v 12.436522 4.184046 6.296735
v -15.440124 5.731429 0.505055
v -15.681392 5.354917 0.410523
v -15.291544 5.108476 2.367238
v -8.342587 2.294326 12.553961
v -5.879637 2.144435 13.803921
v -3.229993 2.091613 14.511919
v -0.419380 2.098583 14.688653
v 2.509032 2.126375 14.344840
v 5.346290 2.225056 13.510140
v 7.901689 2.453579 12.214219
v 10.036315 2.859587 10.510075
v -12.412186 3.138418 8.836733
v -13.660247 3.801790 6.697583
v 13.436580 5.080175 3.988814
v 13.830493 5.849312 1.892385
v 12.709344 4.264566 6.216770
v 13.929049 6.482168 0.053008
v -13.815516 4.482125 4.820031
v -14.105918 4.541089 4.704700
v -14.022766 5.309521 2.811500
v -15.659224 0.747444 0.475429
v -15.841851 1.248259 0.465289
v -15.369231 0.379881 0.473699
v -15.952037 1.878998 0.430637
v -16.005352 2.601444 0.381358
v 14.942449 0.695081 4.285025
v 13.049705 1.456093 9.027166
v 12.098479 0.120414 8.693048
v 12.692441 0.006360 3.762486
v -14.936188 0.148592 0.472686
v -14.298018 0.032711 0.481133
v -13.390590 0.010109 0.507752
v -11.766454 0.076297 0.616170
v 6.789823 0.179784 6.585353
v 3.353728 0.289124 5.795233
v -8.964541 0.207221 0.870045
v -11.820609 3.787672 1.224697
v -11.623281 3.360150 1.051945
v -12.050073 4.293507 1.355098
v 15.061576 3.962763 4.031030
v 15.205327 3.458357 4.080755
v 14.871783 4.380352 3.990414
v -11.412782 3.056445 0.907169
v -11.110995 2.867241 0.805209
v -10.639401 2.782695 0.760884
v -14.377769 4.566557 4.597803
v -14.634959 4.534142 4.491321
v -12.356585 4.832033 1.372781
v -12.722759 5.327137 1.309627
v -16.017197 3.377267 0.327339
v -15.973603 4.136621 0.301253
v -15.860423 4.809555 0.335786
v -8.943379 2.764089 3.125949
v 15.294307 2.893499 4.129563
v -0.911552 0.334132 5.056938
v 14.644635 4.684763 3.968941
v -13.131267 5.702727 1.197489
v -13.562642 5.957915 1.064301
v 11.985255 3.466651 8.453090
v 11.801499 3.491009 8.444284
v 11.185966 3.331595 8.588669
v 11.404176 3.448878 8.492244
v -14.881330 4.419430 4.377235
v 11.608582 3.493544 8.450722
v -13.997764 6.092067 0.938030
v 12.158952 4.081277 4.413785
v -10.802704 3.806870 6.861095
v -10.544374 3.895678 6.754737
v -10.686695 3.923723 6.221057
v -10.911386 3.879927 6.088336
v -11.046089 3.715471 6.835279
v -11.156046 3.813308 5.907207
v -10.522806 3.744560 7.660744
v -10.246069 3.858351 7.463218
v -10.768574 3.626657 7.755425
v -11.416605 3.505075 6.703238
v -11.250071 3.614451 6.773629
v -11.359871 3.731346 5.724722
v -11.526691 3.634939 5.564130
v -11.147356 3.379691 7.799285
v -10.976755 3.504418 7.792338
v -10.532784 3.408551 8.765542
v -10.707973 3.268436 8.838062
v -10.087378 3.180521 9.805378
v -9.910936 3.333817 9.677887
v -10.319567 3.550121 8.652777
v -9.696589 3.491060 9.505604
v -9.782898 3.822211 8.217266
v -10.069277 3.689312 8.477457
v -9.445700 3.646115 9.273912
v -9.159636 3.792730 8.968203
v -9.629620 4.184865 5.421096
v -9.173391 4.284974 4.890205
v -9.531075 4.283755 4.113204
v -9.986904 4.182796 4.676383
v -10.007189 4.085396 5.945650
v -10.342381 4.084575 5.259151
v -9.206270 4.177798 6.169760
v -8.751785 4.278947 5.649319
v -9.603720 4.074294 6.671041
v -10.295637 3.988761 6.419897
v -10.576605 3.993082 5.812640
v -9.945013 3.968046 7.117757
v -9.461441 3.944737 7.849895
v -8.839798 3.924586 8.573864
v -9.101440 4.058832 7.402578
v -8.484470 4.044588 8.110983
v -8.252190 4.269631 6.377038
v -8.699474 4.166448 6.902545
v -8.091990 4.155671 7.599627
v -7.660738 4.260879 7.059865
v -10.851070 3.967062 5.352325
v -10.639832 4.064149 4.644286
v -11.102156 3.916687 4.986063
v -10.899420 4.024130 4.092257
v -9.838980 4.271305 3.331806
v -10.295589 4.166656 3.955447
v -10.103121 4.245308 2.518569
v -10.562641 4.134070 3.246204
v -10.795017 4.082578 2.536561
v -10.329519 4.203125 1.646072
v -10.536825 4.132186 0.569902
v -11.010406 4.000477 1.957202
v -11.121029 3.964334 3.594277
v -11.312574 3.880754 3.195229
v -11.313051 3.847590 4.660965
v -11.488306 3.759482 4.396170
v -6.662290 3.602966 11.279348
v -5.503019 3.604436 11.787720
v -5.316720 3.768572 11.356459
v -6.439017 3.766248 10.871231
v -7.720937 3.606870 10.684492
v -7.467732 3.767651 10.304945
v -6.859346 3.428260 11.630234
v -5.667620 3.428571 12.163557
v -7.944058 3.435220 11.003416
v -8.656006 3.619946 10.012804
v -8.381416 3.775514 9.667349
v -8.897472 3.454464 10.292175
v -9.104216 3.286842 10.514055
v -9.274645 3.124769 10.687021
v -8.135412 3.261413 11.265743
v -8.293337 3.094063 11.475504
v -5.809101 3.250377 12.482496
v -7.028558 3.251298 11.924658
v -7.168337 3.081256 12.163349
v -5.926051 3.079234 12.743057
v -1.608083 3.615784 12.697632
v -0.232087 3.618254 12.763733
v -0.229155 3.782249 12.291529
v -1.555973 3.779927 12.228155
v -2.958395 3.612077 12.506502
v -2.858445 3.776436 12.044676
v -1.654140 3.439506 13.111725
v -0.234684 3.442118 13.180244
v -3.046716 3.435657 12.913383
v -4.263266 3.607911 12.199986
v -4.118158 3.772333 11.750862
v -4.391433 3.431546 12.594301
v -4.501559 3.252778 12.930973
v -4.592562 3.081158 13.207148
v -3.122637 3.256786 13.261782
v -3.185380 3.085037 13.548132
v -0.236921 3.263475 13.537218
v -1.693739 3.260734 13.466627
v -1.726471 3.089080 13.758520
v -0.238762 3.091939 13.830826
v -3.957205 3.915224 11.249775
v -5.110013 3.911512 10.871256
v -2.747628 3.919072 11.531477
v -3.781338 4.041103 10.701210
v -4.883785 4.037674 10.337717
v -2.626688 4.044573 10.970854
v -0.225889 3.924463 11.767475
v -1.498209 3.922303 11.707125
v -0.222344 4.049460 11.195396
v -1.435222 4.047471 11.138344
v -1.367394 4.159976 10.525644
v -0.218512 4.161781 10.579142
v -0.214443 4.266020 9.922550
v -1.295141 4.264392 9.872833
v -2.496355 4.157426 10.366779
v -2.357362 4.262216 9.723223
v -4.639036 4.151437 9.761438
v -3.591527 4.154432 10.109676
v -3.388694 4.259691 9.479650
v -4.376737 4.257239 9.148041
v -8.075331 3.913331 9.247233
v -7.186128 3.908810 9.860746
v -7.737303 4.036993 8.766994
v -6.876559 4.034376 9.362312
v -6.191149 3.908873 10.405165
v -5.919587 4.035086 9.888651
v -5.625256 4.149165 9.329199
v -5.309100 4.255413 8.734325
v -6.539459 4.148342 8.820072
v -6.175315 4.254832 8.244442
v -7.366942 4.150089 8.241175
v -6.963897 4.256299 7.684309
v 3.844857 3.616983 12.192894
v 5.114674 3.615490 11.778572
v 4.934454 3.779221 11.344885
v 3.705742 3.781066 11.741882
v 2.516020 3.618541 12.501663
v 2.422022 3.782664 12.038551
v 3.967755 3.440912 12.588882
v 5.273842 3.439971 12.156565
v 2.599097 3.442327 12.909693
v 1.149827 3.619158 12.695177
v 1.103623 3.783167 12.225048
v 1.190670 3.442978 13.109852
v 1.225781 3.264302 13.465256
v 1.254809 3.092735 13.757557
v 2.670500 3.263627 13.259071
v 2.729531 3.092029 13.546238
v 5.410609 3.262099 12.477364
v 4.073391 3.262398 12.926992
v 4.160689 3.090974 13.204367
v 5.523694 3.091226 12.739464
v 8.373583 3.632907 9.999317
v 9.199780 3.658474 9.259809
v 8.918667 3.804670 8.950516
v 8.104528 3.788012 9.650377
v 7.401101 3.619891 10.672077
v 7.153876 3.780207 10.289288
v 8.610703 3.467802 10.281828
v 9.447121 3.503759 9.494761
v 7.619290 3.448654 10.993904
v 6.306433 3.615391 11.268400
v 6.089436 3.778203 10.857410
v 6.498148 3.441080 11.621861
v 6.662907 3.264465 11.918503
v 6.799075 3.094714 12.159042
v 7.806653 3.275173 11.258755
v 7.961411 3.108122 11.470612
v 9.658983 3.346783 9.669905
v 8.814110 3.300491 10.506443
v 8.981968 3.138664 10.681688
v 9.833660 3.193661 9.799786
v 5.848813 3.920313 10.388168
v 4.734515 3.921721 10.857010
v 6.879412 3.920829 9.841547
v 5.585341 4.045962 9.868217
v 4.515746 4.047400 10.320557
v 6.577931 4.045774 9.339283
v 8.605511 3.936006 8.552338
v 7.805380 3.925304 9.226488
v 8.258162 4.055402 8.085328
v 7.475403 4.048338 8.742180
v 7.113890 4.160792 8.211994
v 7.874518 4.165850 7.569563
v 7.452528 4.270370 7.025090
v 6.720179 4.266304 7.650476
v 6.249651 4.159115 8.792929
v 5.894873 4.264925 8.212906
v 4.279057 4.160650 9.741154
v 5.299777 4.159425 9.305079
v 4.992577 4.265051 8.706264
v 4.025322 4.265932 9.124423
v 1.052409 3.925422 11.703287
v 2.317816 3.925066 11.523914
v 0.996552 4.050443 11.133718
v 2.204091 4.050278 10.961735
v 3.551476 3.923620 11.238707
v 3.382945 4.049100 10.687872
v 3.201031 4.162010 10.093885
v 3.006606 4.266832 9.461254
v 2.081534 4.162847 10.355982
v 1.950823 4.267323 9.710630
v 0.936409 4.162801 10.520161
v 0.872340 4.267060 9.866442
v 7.900858 4.499994 -2.805656
v 7.627038 4.481458 -3.594366
v 6.996583 4.593911 -3.362861
v 7.234480 4.609709 -2.654804
v 8.107534 4.517755 -1.988227
v 7.408490 4.624823 -1.923021
v 8.530140 4.381214 -2.938558
v 8.219521 4.361094 -3.806692
v 8.775352 4.400109 -2.028602
v 8.290894 4.548510 -0.331108
v 8.239922 4.534101 -1.158046
v 7.516161 4.638339 -1.178625
v 7.555087 4.649489 -0.432724
v 9.021423 4.433627 -0.161570
v 8.947447 4.417033 -1.090816
v 9.622471 4.285924 -0.966171
v 9.738329 4.302407 0.103158
v 10.485538 4.134908 0.570489
v 10.190870 4.143076 -0.882375
v 9.385626 4.272672 -2.048402
v 9.897736 4.137130 -2.079149
v 8.751549 4.234811 -3.997264
v 9.095718 4.254997 -3.057611
v 9.571196 4.123217 -3.166919
v 9.200680 4.104816 -4.163476
v 6.431891 4.431848 -5.680180
v 5.897725 4.421961 -6.272020
v 5.417572 4.544091 -5.805851
v 5.909050 4.552266 -5.261663
v 6.895995 4.445952 -5.034625
v 6.335253 4.564017 -4.670373
v 6.919665 4.306038 -6.070346
v 6.345498 4.295042 -6.706563
v 7.419846 4.321755 -5.374012
v 7.293255 4.462940 -4.338355
v 6.697320 4.578271 -4.036081
v 7.851305 4.340664 -4.618989
v 8.351946 4.213821 -4.870818
v 8.775681 4.084971 -5.086650
v 7.889420 4.194187 -5.678380
v 8.287382 4.066079 -5.937522
v 6.746527 4.166503 -7.095959
v 7.356661 4.177830 -6.420057
v 7.727139 4.050330 -6.717185
v 7.086541 4.039668 -7.426706
v 6.083121 4.684462 -3.719373
v 6.350768 4.696622 -3.114788
v 5.755017 4.673468 -4.291468
v 5.429392 4.779151 -3.415237
v 5.666447 4.787864 -2.873180
v 5.135828 4.771360 -3.929307
v 4.918761 4.658445 -5.321587
v 5.366892 4.664519 -4.826928
v 4.384099 4.761157 -4.859168
v 4.786923 4.765145 -4.411807
v 4.150176 4.850731 -4.052146
v 3.797249 4.848334 -4.458601
v 3.141865 4.916057 -4.159816
v 3.438624 4.917656 -3.783798
v 4.456587 4.854712 -3.615306
v 3.696934 4.920309 -3.380899
v 4.920418 4.865518 -2.661077
v 4.714125 4.859789 -3.150728
v 3.914027 4.923663 -2.952893
v 4.087153 4.927323 -2.501534
v 6.792494 4.731143 -1.163301
v 6.822361 4.739029 -0.493698
v 6.704575 4.720877 -1.828722
v 6.041241 4.812238 -1.125856
v 6.064379 4.817106 -0.524185
v 5.969313 4.805220 -1.722143
v 6.557642 4.709063 -2.481895
v 5.845406 4.796816 -2.306700
v 5.073115 4.871391 -2.149015
v 4.213561 4.930940 -2.028615
v 5.176585 4.876726 -1.620132
v 4.297877 4.933950 -1.539514
v 5.253253 4.883111 -0.534349
v 5.235173 4.880857 -1.080041
v 4.344744 4.935850 -1.039625
v 4.358824 4.936141 -0.534349
v 3.894631 4.419380 -7.693460
v 3.124754 4.423406 -8.037766
v 2.865983 4.546316 -7.434219
v 3.574490 4.542666 -7.116706
v 4.619889 4.416996 -7.282101
v 4.241845 4.540375 -6.737024
v 4.193058 4.292376 -8.232141
v 3.366339 4.296918 -8.601524
v 4.971863 4.289655 -7.790885
v 5.290606 4.417449 -6.807140
v 4.859166 4.540497 -6.298866
v 5.692368 4.290094 -7.281211
v 6.052311 4.161723 -7.706193
v 6.357544 4.035758 -8.067186
v 5.286694 4.161743 -8.247225
v 5.553471 4.036759 -8.634897
v 3.582880 4.170289 -9.107378
v 4.460236 4.165072 -8.715464
v 4.686625 4.041025 -9.126141
v 3.766493 4.047101 -9.537170
v 0.647816 4.434700 -8.636551
v -0.199559 4.435217 -8.682121
v -0.194670 4.556847 -8.025814
v 0.585318 4.556388 -7.983744
v 1.491129 4.432020 -8.512104
v 1.361813 4.554008 -7.869771
v 0.706601 4.309577 -9.244820
v -0.203753 4.310166 -9.293375
v 1.612284 4.306573 -9.111147
v 2.320181 4.427957 -8.311583
v 2.125231 4.550395 -7.685915
v 2.502476 4.302027 -8.895620
v 2.666050 4.176040 -9.419413
v 2.804839 4.053589 -9.864296
v 1.721137 4.181130 -9.647999
v 1.813578 4.059227 -10.103790
v -0.207275 4.185120 -9.840647
v 0.759566 4.184464 -9.789597
v 0.804614 4.062878 -10.251925
v -0.210139 4.063604 -10.305004
v 1.923689 4.666038 -7.037270
v 2.597916 4.662354 -6.809021
v 1.228442 4.669261 -7.203021
v 1.738900 4.767111 -6.415977
v 2.339530 4.762510 -6.223384
v 1.111308 4.771917 -6.548751
v -0.189072 4.671748 -7.343393
v 0.521195 4.671362 -7.305367
v -0.182211 4.774797 -6.668169
v 0.467215 4.774446 -6.634312
v 0.435128 4.860771 -6.003520
v -0.173540 4.861142 -6.033433
v -0.162526 4.926184 -5.472488
v 0.436682 4.925761 -5.445887
v 1.030648 4.856452 -5.943883
v 1.016146 4.919330 -5.412366
v 2.109797 4.838331 -5.738541
v 1.594214 4.846259 -5.872379
v 1.550562 4.903035 -5.405085
v 1.942822 4.882363 -5.427478
v 4.410187 4.656120 -5.771286
v 3.848774 4.656579 -6.171865
v 3.928797 4.760024 -5.267850
v 3.431515 4.760305 -5.635141
v 3.242150 4.658936 -6.519159
v 2.902749 4.760673 -5.958384
v 2.561394 4.840800 -5.491906
v 2.167096 4.899557 -5.162448
v 2.980883 4.846496 -5.175418
v 2.473675 4.912024 -4.837524
v 3.400155 4.847991 -4.832003
v 2.809405 4.915877 -4.507188
v -2.672133 4.423242 -8.338814
v -3.445918 4.417750 -8.072691
v -3.178223 4.541277 -7.471827
v -2.467896 4.546183 -7.715261
v -1.867700 4.428608 -8.530756
v -1.728827 4.550977 -7.889870
v -2.862636 4.296830 -8.920692
v -3.695543 4.290665 -8.633680
v -1.997170 4.302830 -9.128307
v -1.040787 4.432915 -8.646029
v -0.968570 4.554790 -7.993959
v -1.107944 4.307616 -9.253538
v -1.167963 4.182341 -9.797598
v -1.218767 4.060626 -10.259279
v -2.113099 4.177097 -9.663742
v -2.211341 4.054927 -10.118271
v -3.919095 4.163516 -9.136854
v -3.033279 4.170416 -9.442390
v -3.177915 4.047619 -9.885437
v -4.108553 4.039885 -9.564295
v -5.503007 4.411402 -6.856802
v -6.075792 4.416399 -6.322849
v -5.588781 4.539234 -5.860484
v -5.064248 4.535174 -6.352240
v -4.869178 4.410703 -7.328529
v -4.483202 4.534823 -6.786959
v -5.912137 4.283323 -7.326972
v -6.530119 4.288790 -6.753396
v -5.228546 4.282670 -7.833654
v -4.180885 4.413211 -7.734874
v -3.852259 4.537180 -7.161271
v -4.487091 4.285535 -8.270269
v -4.761137 4.157645 -8.750427
v -4.993313 4.033080 -9.158304
v -5.550135 4.154122 -8.286430
v -5.822934 4.028565 -8.670973
v -6.937151 4.159616 -7.138915
v -6.278730 4.154282 -7.748156
v -6.589626 4.027741 -8.105791
v -7.282273 4.032236 -7.466228
v -3.510921 4.654163 -6.566476
v -2.900475 4.657951 -6.848981
v -4.081899 4.651766 -6.224833
v -3.163311 4.756587 -6.007291
v -2.632252 4.758705 -6.264880
v -3.657882 4.756199 -5.689735
v -5.083486 4.654298 -5.379487
v -4.607929 4.651536 -5.827871
v -4.544302 4.757666 -4.918774
v -4.120944 4.756137 -5.326112
v -3.590292 4.844751 -4.889357
v -3.956430 4.845418 -4.517246
v -3.305254 4.913622 -4.213840
v -3.002952 4.913194 -4.560027
v -3.203740 4.843049 -5.229282
v -2.698746 4.909183 -4.887288
v -2.393122 4.835055 -5.780221
v -2.815857 4.837325 -5.540473
v -2.421708 4.896635 -5.207675
v -2.218962 4.879447 -5.468236
v -0.893367 4.669959 -7.316230
v -1.584698 4.666592 -7.224410
v -0.825827 4.773217 -6.645842
v -1.454655 4.769592 -6.571315
v -2.256070 4.662344 -7.068471
v -2.059749 4.763896 -6.448613
v -1.902027 4.843496 -5.905801
v -1.840802 4.900530 -5.439854
v -1.358018 4.854434 -5.967550
v -1.322824 4.917518 -5.437450
v -0.776560 4.859713 -6.015769
v -0.756217 4.924801 -5.459007
v -7.391644 4.459424 -4.379768
v -7.706935 4.478555 -3.629303
v -7.074589 4.591374 -3.400472
v -6.792562 4.575208 -4.080650
v -7.016955 4.441724 -5.081046
v -6.451762 4.560360 -4.720296
v -7.952940 4.336686 -4.657135
v -8.301523 4.357816 -3.838874
v -7.545229 4.316985 -5.416777
v -6.579427 4.426925 -5.729842
v -6.050887 4.547997 -5.315042
v -7.072766 4.300487 -6.116103
v -7.514864 4.171703 -6.462008
v -7.889740 4.043698 -6.755779
v -8.018921 4.188911 -5.717595
v -8.420444 4.060362 -5.973618
v -8.835642 4.231183 -4.026828
v -8.456659 4.209417 -4.905818
v -8.883121 4.080187 -5.118886
v -9.286703 4.100883 -4.190770
v -8.289267 4.532169 -1.167625
v -8.338583 4.546486 -0.331266
v -7.603521 4.647608 -0.432806
v -7.566200 4.636568 -1.188894
v -8.162848 4.515673 -2.006937
v -7.463951 4.622952 -1.943149
v -8.996670 4.414918 -1.099720
v -9.069157 4.431431 -0.161846
v -8.830929 4.397824 -2.045888
v -7.966375 4.497594 -2.832935
v -7.299236 4.607587 -2.684160
v -8.596708 4.378518 -2.963701
v -9.163507 4.252054 -3.080764
v -9.640242 4.120008 -3.188415
v -9.441814 4.270162 -2.064397
v -9.954794 4.134436 -2.094207
v -9.787039 4.299983 0.102735
v -9.672144 4.283607 -0.974494
v -10.241430 4.140580 -0.890546
v -6.622066 4.707201 -2.513109
v -6.427238 4.694460 -3.154760
v -6.760666 4.719209 -1.850126
v -5.911113 4.795177 -2.338943
v -5.743034 4.785997 -2.914443
v -6.027618 4.803709 -1.744255
v -6.872179 4.737280 -0.493732
v -6.843777 4.729522 -1.174198
v -6.117226 4.815458 -0.524189
v -6.095369 4.810720 -1.137090
v -5.294791 4.879424 -1.091146
v -5.311777 4.881532 -0.534345
v -4.427000 4.934617 -0.534347
v -4.413842 4.934457 -1.049898
v -5.239842 4.875331 -1.641984
v -4.370185 4.932621 -1.559705
v -5.000210 4.863903 -2.701806
v -5.142976 4.869923 -2.180851
v -4.291835 4.929576 -2.058032
v -4.174604 4.925870 -2.539142
v -5.503165 4.660868 -4.883516
v -5.867316 4.670357 -4.344428
v -4.919771 4.762085 -4.470074
v -5.245727 4.768744 -3.983873
v -6.175513 4.681849 -3.766685
v -5.520637 4.776954 -3.464038
v -4.807579 4.857912 -3.198850
v -4.014303 4.922018 -2.997288
v -4.567671 4.852503 -3.669061
v -3.813960 4.918426 -3.430465
v -4.283088 4.848166 -4.109509
v -3.576604 4.915512 -3.836645
v -8.008993 4.572282 2.052139
v -7.762714 4.573845 2.796255
v -7.102429 4.660343 2.449602
v -7.320516 4.661506 1.759419
v -8.191628 4.566909 1.281151
v -7.478323 4.659893 1.045914
v -8.673309 4.476171 2.399126
v -8.400213 4.481122 3.182698
v -8.883785 4.465455 1.583335
v -8.303768 4.558170 0.485837
v -7.573445 4.655315 0.313649
v -9.023634 4.449385 0.731090
v -9.719053 4.328125 1.081038
v -9.532282 4.356965 1.980040
v -8.995951 4.383812 3.618498
v -9.290802 4.375153 2.819357
v -6.665393 4.559810 4.825419
v -6.165465 4.554321 5.411859
v -5.633507 4.640591 4.870644
v -6.093768 4.645615 4.328489
v -7.095390 4.565947 4.189560
v -6.490894 4.651278 3.740214
v -7.223478 4.467731 5.334881
v -6.687386 4.461504 5.960671
v -7.682791 4.474550 4.658207
v -7.459685 4.571181 3.510946
v -6.826523 4.656550 3.111894
v -8.072554 4.479777 3.938266
v -8.649101 4.383842 4.396976
v -8.239454 4.378386 5.145133
v -7.189178 4.363265 6.511781
v -7.756314 4.370543 5.853285
v -6.189063 4.734577 2.737967
v -6.438347 4.739064 2.133194
v -5.882927 4.729335 3.311177
v -5.524006 4.804088 2.405344
v -5.745803 4.809094 1.857534
v -5.249617 4.798765 2.924038
v -5.101345 4.719375 4.342335
v -5.520266 4.724044 3.847679
v -4.548768 4.788941 3.857960
v -4.924045 4.793570 3.409585
v -4.283088 4.852509 3.040815
v -3.956429 4.847490 3.448559
v -3.305255 4.893126 3.145149
v -3.576598 4.898982 2.767955
v -4.567672 4.857984 2.600379
v -3.813959 4.905196 2.361769
v -5.000209 4.869165 1.633116
v -4.807575 4.863634 2.130165
v -4.014301 4.911521 1.928596
v -4.174607 4.917769 1.470453
v -6.846664 4.741637 0.182886
v -6.766404 4.743070 0.850015
v -6.096088 4.817075 0.087754
v -6.029047 4.816156 0.692715
v -6.630552 4.742041 1.501997
v -5.913227 4.813302 1.284649
v -5.142976 4.874286 1.112168
v -4.291834 4.923652 0.989346
v -5.239844 4.878430 0.573290
v -4.370185 4.928755 0.491013
v -5.294790 4.881020 0.022460
v -4.413841 4.932563 -0.018796
v -4.256073 4.548688 6.819686
v -3.509769 4.549060 7.159347
v -3.210149 4.634295 6.480803
v -3.889852 4.634371 6.169331
v -4.952773 4.549181 6.412727
v -4.524999 4.635253 5.794713
v -4.618666 4.456318 7.470212
v -3.807288 4.457170 7.836835
v -5.374842 4.456428 7.032520
v -5.591609 4.550938 5.942207
v -5.108492 4.637239 5.360598
v -6.067562 4.457965 6.527950
v -6.527878 4.359349 7.110941
v -5.784647 4.357930 7.645844
v -4.097884 4.359540 8.503118
v -4.971655 4.358185 8.111546
v -1.058971 4.552390 7.739774
v -0.200582 4.553515 7.776826
v -0.195183 4.637614 7.038825
v -0.977664 4.636611 7.006487
v -1.902463 4.551167 7.622468
v -1.746208 4.635639 6.901372
v -1.139760 4.461651 8.469120
v -0.205542 4.462934 8.510624
v -2.058010 4.460146 8.340307
v -2.722314 4.549991 7.427964
v -2.492985 4.634799 6.725482
v -2.950463 4.458581 8.128207
v -3.173796 4.361473 8.815632
v -2.210441 4.363496 9.044146
v -0.210140 4.366768 9.229454
v -1.218878 4.365322 9.183730
v -2.266106 4.712173 6.031351
v -2.913246 4.711987 5.811366
v -1.591660 4.712759 6.187792
v -2.062255 4.778304 5.387812
v -2.635439 4.777558 5.203959
v -1.456396 4.779992 5.510653
v -0.189279 4.714456 6.307386
v -0.897011 4.713562 6.280027
v -0.182264 4.782001 5.607646
v -0.826735 4.781149 5.585270
v -0.776558 4.837564 4.947079
v -0.173547 4.838422 4.964741
v -0.162528 4.882080 4.403799
v -0.756210 4.881144 4.390316
v -1.358016 4.835100 4.898860
v -1.322818 4.877092 4.368768
v -2.393119 4.826815 4.711524
v -1.902024 4.829823 4.837113
v -1.840807 4.867581 4.371160
v -2.218959 4.855651 4.399549
v -4.625622 4.716013 4.790000
v -4.098621 4.713778 5.186715
v -4.125364 4.785296 4.265121
v -3.662063 4.782204 4.628689
v -3.525959 4.712492 5.528491
v -3.167067 4.779233 4.946271
v -2.815855 4.831164 4.471784
v -2.421710 4.868808 4.138984
v -3.203741 4.838234 4.160593
v -2.698745 4.880530 3.818595
v -3.590292 4.843238 3.820668
v -3.002950 4.887823 3.491342
v 2.368220 4.555727 7.401375
v 3.186379 4.556026 7.125251
v 2.896792 4.640635 6.443616
v 2.149251 4.640046 6.696471
v 1.523814 4.555273 7.604258
v 1.378157 4.639388 6.881497
v 2.586541 4.464785 8.104289
v 3.474186 4.464716 7.806149
v 1.669466 4.464595 8.323929
v 0.663943 4.554529 7.730525
v 0.593380 4.638577 6.996387
v 0.734824 4.463973 8.460801
v 0.804713 4.367813 9.176383
v 1.812634 4.368278 9.029671
v 3.755436 4.367661 8.475983
v 2.800562 4.368148 8.794481
v 5.376423 4.558804 5.893682
v 5.984421 4.561738 5.362154
v 5.460803 4.647349 4.816576
v 4.902079 4.644415 5.307784
v 4.700999 4.557171 6.367385
v 4.282397 4.642547 5.745330
v 5.842921 4.466547 6.484182
v 6.497540 4.469618 5.915814
v 5.113801 4.465107 6.991656
v 3.967476 4.556397 6.779251
v 3.610905 4.641397 6.125255
v 4.320532 4.464678 7.433791
v 4.664198 4.367187 8.079317
v 5.513884 4.367322 7.609655
v 6.990223 4.372066 6.471985
v 6.293683 4.368670 7.072163
v 3.256720 4.718867 5.481368
v 2.610243 4.717753 5.771563
v 3.864998 4.720377 5.133965
v 2.906390 4.784963 4.897410
v 2.342604 4.782740 5.162501
v 3.435568 4.788146 4.574148
v 4.936039 4.725493 4.284657
v 4.427353 4.722508 4.733641
v 4.388421 4.794436 3.798425
v 3.933083 4.791154 4.206922
v 3.400156 4.848392 3.763312
v 3.797249 4.852389 3.389909
v 3.141863 4.897367 3.091125
v 2.809401 4.892253 3.438493
v 2.980881 4.843483 4.106726
v 2.473675 4.885036 3.768829
v 2.109801 4.831475 4.669848
v 2.561396 4.836248 4.423214
v 2.167099 4.873231 4.093759
v 1.942822 4.859917 4.358786
v 0.524424 4.715343 6.269205
v 1.234988 4.716157 6.166497
v 0.468026 4.782778 5.573756
v 1.112935 4.783061 5.488107
v 1.933293 4.716916 6.000275
v 1.741299 4.782595 5.355206
v 1.594220 4.833724 4.803686
v 1.550562 4.871227 4.336388
v 1.030650 4.837914 4.875191
v 1.016142 4.879733 4.343679
v 0.435124 4.839046 4.934826
v 0.436686 4.882524 4.377196
v 7.357808 4.576263 3.470324
v 7.679503 4.578094 2.761965
v 7.022774 4.664195 2.412320
v 6.729544 4.661184 3.067725
v 6.971003 4.571900 4.144075
v 6.372674 4.656693 3.690760
v 7.964745 4.485359 3.901515
v 8.312246 4.485757 3.151656
v 7.551394 4.481052 4.617087
v 6.514624 4.566554 4.776815
v 5.950316 4.651742 4.275642
v 7.064730 4.475104 5.290987
v 7.589077 4.378578 5.814291
v 8.076067 4.278316 6.342882
v 8.100290 4.385491 5.108543
v 8.604155 4.286671 5.617180
v 8.901857 4.388941 3.590763
v 8.534323 4.389952 4.364213
v 9.050573 4.291676 4.861321
v 9.429319 4.289454 4.088645
v 8.253386 4.560497 0.476609
v 7.522879 4.657470 0.303563
v 8.134317 4.569709 1.262862
v 7.421858 4.662463 1.025995
v 8.972286 4.451908 0.722787
v 8.824244 4.468534 1.566770
v 7.940701 4.575739 2.025392
v 7.254368 4.664683 1.730326
v 8.601501 4.479975 2.374897
v 9.213736 4.379391 2.797655
v 9.754519 4.276081 3.312483
v 9.468630 4.360431 1.965190
v 10.032562 4.249285 2.505220
v 9.665260 4.330945 1.073655
v 10.269836 4.206416 1.639243
v 6.565581 4.744969 1.470888
v 6.361226 4.742601 2.093355
v 6.709916 4.745461 0.828690
v 5.847380 4.816013 1.252432
v 5.669051 4.812332 1.816306
v 5.970635 4.818405 0.670622
v 6.795176 4.743636 0.172065
v 6.041918 4.818953 0.076527
v 5.235171 4.882831 0.011347
v 4.344746 4.934294 -0.029064
v 5.176589 4.880549 0.551438
v 4.297879 4.930766 0.470817
v 4.920414 4.872155 1.592393
v 5.073113 4.876821 1.080328
v 4.213561 4.926004 0.959918
v 4.087159 4.920475 1.432845
v 5.383345 4.729611 3.791299
v 5.769942 4.734258 3.258402
v 4.791029 4.798576 3.351382
v 5.139542 4.803198 2.869517
v 6.095973 4.738810 2.690803
v 5.432600 4.807927 2.356579
v 4.714125 4.867121 2.082042
v 3.914031 4.914660 1.884196
v 4.456591 4.861987 2.546618
v 3.696940 4.908726 2.312207
v 4.150181 4.856998 2.983459
v 3.438630 4.902901 2.715109
v 10.730381 3.974191 5.338118
v 10.443577 4.000834 5.795488
v 10.544235 3.932014 6.205348
v 10.773718 3.888013 6.074859
v 10.989977 3.923358 4.975214
v 11.023512 3.821166 5.896673
v 10.533306 4.070415 4.628748
v 10.220671 4.091626 5.239930
v 10.804291 4.029740 4.080804
v 11.386831 3.765523 4.391665
v 11.207182 3.853903 4.653481
v 11.231438 3.738996 5.717144
v 11.401323 3.642425 5.559196
v 11.231405 3.885509 3.191506
v 11.034294 3.969445 3.586935
v 10.724009 4.086641 2.529596
v 10.945919 4.004118 1.954862
v 10.481485 4.138786 3.233950
v 9.875780 4.189143 4.654675
v 10.201235 4.172120 3.938192
v 9.259480 3.955323 7.828445
v 9.574610 3.833275 8.199545
v 9.771139 3.977633 7.097116
v 10.066021 3.868384 7.445963
v 8.907349 4.068821 7.377163
v 9.438028 4.083313 6.646844
v 10.144817 3.997365 6.400643
v 10.387091 3.904707 6.738262
v 9.865692 4.093401 5.923533
v 9.497667 4.192205 5.395765
v 9.049570 4.186154 6.141740
v 8.514202 4.175807 6.872909
v 10.644445 3.816041 6.847548
v 10.339794 3.754868 7.646808
v 10.889666 3.724609 6.824686
v 10.584667 3.637105 7.744618
v 9.856791 3.700747 8.463266
v 10.104521 3.561803 8.641832
v 10.316349 3.420408 8.757474
v 10.490805 3.280399 8.832415
v 10.792894 3.514946 7.784379
v 10.963940 3.390249 7.793745
v 11.095585 3.623539 6.765858
v 11.263859 3.514088 6.697946
v -10.851072 2.747804 5.302090
v -10.576607 2.714737 5.760858
v -10.686697 2.666126 6.169065
v -10.911386 2.672951 6.037329
v -11.102158 2.777859 4.938282
v -11.156048 2.691480 5.858531
v -10.639832 2.816847 4.594761
v -10.342382 2.780547 5.207983
v -10.899420 2.853828 4.045262
v -11.488304 2.875591 4.358068
v -11.313053 2.818730 4.617145
v -11.359871 2.724868 5.680046
v -11.526690 2.776620 5.525303
v -11.312571 2.960468 3.157604
v -11.121029 2.899809 3.551104
v -10.795017 2.969027 2.493702
v -11.010405 3.032059 1.919657
v -10.536823 3.093527 0.531614
v -10.329519 3.022997 1.602926
v -10.562639 2.920679 3.199818
v -10.103121 2.977375 2.472480
v -9.986904 2.849085 4.626129
v -10.295589 2.882703 3.906712
v -9.838978 2.942732 3.283744
v -9.531075 2.914526 4.063872
v -9.461439 2.564055 7.795302
v -8.839798 2.537820 8.518841
v -9.159641 2.450937 8.912929
v -9.782902 2.486383 8.162523
v -9.945009 2.610123 7.063793
v -10.246067 2.544447 7.409206
v -9.101439 2.657464 7.348878
v -8.484470 2.638553 8.056954
v -9.603720 2.692693 6.617869
v -10.295637 2.664579 6.366869
v -10.544374 2.611188 6.701735
v -10.007189 2.736434 5.893291
v -9.629618 2.813613 5.369794
v -9.173391 2.887878 4.840017
v -9.206270 2.780925 6.117780
v -8.751785 2.864938 5.598588
v -8.091990 2.742332 7.546982
v -8.699474 2.755652 6.850154
v -8.252192 2.847799 6.325996
v -7.660737 2.838461 7.008653
v -10.802704 2.589329 6.809100
v -10.522806 2.506929 7.607763
v -11.046089 2.593292 6.785641
v -10.768572 2.495739 7.704842
v -9.445702 2.388708 9.219493
v -10.069279 2.435377 8.423670
v -9.696590 2.352176 9.453460
v -10.319567 2.411000 8.601348
v -10.532785 2.413064 8.718163
v -9.910936 2.342295 9.629759
v -10.087376 2.359883 9.763315
v -10.707973 2.441227 8.796733
v -10.976757 2.508924 7.745830
v -11.147350 2.546295 7.758779
v -11.250071 2.617194 6.728033
v -11.416599 2.662452 6.663588
v -3.957206 2.659766 11.193775
v -4.118156 2.576576 11.694399
v -5.316719 2.552068 11.300085
v -5.110013 2.637291 10.815332
v -3.781340 2.736940 10.646425
v -4.883784 2.718959 10.282982
v -2.747628 2.668580 11.475445
v -2.858440 2.587075 11.988167
v -2.626690 2.743112 10.916037
v -3.388695 2.872324 9.428043
v -3.591531 2.807878 10.056475
v -4.639037 2.795415 9.708284
v -4.376745 2.864996 9.096466
v -2.357364 2.873288 9.671606
v -2.496355 2.811199 10.313557
v -1.367395 2.802034 10.472414
v -1.295146 2.864327 9.821207
v -0.214439 2.842002 9.870922
v -0.218513 2.777221 10.525915
v -1.435217 2.734711 11.083521
v -0.222337 2.709198 11.140570
v -1.555972 2.582060 12.171631
v -1.498206 2.661626 11.651077
v -0.225890 2.637185 11.711426
v -0.229151 2.560446 12.235004
v -4.501562 2.342566 12.881172
v -4.592562 2.311502 13.163475
v -5.926052 2.303506 12.699507
v -5.809103 2.329578 12.432821
v -4.391428 2.405436 12.540567
v -5.667619 2.387080 12.109947
v -3.122638 2.350374 13.211920
v -3.185381 2.317702 13.504398
v -3.046715 2.414882 12.859592
v -4.263266 2.487614 12.144152
v -5.503021 2.464946 11.731997
v -2.958392 2.498140 12.450617
v -1.608082 2.495311 12.641724
v -0.232093 2.478269 12.707834
v -1.654139 2.414226 13.057913
v -0.234683 2.402652 13.126431
v -1.726474 2.320552 13.714769
v -1.693740 2.351682 13.416748
v -0.236924 2.345564 13.487337
v -0.238760 2.318975 13.787073
v -6.662292 2.431527 11.223795
v -6.439014 2.515202 10.815006
v -6.859345 2.361181 11.576824
v -7.720937 2.399352 10.629210
v -7.467730 2.477809 10.248941
v -7.944059 2.338968 10.950300
v -7.168337 2.295446 12.120001
v -7.028559 2.312926 11.875191
v -8.293339 2.296097 11.432459
v -8.135410 2.302604 11.216589
v -9.104214 2.308924 10.465338
v -9.274645 2.314545 10.644396
v -8.897470 2.332064 10.239475
v -8.381416 2.452243 9.611656
v -8.656002 2.380889 9.957886
v -5.625254 2.777393 9.276112
v -5.309095 2.855074 8.682800
v -5.919585 2.692168 9.834011
v -6.539462 2.758851 8.767087
v -6.175313 2.845321 8.192990
v -6.876560 2.664304 9.307821
v -6.191149 2.603428 10.349369
v -7.186129 2.568386 9.805122
v -8.075327 2.542894 9.191863
v -7.737303 2.643642 8.712702
v -6.963897 2.838712 7.632961
v -7.366941 2.745287 8.188337
v 5.848822 2.496548 10.332367
v 6.089430 2.432497 10.801178
v 4.934451 2.419550 11.288509
v 4.734509 2.481849 10.801085
v 5.585337 2.565497 9.813583
v 4.515753 2.549893 10.265829
v 6.879414 2.534548 9.785925
v 7.153880 2.467449 10.233284
v 6.577931 2.604662 9.284789
v 4.992577 2.719773 8.654741
v 5.299777 2.639753 9.251988
v 4.279055 2.624199 9.688002
v 4.025321 2.705365 9.072849
v 5.894869 2.754546 8.161460
v 6.249661 2.677937 8.739944
v 7.113892 2.726408 8.159155
v 6.720179 2.798442 7.599124
v 7.452534 2.840548 6.973883
v 7.874516 2.773211 7.516922
v 7.475398 2.654991 8.687883
v 8.258160 2.704386 8.031299
v 8.104517 2.515029 9.594684
v 7.805384 2.584432 9.171121
v 8.605516 2.635021 8.497305
v 8.918665 2.566107 8.895237
v 6.662905 2.296512 11.869040
v 6.799086 2.294094 12.115692
v 5.523692 2.290368 12.695910
v 5.410609 2.291022 12.427689
v 6.498143 2.325203 11.568443
v 5.273842 2.317295 12.102949
v 7.806656 2.316379 11.209602
v 7.961419 2.310149 11.427565
v 7.619296 2.350119 10.940786
v 6.306435 2.372950 11.212851
v 5.114674 2.362419 11.722843
v 7.401099 2.403202 10.616796
v 8.373581 2.447084 9.944401
v 9.199778 2.498674 9.205389
v 8.610697 2.389772 10.229128
v 9.447111 2.442060 9.442616
v 8.981972 2.343225 10.639067
v 8.814108 2.352158 10.457727
v 9.658976 2.405521 9.621778
v 9.833662 2.398171 9.757727
v 3.844849 2.378377 12.137060
v 3.705737 2.438619 11.685413
v 3.967757 2.329314 12.535152
v 2.516022 2.409958 12.445778
v 2.422015 2.476761 11.982040
v 2.599089 2.352862 12.855904
v 4.160691 2.294697 13.160692
v 4.073391 2.298931 12.877195
v 2.729531 2.303254 13.502502
v 2.670500 2.314343 13.209208
v 1.225785 2.331594 13.415373
v 1.254807 2.312369 13.713804
v 1.190669 2.379833 13.056042
v 1.103625 2.521428 12.168524
v 1.149828 2.446621 12.639277
v 3.201033 2.643913 10.040686
v 3.006613 2.722702 9.409651
v 3.382948 2.570732 10.633085
v 2.081534 2.684988 10.302761
v 1.950818 2.759343 9.659014
v 2.204093 2.613585 10.906919
v 3.551470 2.502516 11.182707
v 2.317816 2.544411 11.467884
v 1.052407 2.593768 11.647243
v 0.996550 2.664341 11.078894
v 0.872342 2.803100 9.814819
v 0.936406 2.733860 10.466934
v 6.083119 3.244809 -3.766517
v 6.697323 3.237336 -4.082153
v 6.996586 3.222614 -3.409013
v 6.350773 3.231969 -3.161979
v 5.429394 3.256621 -3.462936
v 5.666449 3.245557 -2.920885
v 5.755024 3.257511 -4.338603
v 6.335259 3.251460 -4.716405
v 5.135828 3.267702 -3.977001
v 3.914031 3.287279 -3.000774
v 4.714123 3.271325 -3.198614
v 4.920414 3.261947 -2.708955
v 4.087155 3.279513 -2.549419
v 3.696929 3.294895 -3.428783
v 4.456591 3.280699 -3.663192
v 4.150181 3.289942 -4.100029
v 3.438628 3.302246 -3.831682
v 3.141867 3.309213 -4.207703
v 3.797247 3.298874 -4.506482
v 4.786919 3.278691 -4.459496
v 4.384106 3.289418 -4.906868
v 5.909054 3.265157 -5.307674
v 5.366892 3.269994 -4.874062
v 4.918753 3.282207 -5.368720
v 5.417572 3.278559 -5.851863
v 8.351944 3.261002 -4.908433
v 8.775671 3.295172 -5.119059
v 9.200680 3.276404 -4.196239
v 8.751537 3.241536 -4.035207
v 7.851304 3.242249 -4.660489
v 8.219519 3.223643 -3.848447
v 7.889422 3.277236 -5.715837
v 8.287388 3.310153 -5.969756
v 7.419856 3.258502 -5.415391
v 7.293255 3.235448 -4.382596
v 7.627034 3.218626 -3.638774
v 6.895998 3.250881 -5.078791
v 6.431887 3.265495 -5.724318
v 5.897725 3.279759 -6.316154
v 6.919674 3.273487 -6.111682
v 6.345492 3.288114 -6.747897
v 7.727141 3.323324 -6.749353
v 7.356663 3.291835 -6.457460
v 6.746531 3.306130 -7.133369
v 7.086543 3.336460 -7.458879
v 7.900858 3.199715 -2.850343
v 7.234475 3.207032 -2.701082
v 8.530140 3.201504 -2.980733
v 8.107534 3.179337 -2.033269
v 7.408490 3.190912 -1.969484
v 8.775352 3.176028 -2.071365
v 9.571190 3.251585 -3.200279
v 9.095716 3.217127 -3.096103
v 9.897738 3.217436 -2.113475
v 9.385626 3.186084 -2.087728
v 9.622471 3.146614 -1.006713
v 10.190870 3.170203 -0.918151
v 10.485540 3.096255 0.532197
v 9.738327 3.103449 0.060981
v 8.947453 3.147570 -1.134355
v 9.021425 3.118121 -0.206054
v 7.516160 3.174599 -1.225311
v 8.239918 3.158201 -1.203538
v 8.290892 3.137121 -0.377109
v 7.555083 3.158524 -0.479665
v 5.073117 3.252703 -2.196893
v 4.213555 3.271674 -2.076494
v 5.845404 3.234630 -2.354419
v 5.176579 3.243578 -1.668012
v 4.297877 3.263752 -1.587392
v 5.969300 3.223869 -1.769876
v 6.557641 3.218961 -2.529132
v 6.704573 3.205964 -1.876033
v 6.792490 3.193057 -1.210706
v 6.822367 3.180413 -0.541206
v 6.041243 3.213279 -1.173616
v 6.064383 3.202875 -0.571968
v 4.344746 3.255667 -1.087509
v 5.235167 3.234512 -1.127927
v 5.253253 3.225477 -0.582222
v 4.358828 3.247395 -0.582229
v 1.923687 3.330352 -7.084405
v 2.125233 3.332731 -7.731929
v 2.865981 3.325086 -7.480228
v 2.597912 3.323621 -6.856145
v 1.738894 3.330276 -6.463675
v 2.339524 3.324493 -6.271080
v 1.228442 3.335068 -7.250146
v 1.361815 3.338121 -7.915782
v 1.111304 3.334430 -6.596447
v 1.550560 3.331548 -5.452967
v 1.594214 3.331120 -5.920261
v 2.109803 3.326342 -5.786422
v 1.942824 3.328064 -5.475358
v 1.016139 3.335057 -5.460250
v 1.030653 3.334810 -5.991767
v 0.435128 3.336967 -6.051404
v 0.436688 3.337217 -5.493769
v -0.162526 3.337645 -5.520372
v -0.173546 3.337340 -6.081313
v 0.467215 3.336746 -6.682013
v -0.182214 3.337101 -6.715857
v 0.585322 3.341082 -8.029755
v 0.521189 3.337656 -7.352498
v -0.189069 3.338037 -7.390523
v -0.194671 3.341522 -8.071833
v 2.666050 3.372501 -9.456816
v 2.804841 3.403172 -9.896471
v 3.766493 3.392727 -9.569345
v 3.582882 3.362492 -9.144793
v 2.502478 3.351912 -8.936964
v 3.366343 3.342550 -8.642864
v 1.721140 3.379707 -9.685408
v 1.813578 3.410761 -10.135963
v 1.612288 3.358584 -9.152485
v 2.320178 3.339306 -8.355722
v 3.124745 3.330774 -8.081905
v 1.491133 3.345363 -8.556244
v 0.647818 3.348690 -8.680689
v -0.199558 3.349200 -8.726267
v 0.706595 3.362279 -9.286161
v -0.203750 3.362854 -9.334709
v 0.804615 3.415066 -10.284096
v 0.759566 3.383727 -9.827013
v -0.207272 3.384375 -9.878057
v -0.210142 3.415787 -10.337166
v 3.894631 3.320055 -7.737598
v 3.574482 3.315449 -7.162714
v 4.193049 3.330939 -8.273476
v 4.619893 3.307631 -7.326251
v 4.241847 3.304198 -6.783046
v 4.971863 3.317567 -7.832232
v 4.686629 3.380056 -9.158318
v 4.460230 3.350184 -8.752869
v 5.553475 3.365909 -8.667070
v 5.286702 3.336200 -8.284626
v 6.052308 3.321248 -7.743598
v 6.357548 3.351037 -8.099360
v 5.692366 3.303077 -7.322547
v 4.859166 3.291737 -6.344865
v 5.290602 3.294014 -6.851283
v 2.561396 3.320976 -5.539793
v 2.167096 3.325463 -5.210330
v 2.902752 3.317431 -6.006073
v 2.980883 3.314790 -5.223298
v 2.473677 3.321212 -4.885405
v 3.431517 3.309144 -5.682832
v 3.242152 3.315159 -6.566299
v 3.848773 3.305195 -6.218999
v 4.410187 3.294086 -5.818417
v 3.928795 3.299695 -5.315540
v 2.809403 3.315688 -4.555059
v 3.400155 3.307312 -4.879879
v -3.510922 3.310364 -6.613616
v -3.852259 3.309952 -7.207277
v -3.178223 3.320035 -7.517827
v -2.900471 3.319227 -6.896119
v -3.163306 3.313339 -6.054990
v -2.632250 3.320693 -6.312579
v -4.081903 3.300359 -6.271959
v -4.483202 3.298615 -6.832970
v -3.657884 3.305043 -5.737426
v -2.421710 3.322524 -5.255557
v -2.815856 3.317501 -5.588353
v -2.393123 3.323069 -5.828098
v -2.218959 3.325150 -5.516120
v -2.698750 3.318355 -4.935163
v -3.203740 3.311341 -5.277166
v -3.590292 3.304056 -4.937239
v -3.002948 3.313003 -4.607908
v -3.305254 3.306773 -4.261724
v -3.956427 3.295924 -4.565126
v -4.120945 3.295799 -5.373805
v -4.544303 3.285893 -4.966459
v -5.064247 3.286407 -6.398254
v -4.607928 3.289510 -5.875013
v -5.083487 3.278044 -5.426622
v -5.588783 3.273694 -5.906488
v -4.761134 3.342743 -8.787842
v -4.993313 3.372108 -9.190477
v -4.108553 3.385502 -9.596458
v -3.919096 3.355723 -9.174261
v -4.487086 3.324094 -8.311617
v -3.695544 3.336299 -8.675013
v -5.550136 3.328582 -8.323839
v -5.822935 3.357712 -8.703150
v -5.228545 3.310575 -7.874984
v -4.180885 3.313879 -7.779018
v -3.445918 3.325093 -8.116837
v -4.869177 3.301331 -7.372672
v -5.503007 3.287961 -6.900939
v -6.075789 3.274183 -6.366988
v -5.912136 3.296300 -7.368299
v -6.530119 3.281855 -6.794725
v -6.589624 3.343040 -8.137960
v -6.278727 3.313824 -7.785569
v -6.937150 3.299230 -7.176324
v -7.282272 3.329018 -7.498391
v -2.672130 3.334582 -8.382963
v -2.467894 3.328511 -7.761267
v -2.862637 3.346713 -8.962029
v -1.867701 3.341950 -8.574907
v -1.728830 3.335073 -7.935881
v -1.997170 3.354828 -9.169653
v -3.177913 3.397176 -9.917610
v -3.033278 3.366882 -9.479797
v -2.211340 3.406459 -10.150429
v -2.113098 3.375666 -9.701145
v -1.167963 3.381601 -9.834993
v -1.218765 3.412806 -10.291452
v -1.107944 3.360322 -9.294882
v -0.968571 3.339480 -8.039972
v -1.040780 3.346911 -8.690178
v -1.902018 3.328346 -5.953691
v -1.840803 3.329056 -5.487735
v -2.059748 3.327074 -6.496307
v -1.358016 3.332789 -6.015437
v -1.322818 3.333233 -5.485341
v -1.454654 3.332108 -6.619003
v -2.256072 3.326643 -7.115609
v -1.584705 3.332395 -7.271533
v -0.893369 3.336257 -7.363368
v -0.825826 3.335521 -6.693536
v -0.756211 3.336250 -5.506894
v -0.776561 3.335885 -6.063643
v -6.622067 3.217124 -2.560348
v -7.299237 3.204914 -2.730445
v -7.074589 3.220072 -3.446615
v -6.427238 3.229792 -3.201948
v -5.911108 3.232996 -2.386665
v -5.743035 3.243685 -2.962154
v -6.760669 3.204293 -1.897436
v -7.463951 3.189048 -1.989620
v -6.027621 3.222348 -1.791997
v -4.291835 3.270323 -2.105911
v -5.142974 3.251229 -2.228744
v -5.000212 3.260312 -2.749689
v -4.174601 3.278052 -2.587026
v -4.370183 3.262420 -1.607593
v -5.239846 3.242180 -1.689867
v -5.294792 3.233079 -1.139032
v -4.413841 3.254288 -1.097780
v -4.427001 3.245878 -0.582227
v -5.311777 3.223897 -0.582229
v -6.095371 3.211768 -1.184864
v -6.117224 3.201218 -0.571981
v -7.566203 3.172826 -1.235570
v -6.843779 3.191427 -1.221605
v -6.872178 3.178664 -0.541238
v -7.603520 3.156634 -0.479749
v -9.163507 3.214166 -3.119247
v -9.640244 3.248381 -3.221769
v -9.286705 3.272482 -4.223531
v -8.835638 3.237927 -4.064765
v -8.596708 3.198805 -3.005868
v -8.301521 3.220375 -3.880628
v -9.441814 3.183572 -2.103729
v -9.954794 3.214718 -2.128517
v -8.830929 3.173733 -2.088655
v -7.966376 3.197312 -2.877611
v -7.706936 3.215724 -3.673715
v -8.162849 3.177260 -2.051986
v -8.289265 3.156251 -1.213111
v -8.338583 3.135090 -0.377275
v -8.996670 3.145440 -1.143266
v -9.069157 3.115925 -0.206336
v -10.241428 3.167698 -0.926319
v -9.672144 3.144304 -1.015035
v -9.787039 3.101039 0.060558
v -7.391645 3.231927 -4.424016
v -6.792560 3.234264 -4.126712
v -7.952940 3.238259 -4.698636
v -7.016956 3.246654 -5.125216
v -6.451761 3.247796 -4.766328
v -7.545226 3.253726 -5.458152
v -8.883121 3.290391 -5.151297
v -8.456659 3.256592 -4.943438
v -8.420446 3.304425 -6.005843
v -8.018920 3.271954 -5.755061
v -7.514865 3.285696 -6.499421
v -7.889739 3.316695 -6.787947
v -7.072763 3.267929 -6.157431
v -6.050887 3.260864 -5.361053
v -6.579427 3.260561 -5.773967
v -4.807580 3.269423 -3.246730
v -4.014299 3.285627 -3.045173
v -5.520635 3.254400 -3.511739
v -4.567670 3.278493 -3.716951
v -3.813960 3.293014 -3.478340
v -5.245728 3.265085 -4.031562
v -6.175514 3.242206 -3.813848
v -5.867316 3.254375 -4.391562
v -5.503166 3.266340 -4.930639
v -4.919776 3.275615 -4.517759
v -3.576605 3.300076 -3.884525
v -4.283090 3.287351 -4.157393
v -6.189062 3.124565 2.689991
v -6.826522 3.090239 3.063756
v -7.102427 3.100385 2.401611
v -6.438349 3.133139 2.085272
v -5.524007 3.154705 2.357441
v -5.745803 3.162369 1.809644
v -5.882928 3.117382 3.263164
v -6.490894 3.081985 3.691992
v -5.249618 3.148097 2.876121
v -4.014303 3.204010 1.880716
v -4.807579 3.181119 2.082285
v -5.000211 3.188479 1.585239
v -4.174604 3.211592 1.422569
v -3.813962 3.197020 2.313888
v -4.567668 3.174588 2.552492
v -4.283090 3.168862 2.992938
v -3.576599 3.190636 2.720073
v -3.305251 3.184832 3.097267
v -3.956426 3.163931 3.400677
v -4.924045 3.142541 3.361673
v -4.548763 3.138025 3.810042
v -6.093773 3.075598 4.280231
v -5.520265 3.111567 3.799649
v -5.101346 3.107078 4.294292
v -5.633506 3.070935 4.822364
v -8.649105 2.951316 4.347612
v -8.995951 2.971411 3.569786
v -8.072554 3.005222 3.889486
v -8.400211 3.020684 3.134377
v -8.239456 2.935004 5.095365
v -7.682790 2.993115 4.609151
v -7.459689 3.051018 3.462568
v -7.762714 3.063315 2.748149
v -7.095389 3.041368 4.141015
v -6.665396 3.034219 4.776786
v -6.165466 3.029362 5.363183
v -7.223482 2.984375 5.285686
v -6.687389 2.978895 5.911408
v -7.756312 2.923153 5.803303
v -7.189180 2.916312 6.461677
v -8.008993 3.078307 2.004464
v -7.320511 3.112423 1.711645
v -8.673307 3.039430 2.351501
v -8.191629 3.095592 1.234005
v -7.478320 3.126067 0.998398
v -8.883783 3.061677 1.536621
v -9.290802 2.994594 2.771636
v -9.532280 3.023283 1.933762
v -9.719053 3.059664 1.036781
v -9.023634 3.087568 0.685486
v -7.573442 3.140921 0.266422
v -8.303770 3.114697 0.439263
v -5.142977 3.196668 1.064291
v -4.291834 3.219831 0.941461
v -5.913224 3.171083 1.236776
v -5.239844 3.205466 0.525411
v -4.370186 3.228444 0.443133
v -6.029047 3.180646 0.644870
v -6.630553 3.143115 1.454158
v -6.766404 3.154202 0.802277
v -6.846666 3.166160 0.135268
v -6.096088 3.190769 0.039939
v -4.413842 3.237192 -0.066675
v -5.294787 3.214617 -0.025423
v -2.266105 3.100379 5.983296
v -2.492986 3.066037 6.677156
v -3.210149 3.065434 6.432482
v -2.913243 3.100146 5.763309
v -2.062257 3.128654 5.339889
v -2.635442 3.128346 5.156037
v -1.591653 3.100698 6.139736
v -1.746211 3.066187 6.853050
v -1.456394 3.129560 5.462722
v -1.840805 3.166474 4.323279
v -1.902024 3.150313 4.789237
v -2.393119 3.149205 4.663645
v -2.218961 3.161630 4.351665
v -1.322819 3.170728 4.320889
v -1.358016 3.152721 4.850978
v -0.776556 3.154226 4.899197
v -0.756215 3.173030 4.342436
v -0.162526 3.173983 4.355917
v -0.173550 3.155077 4.916861
v -0.826736 3.130282 5.537342
v -0.182266 3.130677 5.559724
v -0.977663 3.064974 6.958160
v -0.897011 3.100647 6.231971
v -0.189277 3.099767 6.259327
v -0.195180 3.061542 6.990496
v -3.173799 2.930082 8.765268
v -4.097882 2.926077 8.452775
v -2.950462 2.981386 8.078777
v -3.807286 2.979332 7.787420
v -2.210448 2.929903 8.993773
v -2.058010 2.980925 8.290866
v -2.722313 3.026547 7.379194
v -3.509769 3.025483 7.110585
v -1.902463 3.026314 7.573697
v -1.058966 3.023138 7.691003
v -0.200581 3.015397 7.728052
v -1.139764 2.975455 8.419682
v -0.205544 2.962540 8.461185
v -1.218880 2.922334 9.133356
v -0.210144 2.904274 9.179075
v -4.256076 3.024905 6.770939
v -3.889848 3.065393 6.121015
v -4.618662 2.977407 7.420813
v -4.952774 3.025114 6.364001
v -4.524999 3.066117 5.746407
v -5.374842 2.976240 6.983154
v -4.971659 2.921287 8.061231
v -5.784650 2.917073 7.595583
v -6.527878 2.914865 7.060744
v -6.067563 2.976477 6.478623
v -5.108493 3.067867 5.312303
v -5.591603 3.026480 5.893499
v -2.815856 3.151588 4.423903
v -2.421708 3.167650 4.091105
v -3.167064 3.129502 4.898354
v -3.203737 3.155731 4.112712
v -2.698739 3.174086 3.770712
v -3.662062 3.131696 4.580764
v -3.525955 3.100565 5.480438
v -4.098620 3.101755 5.138661
v -4.625624 3.103864 4.741958
v -4.125365 3.134473 4.217201
v -3.002948 3.179581 3.443457
v -3.590292 3.159706 3.772784
v 3.256722 3.095108 5.433311
v 3.610911 3.042840 6.076939
v 2.896788 3.039243 6.395295
v 2.610241 3.092887 5.723508
v 2.906394 3.132262 4.849488
v 2.342610 3.130270 5.114576
v 3.865000 3.099190 5.085916
v 4.282399 3.050474 5.697025
v 3.435565 3.135326 4.526228
v 2.167096 3.172065 4.045877
v 2.561392 3.156679 4.375333
v 2.109805 3.153862 4.621968
v 1.942814 3.165887 4.310905
v 2.473673 3.178578 3.720952
v 2.980885 3.160966 4.058843
v 3.400149 3.164884 3.715428
v 2.809407 3.184028 3.390610
v 3.141865 3.189064 3.043241
v 3.797249 3.168805 3.342029
v 3.933089 3.138819 4.158998
v 4.388430 3.142767 3.750505
v 4.902077 3.060235 5.259500
v 4.427351 3.104438 4.685593
v 4.936045 3.110229 4.236621
v 5.460804 3.070283 4.768299
v 4.664198 2.806069 8.029007
v 3.755433 2.793996 8.425638
v 4.320540 2.892591 7.384389
v 3.474186 2.883496 7.756733
v 5.513890 2.834770 7.559398
v 5.113801 2.913852 6.942289
v 3.967476 2.973449 6.730505
v 3.186377 2.967373 7.076493
v 4.700999 2.987252 6.318660
v 5.376433 3.004761 5.844977
v 5.984421 3.021985 5.313482
v 5.842919 2.940695 6.434857
v 6.497536 2.966594 5.866545
v 6.293679 2.870918 7.021970
v 6.990218 2.905583 6.421882
v 2.368220 2.973127 7.352612
v 2.149251 3.041692 6.648145
v 2.586548 2.893248 8.054855
v 1.523808 2.986052 7.555489
v 1.378151 3.047746 6.833173
v 1.669470 2.914457 8.274492
v 2.800560 2.807811 8.744120
v 1.812644 2.837375 8.979296
v 0.804713 2.872776 9.126005
v 0.734818 2.939910 8.411360
v 0.593384 3.055095 6.948059
v 0.663943 3.001611 7.681754
v 1.594214 3.154198 4.755805
v 1.550562 3.170115 4.288507
v 1.741297 3.129972 5.307284
v 1.030652 3.155535 4.827306
v 1.016144 3.173386 4.295794
v 1.112938 3.130413 5.440179
v 1.933293 3.093292 5.952218
v 1.234990 3.095229 6.118433
v 0.524426 3.097689 6.221147
v 0.468022 3.130702 5.525832
v 0.436682 3.174437 4.329319
v 0.435128 3.155704 4.886947
v 6.565579 3.146040 1.423045
v 7.254372 3.115595 1.682550
v 7.022784 3.104234 2.364327
v 6.361226 3.136669 2.045428
v 5.847380 3.173805 1.204565
v 5.669055 3.165610 1.768413
v 6.709918 3.156615 0.780954
v 7.421864 3.128643 0.978478
v 5.970629 3.182895 0.622777
v 4.213559 3.222159 0.912037
v 5.073117 3.199191 1.032442
v 4.920418 3.191462 1.544511
v 4.087159 3.214322 1.384963
v 4.297879 3.230442 0.422941
v 5.176587 3.207589 0.503561
v 5.235178 3.216434 -0.036531
v 4.344750 3.238929 -0.076943
v 6.041916 3.192676 0.028718
v 7.522883 3.143066 0.256329
v 6.795186 3.168166 0.124447
v 9.213734 3.000005 2.749937
v 9.754528 2.950455 3.264422
v 9.429317 2.927603 4.039315
v 8.901873 2.979505 3.542050
v 8.601500 3.043526 2.327276
v 8.312252 3.026065 3.103335
v 9.468622 3.027022 1.918911
v 10.032568 2.982081 2.459134
v 8.824245 3.064823 1.520058
v 7.940695 3.081770 1.977724
v 7.679505 3.067537 2.713860
v 8.134327 3.098404 1.215713
v 8.253370 3.116999 0.430037
v 8.972294 3.090083 0.677178
v 10.269833 3.026282 1.596100
v 9.665257 3.062481 1.029395
v 7.357806 3.056102 3.421946
v 6.729542 3.094850 3.019594
v 7.964747 3.012271 3.852738
v 6.970992 3.045819 4.095529
v 6.372664 3.086659 3.642549
v 7.551390 2.999546 4.568040
v 9.050570 2.909360 4.811134
v 8.534319 2.963325 4.314848
v 8.604149 2.891589 5.566453
v 8.100285 2.948009 5.058779
v 7.589070 2.929987 5.764307
v 8.076061 2.870089 6.291846
v 7.064732 2.985235 5.241787
v 5.950312 3.078771 4.227382
v 6.514624 3.035038 4.728186
v 4.714125 3.184606 2.034159
v 3.914032 3.207129 1.836318
v 5.432597 3.158544 2.308676
v 4.456591 3.178590 2.498737
v 3.696940 3.200544 2.264327
v 5.139546 3.152467 2.821607
v 6.095976 3.128775 2.642828
v 5.769944 3.121992 3.210392
v 5.383341 3.115940 3.743273
v 4.791031 3.147251 3.303463
v 3.438626 3.194546 2.667229
v 4.150176 3.173352 2.935576
v 10.644455 2.663182 6.795557
v 10.387096 2.693573 6.685256
v 10.544239 2.724900 6.153356
v 10.773718 2.720083 6.023855
v 10.889664 2.649662 6.775047
v 11.023508 2.724627 5.848000
v 10.339788 2.607053 7.593823
v 10.066032 2.653425 7.391951
v 10.584663 2.575223 7.694034
v 11.263857 2.686248 6.658293
v 11.095583 2.655868 6.720267
v 11.231430 2.747316 5.672465
v 11.401320 2.791499 5.520369
v 10.963940 2.579032 7.753233
v 10.792883 2.563807 7.737864
v 10.316353 2.478142 8.710095
v 10.490807 2.479815 8.791082
v 10.104528 2.504912 8.590404
v 9.574600 2.611603 8.144806
v 9.856781 2.552095 8.409483
v 9.497675 2.850523 5.344459
v 9.875778 2.870213 4.604424
v 9.865688 2.791645 5.871172
v 10.220669 2.812886 5.188764
v 9.049568 2.830706 6.089764
v 9.438028 2.768511 6.593672
v 10.144819 2.737861 6.347614
v 10.443573 2.761528 5.743709
v 9.771135 2.708337 7.043155
v 9.259478 2.675199 7.773852
v 8.907347 2.740805 7.323471
v 8.514202 2.806401 6.820519
v 10.730383 2.777004 5.287879
v 10.533304 2.834843 4.579222
v 10.989977 2.796273 4.927433
v 10.804295 2.863914 4.033807
v 10.201227 2.894068 3.889461
v 10.481483 2.926857 3.187571
v 10.724010 2.973096 2.486737
v 10.945921 3.035718 1.917316
v 11.034294 2.906390 3.543768
v 11.231411 2.965956 3.153877
v 11.207182 2.830963 4.609655
v 11.386822 2.884590 4.353565
v -11.699850 3.147513 6.593334
v -11.819332 3.283937 5.329104
v -11.840317 3.162624 5.313039
v -11.719316 3.029729 6.583004
v -11.432924 3.009386 7.805514
v -11.452105 2.893893 7.801557
v -11.642342 3.268226 6.615328
v -11.758602 3.406317 5.372321
v -11.375614 3.130176 7.806215
v -10.381310 2.780725 10.007877
v -10.999748 2.882806 8.949184
v -11.019192 2.768699 8.951696
v -10.400894 2.667472 10.016386
v -10.322538 2.903962 9.970076
v -10.941420 3.004697 8.929598
v -10.844172 3.133519 8.892653
v -10.224567 3.037223 9.902674
v -11.280361 3.254282 7.804024
v -11.660326 3.524961 5.448661
v -11.547638 3.388536 6.651212
v -11.510685 3.592548 1.403529
v -11.274080 3.654343 0.117912
v -11.312784 3.516972 0.090466
v -11.544682 3.456713 1.377277
v -11.698135 3.508852 2.714048
v -11.727114 3.377139 2.690051
v -11.405651 3.733857 1.485998
v -11.147745 3.801059 0.196877
v -11.615122 3.641803 2.791883
v -11.809870 3.405212 4.029294
v -11.834263 3.278793 4.008678
v -11.741131 3.531764 4.092580
v -11.632471 3.652013 4.210789
v -11.481937 3.769473 2.940022
v -10.923475 3.956015 0.334219
v -11.226439 3.876959 1.638783
v -11.809870 3.158906 4.018497
v -11.819332 3.047216 5.318118
v -11.698135 3.253138 2.703432
v -11.741129 3.049278 4.071496
v -11.758602 2.941760 5.350842
v -11.615120 3.140188 2.771119
v -11.274078 3.389899 0.107687
v -11.510685 3.329984 1.393096
v -11.147745 3.275684 0.176732
v -11.405649 3.215137 1.465503
v -11.226439 3.114885 1.608972
v -10.923473 3.176787 0.304746
v -11.481939 3.041579 2.910062
v -11.660324 2.850230 5.417740
v -11.632469 2.953618 4.180435
v -10.999748 2.663158 8.937418
v -10.381310 2.564158 9.995880
v -11.432924 2.785626 7.794013
v -10.941420 2.570547 8.906645
v -10.322536 2.475385 9.946674
v -11.375614 2.688806 7.783767
v -11.699854 2.918194 6.582095
v -11.642342 2.817049 6.593384
v -11.547638 2.730418 6.619625
v -11.280363 2.607656 7.771717
v -10.224567 2.405772 9.869057
v -10.844172 2.495133 8.859652
v -4.744226 2.662170 13.656973
v -6.121125 2.660564 13.166893
v -6.134130 2.549274 13.189947
v -4.754339 2.551089 13.681744
v -3.289962 2.666125 14.014891
v -3.296937 2.555165 14.040785
v -4.713895 2.786843 13.569834
v -6.082089 2.785296 13.084942
v -3.269045 2.790724 13.924366
v -0.241839 2.673454 14.309669
v -1.781024 2.670414 14.234507
v -1.784665 2.559499 14.261007
v -0.242041 2.562563 14.336361
v -0.241224 2.797925 14.216730
v -1.770113 2.794941 14.142139
v -1.751937 2.934139 13.983585
v -0.240200 2.937081 14.057219
v -3.234190 2.930008 13.768885
v -6.017060 2.924534 12.943764
v -4.663338 2.926174 13.419992
v -9.558651 2.715525 10.965143
v -9.577579 2.602974 10.978613
v -8.556602 2.679211 11.814833
v -8.574158 2.567195 11.832319
v -9.501854 2.839639 10.912262
v -8.503950 2.803790 11.749739
v -7.401430 2.663603 12.550797
v -7.416974 2.552010 12.571453
v -7.354799 2.788355 12.476105
v -7.277093 2.927258 12.347061
v -8.416189 2.941783 11.636736
v -9.407187 2.975858 10.819651
v -7.401433 2.452519 12.538385
v -6.121121 2.450343 13.154415
v -8.556602 2.466838 11.802517
v -7.354800 2.372038 12.451908
v -6.082092 2.371384 13.060619
v -8.503948 2.384182 11.725731
v -9.558651 2.501353 10.952965
v -9.501856 2.415926 10.888514
v -9.407187 2.351923 10.785553
v -8.416187 2.325267 11.602278
v -6.017061 2.319936 12.908876
v -7.277097 2.317404 12.312342
v -1.781025 2.461084 14.221964
v -0.241839 2.464127 14.297123
v -3.289963 2.456695 14.002357
v -1.770115 2.383157 14.117695
v -0.241227 2.385704 14.192287
v -3.269047 2.378907 13.899940
v -4.744224 2.452481 13.644461
v -4.713896 2.374373 13.545441
v -4.663339 2.324733 13.385004
v -3.234188 2.329881 13.733845
v -0.240198 2.334836 14.022161
v -1.751933 2.333664 13.948526
v 7.026188 2.677531 12.549566
v 5.712317 2.673000 13.165865
v 5.724904 2.561741 13.189089
v 7.041340 2.565970 12.570427
v 8.219418 2.693729 11.813438
v 8.236620 2.581747 11.831156
v 6.980761 2.802177 12.474255
v 5.674578 2.797653 13.083397
v 8.167807 2.818207 11.747643
v 10.124693 2.794178 10.006285
v 9.261749 2.729840 10.963621
v 9.280403 2.617314 10.977341
v 10.144098 2.680961 10.015049
v 10.066500 2.917348 9.967674
v 9.205791 2.853857 10.909973
v 9.112537 2.989958 10.816099
v 9.969492 3.050508 9.898945
v 8.081804 2.956063 11.633472
v 5.611699 2.936731 12.941366
v 6.905051 2.940924 12.344189
v 1.303185 2.674190 14.234232
v 1.306405 2.563299 14.260777
v 2.827897 2.673379 14.014353
v 2.834456 2.562427 14.040327
v 1.293503 2.798693 14.141724
v 2.808224 2.797915 13.923555
v 4.306187 2.672335 13.656176
v 4.315888 2.561278 13.681076
v 4.277092 2.796945 13.568638
v 4.228590 2.936149 13.418139
v 2.775439 2.937120 13.767624
v 1.277384 2.937852 13.982943
v 4.306191 2.462638 13.643661
v 5.712325 2.462779 13.153387
v 2.827893 2.463955 14.001814
v 4.277091 2.381804 13.544243
v 5.674582 2.381207 13.059080
v 2.808226 2.383953 13.899126
v 1.303185 2.464860 14.221689
v 1.293509 2.385720 14.117285
v 1.277377 2.332638 13.947882
v 2.775431 2.328409 13.732578
v 5.611689 2.322076 12.906483
v 4.228594 2.324057 13.383150
v 9.261740 2.515673 10.951441
v 10.124695 2.577611 9.994286
v 8.219416 2.481357 11.801121
v 9.205790 2.431631 10.886229
v 10.066494 2.491294 9.944281
v 8.167816 2.398599 11.723631
v 7.026185 2.466439 12.537153
v 6.980750 2.384387 12.450062
v 6.905043 2.325165 12.309469
v 8.081804 2.339539 11.599010
v 9.969503 2.429112 9.865326
v 9.112535 2.371935 10.782001
v 9.474087 3.713305 -5.466630
v 9.929346 3.719676 -4.480267
v 9.975933 3.603556 -4.508430
v 9.519854 3.603346 -5.497002
v 8.949001 3.705670 -6.379929
v 8.992918 3.600970 -6.413476
v 9.335592 3.831939 -5.386693
v 9.786604 3.843966 -4.410022
v 8.816954 3.819499 -6.288972
v 7.653979 3.696537 -7.985191
v 8.345181 3.699310 -7.219625
v 8.386400 3.599051 -7.256844
v 7.691828 3.599934 -8.026133
v 7.540425 3.803029 -7.871515
v 8.221529 3.809104 -7.117151
v 8.015490 3.926747 -6.949605
v 7.351239 3.917922 -7.685287
v 8.596500 3.940363 -6.141284
v 9.544722 3.973399 -4.302747
v 9.103191 3.956722 -5.259315
v 10.961321 3.695558 -1.112535
v 11.219830 3.657329 0.124212
v 11.258289 3.519993 0.096989
v 11.003408 3.560602 -1.139995
v 10.665220 3.715530 -2.296607
v 10.709927 3.585702 -2.323900
v 10.823683 3.839826 -1.043867
v 11.094154 3.803992 0.202328
v 10.522104 3.853262 -2.235677
v 10.323812 3.721981 -3.421386
v 10.370035 3.598840 -3.448720
v 10.179260 3.852842 -3.358705
v 9.930384 3.987828 -3.270584
v 10.271416 3.995525 -2.152391
v 10.870853 3.958843 0.338044
v 10.579054 3.991611 -0.937711
v 10.323826 3.486850 -3.430801
v 9.929342 3.498494 -4.489460
v 10.665228 3.467028 -2.306280
v 10.179262 3.389476 -3.377096
v 9.786602 3.407221 -4.428006
v 10.522099 3.363344 -2.254600
v 11.219835 3.392870 0.113985
v 10.961321 3.436551 -1.122497
v 11.094154 3.278604 0.182179
v 10.823689 3.326632 -1.063440
v 10.579052 3.233950 -0.966188
v 10.870850 3.179631 0.308577
v 10.271421 3.278284 -2.179718
v 9.544718 3.332384 -4.328721
v 9.930391 3.310002 -3.297100
v 8.345181 3.509960 -7.228600
v 7.653977 3.514521 -7.994164
v 8.948997 3.507365 -6.388927
v 8.221535 3.433470 -7.134736
v 7.540417 3.441473 -7.889088
v 8.816950 3.426620 -6.306592
v 9.474077 3.504395 -5.475695
v 9.335596 3.418705 -5.404432
v 9.103191 3.348332 -5.284969
v 8.596497 3.360393 -6.166774
v 7.351239 3.381823 -7.710721
v 8.015491 3.370866 -6.975049
v 3.036160 3.733124 -10.613018
v 4.072524 3.724237 -10.260754
v 4.092921 3.635388 -10.312693
v 3.051585 3.644956 -10.666641
v 1.967642 3.740294 -10.870667
v 1.977911 3.652472 -10.925507
v 2.989901 3.831189 -10.461287
v 4.011311 3.823049 -10.114040
v 1.936831 3.837875 -10.715305
v -0.214913 3.745533 -11.086140
v 0.879704 3.744686 -11.029701
v 0.884707 3.657009 -11.085262
v -0.215235 3.657865 -11.141928
v -0.213960 3.842906 -10.927925
v 0.864680 3.842086 -10.872166
v 0.839652 3.948432 -10.612839
v -0.212368 3.949221 -10.667482
v 1.885479 3.944482 -10.459623
v 3.909306 3.930998 -9.872797
v 2.912796 3.938302 -10.211649
v 6.867150 3.699367 -8.676064
v 6.901156 3.605640 -8.720373
v 5.998967 3.706026 -9.288271
v 6.028708 3.614494 -9.335552
v 6.765154 3.803138 -8.552303
v 5.909789 3.807650 -9.155632
v 5.063958 3.714771 -9.817831
v 5.089119 3.624830 -9.867664
v 4.988495 3.814751 -9.677517
v 4.862719 3.923863 -9.446886
v 5.761244 3.918292 -8.937765
v 6.595238 3.915720 -8.349287
v 5.063963 3.545762 -9.826817
v 4.072516 3.557238 -10.269709
v 5.998976 3.533966 -9.297255
v 4.988493 3.478230 -9.695099
v 4.011319 3.490440 -10.131630
v 5.909789 3.465260 -9.173203
v 6.867152 3.523045 -8.685045
v 6.765152 3.452543 -8.569889
v 6.595238 3.394984 -8.374729
v 5.761242 3.409067 -8.963203
v 3.909306 3.435458 -9.898233
v 4.862715 3.422843 -9.472324
v 0.879702 3.579708 -11.038683
v -0.214914 3.580569 -11.095114
v 1.967644 3.575115 -10.879641
v 0.864680 3.513339 -10.889746
v -0.213958 3.514164 -10.945515
v 1.936829 3.508770 -10.732889
v 3.036164 3.567357 -10.621992
v 2.989901 3.500900 -10.478872
v 2.912795 3.446044 -10.237095
v 1.885476 3.453860 -10.485052
v -0.212370 3.459131 -10.692919
v 0.839653 3.458339 -10.638281
v -5.380277 3.705963 -9.845329
v -4.424316 3.716267 -10.283922
v -4.445366 3.627352 -10.335619
v -5.406084 3.615968 -9.894857
v -6.278446 3.696874 -9.319118
v -6.308854 3.605274 -9.366047
v -5.302879 3.806117 -9.705952
v -4.361164 3.815229 -10.138014
v -6.187267 3.798686 -9.187510
v -7.858161 3.688175 -8.018984
v -7.108602 3.690404 -8.709072
v -7.143231 3.596602 -8.753006
v -7.896578 3.591514 -8.059546
v -7.742928 3.794843 -7.906440
v -7.004734 3.794374 -8.586430
v -6.831695 3.907284 -8.385283
v -7.550927 3.910064 -7.722127
v -6.035381 3.909640 -8.971401
v -4.255909 3.923426 -9.898073
v -5.173894 3.915506 -9.476873
v -1.303449 3.742211 -11.035990
v -1.309094 3.654525 -11.091486
v -2.375082 3.735564 -10.883047
v -2.385998 3.647715 -10.937746
v -1.286513 3.839663 -10.878658
v -2.342331 3.833231 -10.728102
v -3.418978 3.726523 -10.631092
v -3.435052 3.638316 -10.684507
v -3.370770 3.824705 -10.479979
v -3.290411 3.932023 -10.231365
v -2.287755 3.939987 -10.473118
v -1.258287 3.946078 -10.619701
v -3.418978 3.560755 -10.640066
v -4.424321 3.549265 -10.292891
v -2.375079 3.570386 -10.892019
v -3.370768 3.494417 -10.497557
v -4.361162 3.482609 -10.155592
v -2.342330 3.504126 -10.745680
v -1.303450 3.577249 -11.044960
v -1.286510 3.510916 -10.896254
v -1.258285 3.455991 -10.645138
v -2.287755 3.449363 -10.498558
v -4.255907 3.427891 -9.923519
v -3.290414 3.439763 -10.256804
v -7.108603 3.514073 -8.718048
v -7.858164 3.506161 -8.027948
v -6.278450 3.524820 -9.328096
v -7.004735 3.443778 -8.604012
v -7.742928 3.433300 -7.924023
v -6.187270 3.456302 -9.205097
v -5.380275 3.536954 -9.854317
v -5.302880 3.469609 -9.723532
v -5.173891 3.414505 -9.502314
v -6.035382 3.400419 -8.996834
v -7.550927 3.373946 -7.747571
v -6.831694 3.386538 -8.410715
v -10.395748 3.718327 -3.440637
v -10.018936 3.715224 -4.504033
v -10.065805 3.599072 -4.531991
v -10.442240 3.595160 -3.467876
v -10.724966 3.712434 -2.311182
v -10.769947 3.582587 -2.338506
v -10.250494 3.849285 -3.378328
v -9.875427 3.839616 -4.434455
v -10.581137 3.850259 -2.250244
v -11.014952 3.692713 -1.122663
v -11.057335 3.557726 -1.150260
v -10.876560 3.837038 -1.053522
v -10.630785 3.988942 -0.946521
v -10.329489 3.992639 -2.167039
v -9.632336 3.969250 -4.328339
v -10.000618 3.984430 -3.290931
v -8.515028 3.691823 -7.252623
v -8.556728 3.591514 -7.289466
v -9.087982 3.699197 -6.410825
v -9.132292 3.594443 -6.444028
v -8.389935 3.801800 -7.151276
v -8.954756 3.813180 -6.320910
v -9.586168 3.707880 -5.494371
v -9.632256 3.597870 -5.524446
v -9.446741 3.826654 -5.415309
v -9.212778 3.951644 -5.289441
v -8.732334 3.934323 -6.174945
v -8.181480 3.919729 -6.985601
v -9.586168 3.498971 -5.503431
v -10.018934 3.494029 -4.513229
v -9.087980 3.500897 -6.419823
v -9.446737 3.413409 -5.433053
v -9.875427 3.402875 -4.452445
v -8.954754 3.420294 -6.338528
v -8.515028 3.502475 -7.261607
v -8.389935 3.426140 -7.168869
v -8.181479 3.363843 -7.011042
v -8.732336 3.354325 -6.200431
v -9.632332 3.328208 -4.354324
v -9.212780 3.343244 -5.315088
v -11.014956 3.433705 -1.132623
v -10.724968 3.463946 -2.320854
v -10.876560 3.323859 -1.073089
v -10.581135 3.360333 -2.269174
v -10.395748 3.483188 -3.450050
v -10.250496 3.385902 -3.396724
v -10.000624 3.306603 -3.317441
v -10.329487 3.275409 -2.194366
v -10.630787 3.231288 -0.974996
v 11.713215 3.410978 4.029448
v 11.697838 3.291216 5.328419
v 11.718952 3.169904 5.312616
v 11.737688 3.284570 4.009113
v 11.621517 3.513338 2.715535
v 11.650467 3.381645 2.691827
v 11.643885 3.537550 4.091848
v 11.636520 3.413639 5.370802
v 11.538139 3.646318 2.792424
v 11.448494 3.596087 1.407009
v 11.482332 3.460288 1.381023
v 11.343626 3.737373 1.488506
v 11.164295 3.880477 1.639474
v 11.403748 3.774058 2.938873
v 11.537014 3.532328 5.445741
v 11.533739 3.657890 4.208524
v 10.781393 2.894977 8.947569
v 10.800753 2.780871 8.950348
v 11.250154 3.019990 7.804004
v 11.269363 2.904490 7.800322
v 10.723291 3.016814 8.927176
v 11.192728 3.140761 7.803905
v 11.549511 3.156450 6.592113
v 11.569094 3.038660 6.582050
v 11.491585 3.277171 6.613302
v 11.396116 3.397503 6.647838
v 11.097267 3.264843 7.800367
v 10.626442 3.145570 8.888885
v 11.549519 2.927121 6.580875
v 11.697840 3.054511 5.317427
v 11.250158 2.796211 7.792502
v 11.491587 2.827465 6.591356
v 11.636517 2.949797 5.349331
v 11.192732 2.701627 7.781448
v 10.781387 2.675331 8.935809
v 10.723289 2.585335 8.904224
v 10.626446 2.517842 8.855883
v 11.097271 2.627088 7.768065
v 11.537016 2.860555 5.414819
v 11.396118 2.745305 6.616244
v 11.448488 3.333530 1.396574
v 11.621527 3.257618 2.704913
v 11.343626 3.218669 1.468006
v 11.538155 3.144765 2.771661
v 11.713217 3.164686 4.018653
v 11.643879 3.055368 4.070767
v 11.533739 2.960692 4.178167
v 11.403746 3.046453 2.908916
v 11.164293 3.118388 1.609663
v -2.345903 4.916910 3.311845
v -2.576156 4.923604 2.978769
v -2.122169 4.907495 3.638870
v -1.635246 4.933681 3.238070
v -1.787279 4.941745 2.909238
v -1.491144 4.922582 3.570532
v -1.933992 4.892231 3.981858
v -1.377101 4.904926 3.936714
v -0.775412 4.910340 3.939862
v -0.148606 4.911498 3.949958
v -0.822803 4.929152 3.562711
v -0.133108 4.930614 3.570111
v -0.956736 4.950395 2.896370
v -0.887036 4.941311 3.225881
v -0.117355 4.943133 3.231152
v -0.102674 4.952596 2.899982
v 0.657721 4.942690 3.209764
v 0.756783 4.951720 2.879899
v 0.562005 4.930543 3.547430
v 1.417597 4.936278 3.207005
v 1.599070 4.944264 2.877490
v 1.242081 4.925200 3.541116
v 0.483651 4.911713 3.925653
v 1.097437 4.907558 3.909497
v 1.668849 4.895856 3.944026
v 1.886689 4.911157 3.597605
v 2.401621 4.927083 2.934108
v 2.141690 4.920520 3.268152
v -3.120323 4.945540 1.816791
v -3.243358 4.952735 1.380027
v -2.966214 4.938137 2.229800
v -2.149464 4.967254 1.768606
v -2.231543 4.975399 1.340831
v -2.046587 4.958773 2.173361
v -2.783872 4.930758 2.617604
v -1.925128 4.950186 2.553953
v -1.020560 4.959787 2.541189
v -0.090399 4.962364 2.543503
v -1.077254 4.969276 2.161358
v -0.080361 4.972188 2.162688
v -1.164216 4.987389 1.331838
v -1.125555 4.978564 1.757900
v -0.072425 4.981765 1.758526
v -0.066431 4.990829 1.332016
v 0.986104 4.979635 1.744345
v 1.036755 4.988376 1.320338
v 0.921927 4.970459 2.146236
v 2.022015 4.969244 1.742478
v 2.116175 4.977190 1.318681
v 1.903182 4.960971 2.144215
v 0.845160 4.961060 2.525074
v 1.761565 4.952560 2.522888
v 2.634236 4.934004 2.573910
v 2.836989 4.941092 2.188807
v 3.142699 4.955094 1.348896
v 3.007332 4.948197 1.780051
v -3.423777 4.970155 -0.041805
v -3.433343 4.973198 -0.534347
v -3.391395 4.965473 0.445151
v -2.350517 4.994832 -0.051880
v -2.356669 4.998428 -0.534347
v -2.329401 4.989552 0.425118
v -3.332488 4.959511 0.920958
v -2.290630 4.982962 0.891180
v -1.191976 4.995498 0.884178
v -0.062226 4.999104 0.884122
v -1.210136 5.002501 0.420331
v -0.059560 5.006224 0.420208
v -1.222858 5.011902 -0.534349
v -1.220003 5.008060 -0.054308
v -0.058158 5.011862 -0.054399
v -0.057782 5.015702 -0.534347
v 1.109072 5.008793 -0.057451
v 1.112689 5.012551 -0.534345
v 1.096419 5.003280 0.414155
v 2.251868 4.996095 -0.057931
v 2.258784 4.999574 -0.534349
v 2.227915 4.990982 0.413211
v 1.072920 4.996376 0.875183
v 2.183741 4.984554 0.873842
v 3.240525 4.961596 0.896588
v 3.305026 4.967269 0.428424
v 3.350752 4.974625 -0.534349
v 3.340371 4.971755 -0.050321
v -3.332487 4.971776 -1.989650
v -3.243361 4.969100 -2.448720
v -3.391391 4.973620 -1.513843
v -2.290636 4.998542 -1.959867
v -2.231543 4.996112 -2.409524
v -2.329400 4.999970 -1.493812
v -3.423774 4.974216 -1.026882
v -2.350521 5.000042 -1.016811
v -1.220005 5.013680 -1.014379
v -0.058160 5.017474 -1.014289
v -1.210140 5.013708 -1.489028
v -0.059553 5.017437 -1.488897
v -1.164215 5.009669 -2.400524
v -1.191981 5.012269 -1.952869
v -0.062226 5.015890 -1.952808
v -0.066427 5.013130 -2.400703
v 1.072924 5.012858 -1.943872
v 1.036753 5.010286 -2.389030
v 1.096426 5.014302 -1.482845
v 2.183741 4.999544 -1.942527
v 2.116177 4.997160 -2.387372
v 2.227911 5.000972 -1.481903
v 1.109072 5.014306 -1.011238
v 2.251864 5.001110 -1.010753
v 3.340361 4.975538 -1.018371
v 3.305020 4.974860 -1.497118
v 3.142699 4.970426 -2.417589
v 3.240525 4.973034 -1.965282
v -2.783874 4.960238 -3.686305
v -2.576159 4.958200 -4.047459
v -2.966215 4.962976 -3.298491
v -1.925134 4.986537 -3.622643
v -1.787279 4.983836 -3.977926
v -2.046588 4.989740 -3.242055
v -3.120323 4.966050 -2.885483
v -2.149468 4.993043 -2.837297
v -1.125556 5.006303 -2.826596
v -0.072423 5.009517 -2.827224
v -1.077260 5.002507 -3.230052
v -0.080363 5.005461 -3.231382
v -0.956738 4.995314 -3.965061
v -1.020565 4.998712 -3.609885
v -0.090403 5.001366 -3.612189
v -0.102680 4.997638 -3.968673
v 0.845162 4.999446 -3.593767
v 0.756781 4.996098 -3.948598
v 0.921921 5.003179 -3.214931
v 1.761561 4.987864 -3.591583
v 1.599068 4.985280 -3.946174
v 1.903182 4.990956 -3.212903
v 0.986105 5.006938 -2.813035
v 2.022013 4.994173 -2.811168
v 3.007330 4.967495 -2.848746
v 2.836995 4.964564 -3.257498
v 2.401614 4.960176 -4.002800
v 2.634234 4.962024 -3.642601
v -0.887032 4.992695 -4.294572
v -0.117357 4.994696 -4.299842
v -0.822810 4.984457 -4.631402
v -0.133107 4.986166 -4.638795
v -1.635248 4.981996 -4.306760
v -1.491146 4.974627 -4.639228
v -0.775416 4.964056 -5.008553
v -0.148608 4.965562 -5.018639
v -1.377103 4.955326 -5.005404
v -1.933991 4.934402 -5.050549
v -2.122172 4.951270 -4.707561
v -2.345912 4.957208 -4.380538
v 2.141688 4.959374 -4.336845
v 1.886683 4.953559 -4.666295
v 1.417592 4.983542 -4.275698
v 1.242079 4.976276 -4.609805
v 1.668850 4.936762 -5.012712
v 1.097437 4.957025 -4.978186
v 0.483653 4.964969 -4.994349
v 0.562001 4.985336 -4.616127
v 0.657717 4.993528 -4.278461
v -0.887035 3.208372 3.177995
v -0.956736 3.217379 2.848487
v -0.102680 3.219589 2.852103
v -0.117350 3.210186 3.183271
v -0.822802 3.198720 3.514831
v -0.133108 3.200176 3.522226
v -1.635244 3.203199 3.190185
v -1.787282 3.211210 2.861359
v -1.491143 3.194539 3.522651
v -0.775414 3.187361 3.891982
v -0.148605 3.188535 3.902075
v -1.377103 3.184160 3.888834
v -1.933989 3.178033 3.933978
v -2.122173 3.186657 3.590987
v -2.576158 3.200489 2.930887
v -2.345904 3.193838 3.263969
v 2.141692 3.197445 3.220270
v 2.401616 3.203954 2.886226
v 1.886685 3.190320 3.549723
v 1.417603 3.205791 3.159120
v 1.599066 3.213718 2.829608
v 1.242081 3.197160 3.493235
v 1.668845 3.181674 3.896146
v 1.097439 3.186778 3.861614
v 0.483649 3.188747 3.877774
v 0.562005 3.200101 3.499550
v 0.756781 3.218708 2.832018
v 0.657721 3.209740 3.161887
v -1.125552 3.246039 1.710016
v -1.164215 3.255783 1.283951
v -0.066429 3.259223 1.284128
v -0.072425 3.249236 1.710644
v -1.077257 3.236328 2.113479
v -0.080361 3.239224 2.114802
v -2.149462 3.237228 1.720722
v -2.231545 3.246335 1.292949
v -2.046586 3.228298 2.125477
v -1.020559 3.226739 2.493306
v -0.090396 3.229308 2.495616
v -1.925128 3.219604 2.506074
v -2.783875 3.207579 2.569725
v -2.966210 3.215095 2.181918
v -3.243360 3.231299 1.332147
v -3.120326 3.222999 1.768909
v 3.007325 3.225663 1.732170
v 3.142697 3.233654 1.301013
v 2.836991 3.218045 2.140925
v 2.022019 3.239206 1.694595
v 2.116173 3.248109 1.270800
v 1.903182 3.230477 2.096334
v 2.634238 3.210819 2.526027
v 1.761565 3.221965 2.475008
v 0.845158 3.227994 2.477195
v 0.921921 3.237492 2.098358
v 1.036749 3.256754 1.272460
v 0.986096 3.247110 1.696459
v -1.220002 3.283742 -0.102190
v -1.222859 3.292050 -0.582225
v -0.057786 3.295873 -0.582225
v -0.058157 3.287538 -0.102280
v -1.210137 3.274818 0.372447
v -0.059560 3.278558 0.372325
v -2.350522 3.273407 -0.099757
v -2.356669 3.281697 -0.582225
v -2.329398 3.264625 0.377238
v -1.191977 3.265441 0.836297
v -0.062227 3.269054 0.836239
v -2.290635 3.255528 0.843299
v -3.332484 3.239957 0.873075
v -3.391394 3.248719 0.397269
v -3.433339 3.265798 -0.582223
v -3.423775 3.257409 -0.089688
v 3.340369 3.258998 -0.098198
v 3.350754 3.267225 -0.582225
v 3.305024 3.250528 0.380547
v 2.251870 3.274670 -0.105817
v 2.258786 3.282850 -0.582225
v 2.227913 3.266030 0.365331
v 3.240527 3.242016 0.848708
v 2.183741 3.257119 0.825959
v 1.072922 3.266315 0.827298
v 1.096421 3.275619 0.366272
v 1.112687 3.292706 -0.582225
v 1.109065 3.284461 -0.105325
v -1.191976 3.312451 -2.000751
v -1.164216 3.317629 -2.448406
v -0.066432 3.321084 -2.448585
v -0.062229 3.316072 -2.000688
v -1.210138 3.306463 -1.536907
v -0.059560 3.310176 -1.536775
v -2.290637 3.302782 -2.007749
v -2.231543 3.308474 -2.457405
v -2.329401 3.296416 -1.541694
v -1.220004 3.299649 -1.062257
v -0.058158 3.303445 -1.062175
v -2.350522 3.289385 -1.064699
v -3.423776 3.273735 -1.074758
v -3.391393 3.281187 -1.561723
v -3.243358 3.294763 -2.496604
v -3.332484 3.288187 -2.037529
v 3.240523 3.289433 -2.013166
v 3.142699 3.296078 -2.465473
v 3.305024 3.282446 -1.545002
v 2.183743 3.303787 -1.990415
v 2.116175 3.309526 -2.435251
v 2.227910 3.297435 -1.529788
v 3.340365 3.275041 -1.066251
v 2.251870 3.290460 -1.058639
v 1.109070 3.300261 -1.059118
v 1.096425 3.307043 -1.530723
v 1.036755 3.318227 -2.436910
v 1.072922 3.313041 -1.991754
v -1.020561 3.328667 -3.657764
v -0.956737 3.331098 -4.012933
v -0.102678 3.333415 -4.016558
v -0.090398 3.331323 -3.660068
v -1.077259 3.325664 -3.277929
v -0.080367 3.328619 -3.279260
v -1.925131 3.321957 -3.670524
v -1.787280 3.325341 -4.025813
v -2.046589 3.318033 -3.289934
v -1.125558 3.322019 -2.874473
v -0.072426 3.325241 -2.875095
v -2.149465 3.313558 -2.885177
v -3.120324 3.300929 -2.933362
v -2.966213 3.306703 -3.346368
v -2.576161 3.316921 -4.095340
v -2.783879 3.312050 -3.734176
v 2.634242 3.313834 -3.690488
v 2.401616 3.318904 -4.050681
v 2.836993 3.308313 -3.305370
v 1.761559 3.323281 -3.639457
v 1.599066 3.326798 -3.994058
v 1.903183 3.319253 -3.260784
v 3.007336 3.302372 -2.896625
v 2.022017 3.314680 -2.859048
v 0.986104 3.322640 -2.860918
v 0.921921 3.326339 -3.262807
v 0.756775 3.331878 -3.996475
v 0.845160 3.329401 -3.641647
v -2.345904 3.321309 -4.428424
v -2.122173 3.324986 -4.755437
v -1.635247 3.328233 -4.354644
v -1.491147 3.330586 -4.687110
v -1.933993 3.327718 -5.098436
v -1.377101 3.332335 -5.053294
v -0.775414 3.335649 -5.056435
v -0.148609 3.337147 -5.066523
v -0.822808 3.334503 -4.679290
v -0.133108 3.336220 -4.686681
v -0.887037 3.332990 -4.342450
v -0.117355 3.334983 -4.347720
v 0.657715 3.333819 -4.326334
v 0.562003 3.335380 -4.664005
v 1.417593 3.329787 -4.323575
v 1.242079 3.332232 -4.657687
v 0.483649 3.336556 -5.042222
v 1.097439 3.334054 -5.026065
v 1.668849 3.330084 -5.060595
v 1.886683 3.327267 -4.714179
v 2.141686 3.323468 -4.384727
vn 0.8775 -0.4794 0.0100
vn 0.8811 -0.4577 -0.1193
vn 0.9646 -0.2293 -0.1303
vn 0.9671 -0.2540 0.0097
vn 0.8544 -0.5033 0.1290
vn 0.9507 -0.2755 0.1424
vn 0.6265 -0.7736 0.0949
vn 0.6516 -0.7585 0.0066
vn 0.6597 -0.7458 -0.0924
vn 0.8645 -0.4409 -0.2414
vn 0.9428 -0.2083 -0.2603
vn 0.6497 -0.7368 -0.1871
vn 0.6299 -0.7320 -0.2598
vn 0.8378 -0.4307 -0.3355
vn 0.9123 -0.1947 -0.3604
vn 0.9609 -0.0781 -0.2656
vn 0.9287 -0.0640 -0.3653
vn 0.9634 -0.0123 -0.2680
vn 0.9304 0.0005 -0.3665
vn 0.9902 -0.0244 -0.1373
vn 0.9859 -0.0976 -0.1355
vn 0.9931 -0.1171 0.0071
vn 0.9810 -0.1271 0.1463
vn 0.9995 -0.0289 0.0084
vn 0.9881 -0.0198 0.1528
vn 0.5919 -0.4055 -0.6966
vn 0.5263 -0.3843 -0.7585
vn 0.5611 -0.1510 -0.8139
vn 0.6398 -0.1648 -0.7507
vn 0.6567 -0.4167 -0.6286
vn 0.7143 -0.1732 -0.6781
vn 0.4934 -0.7254 -0.4800
vn 0.4508 -0.7154 -0.5338
vn 0.4121 -0.6957 -0.5884
vn 0.4610 -0.3496 -0.8157
vn 0.3942 -0.3000 -0.8687
vn 0.3995 -0.1010 -0.9111
vn 0.4808 -0.1301 -0.8671
vn 0.3767 -0.6622 -0.6478
vn 0.3404 -0.6112 -0.7145
vn 0.4808 -0.0144 -0.8767
vn 0.5661 -0.0248 -0.8240
vn 0.3945 -0.0007 -0.9189
vn 0.3906 0.0509 -0.9191
vn 0.4786 0.0441 -0.8769
vn 0.5654 0.0382 -0.8239
vn 0.6489 -0.0326 -0.7602
vn 0.7262 -0.0388 -0.6864
vn 0.6493 0.0327 -0.7599
vn 0.7273 0.0273 -0.6858
vn -0.1462 -0.1246 -0.9814
vn -0.2585 -0.1761 -0.9498
vn -0.2494 -0.0312 -0.9679
vn -0.1391 -0.0022 -0.9903
vn -0.0191 -0.1043 -0.9944
vn -0.0193 0.0093 -0.9998
vn -0.0174 -0.3726 -0.9278
vn -0.1447 -0.3997 -0.9051
vn -0.2477 -0.4658 -0.8495
vn -0.3526 -0.2417 -0.9040
vn -0.4280 -0.3047 -0.8509
vn -0.4356 -0.1053 -0.8939
vn -0.3484 -0.0687 -0.9348
vn -0.3211 -0.5441 -0.7752
vn -0.3678 -0.6134 -0.6989
vn -0.3404 0.0138 -0.9402
vn -0.2410 0.0314 -0.9700
vn -0.4313 -0.0035 -0.9022
vn -0.4276 0.0494 -0.9026
vn -0.3355 0.0577 -0.9403
vn -0.2364 0.0659 -0.9694
vn -0.1336 0.0450 -0.9900
vn -0.0194 0.0504 -0.9985
vn -0.1307 0.0722 -0.9888
vn -0.0194 0.0747 -0.9970
vn -0.7405 -0.4226 -0.5226
vn -0.7828 -0.4242 -0.4553
vn -0.8527 -0.1838 -0.4890
vn -0.8067 -0.1805 -0.5627
vn -0.6870 -0.4186 -0.5940
vn -0.7473 -0.1761 -0.6407
vn -0.5168 -0.7257 -0.4542
vn -0.5548 -0.7292 -0.4007
vn -0.5866 -0.7300 -0.3508
vn -0.8204 -0.4267 -0.3807
vn -0.8541 -0.4331 -0.2879
vn -0.9300 -0.1986 -0.3094
vn -0.8931 -0.1888 -0.4083
vn -0.6164 -0.7302 -0.2947
vn -0.6427 -0.7329 -0.2234
vn -0.9090 -0.0573 -0.4129
vn -0.8679 -0.0510 -0.4942
vn -0.9468 -0.0685 -0.3145
vn -0.9485 -0.0035 -0.3168
vn -0.9107 0.0078 -0.4129
vn -0.8697 0.0144 -0.4934
vn -0.8209 -0.0466 -0.5692
vn -0.7599 -0.0417 -0.6487
vn -0.8224 0.0195 -0.5686
vn -0.7610 0.0247 -0.6483
vn -0.8206 -0.5346 0.2020
vn -0.7688 -0.5481 0.3294
vn -0.8827 -0.2744 0.3816
vn -0.9282 -0.2930 0.2293
vn -0.8534 -0.5115 0.1004
vn -0.9532 -0.2811 0.1116
vn -0.6196 -0.7817 0.0709
vn -0.5845 -0.7989 0.1418
vn -0.5343 -0.8141 0.2275
vn -0.6945 -0.5492 0.4648
vn -0.5955 -0.5360 0.5984
vn -0.6940 -0.1775 0.6978
vn -0.8074 -0.2286 0.5439
vn -0.4706 -0.8241 0.3151
vn -0.3974 -0.8257 0.4004
vn -0.8244 0.0306 0.5652
vn -0.9136 -0.0690 0.4006
vn -0.6947 0.1296 0.7075
vn -0.6487 0.3416 0.6801
vn -0.7969 0.2085 0.5671
vn -0.9071 0.0859 0.4120
vn -0.9632 -0.1247 0.2382
vn -0.9688 0.0061 0.2479
vn -0.9925 -0.0317 0.1178
vn -0.9846 -0.1335 0.1133
vn -0.4719 -0.5125 0.7174
vn -0.3132 -0.8208 0.4777
vn -0.2117 -0.8144 0.5404
vn -0.3199 -0.4904 0.8107
vn -0.5447 -0.1314 0.8283
vn -0.3657 -0.0917 0.9262
vn -0.1466 -0.4786 0.8657
vn -0.0954 -0.8102 0.5783
vn 0.0223 -0.4758 0.8793
vn 0.0174 -0.8086 0.5882
vn 0.0229 -0.0586 0.9980
vn -0.1683 -0.0656 0.9836
vn -0.1648 0.2755 0.9471
vn -0.1467 0.5231 0.8395
vn -0.3199 0.4953 0.8077
vn -0.3582 0.2429 0.9015
vn 0.0205 0.2853 0.9582
vn 0.0169 0.5301 0.8478
vn -0.5370 0.1970 0.8202
vn -0.4868 0.4394 0.7550
vn 0.1760 -0.4782 0.8604
vn 0.1191 -0.8089 0.5758
vn 0.2146 -0.8104 0.5452
vn 0.3197 -0.4874 0.8126
vn 0.1979 -0.0688 0.9778
vn 0.3627 -0.0969 0.9269
vn 0.4573 -0.5079 0.7300
vn 0.3078 -0.8139 0.4928
vn 0.5887 -0.5350 0.6060
vn 0.4006 -0.8177 0.4135
vn 0.6820 -0.1999 0.7035
vn 0.5246 -0.1427 0.8393
vn 0.5196 0.1691 0.8375
vn 0.4752 0.4061 0.7806
vn 0.3163 0.4787 0.8190
vn 0.3543 0.2290 0.9067
vn 0.6882 0.0890 0.7201
vn 0.6489 0.2994 0.6995
vn 0.1908 0.2694 0.9439
vn 0.1676 0.5180 0.8388
vn 0.6948 -0.5508 0.4625
vn 0.8037 -0.2520 0.5390
vn 0.4809 -0.8162 0.3202
vn 0.5408 -0.8057 0.2417
vn 0.7653 -0.5455 0.3416
vn 0.8750 -0.2821 0.3933
vn 0.9526 -0.1179 0.2806
vn 0.9197 -0.2874 0.2677
vn 0.9561 0.0109 0.2927
vn 0.8996 0.0743 0.4304
vn 0.9060 -0.0785 0.4160
vn 0.2812 -0.9304 -0.2352
vn 0.3001 -0.9312 -0.2072
vn 0.0988 -0.9917 -0.0824
vn 0.0944 -0.9912 -0.0926
vn 0.2620 -0.9282 -0.2641
vn 0.0917 -0.9904 -0.1030
vn 0.5356 -0.7291 -0.4261
vn 0.5729 -0.7298 -0.3731
vn 0.3172 -0.9315 -0.1779
vn 0.3304 -0.9325 -0.1459
vn 0.1067 -0.9925 -0.0591
vn 0.1034 -0.9921 -0.0713
vn 0.6049 -0.7299 -0.3185
vn -0.0018 -0.9998 -0.0173
vn -0.0005 -0.9998 -0.0191
vn -0.0031 -0.9999 -0.0155
vn -0.0404 -0.9992 0.0013
vn -0.0380 -0.9993 0.0036
vn -0.0350 -0.9994 0.0059
vn 0.0019 -0.9998 -0.0200
vn 0.0064 -0.9998 -0.0200
vn -0.0309 -0.9995 0.0093
vn -0.0246 -0.9996 0.0151
vn 0.2997 -0.9500 0.0875
vn 0.0927 -0.9953 0.0266
vn 0.1008 -0.9948 0.0136
vn 0.3228 -0.9452 0.0484
vn 0.5885 -0.7900 0.1718
vn 0.2718 -0.9546 0.1215
vn 0.0835 -0.9958 0.0374
vn -0.0080 -1.0000 -0.0047
vn 0.0730 -0.9961 0.0496
vn 0.0596 -0.9961 0.0648
vn -0.0066 -1.0000 -0.0034
vn -0.0346 -0.9991 -0.0251
vn -0.0283 -0.9992 -0.0296
vn -0.0389 -0.9990 -0.0203
vn -0.0088 -1.0000 -0.0047
vn 0.1470 -0.9602 0.2374
vn 0.1028 -0.9594 0.2627
vn 0.0342 -0.9954 0.0899
vn 0.0458 -0.9959 0.0784
vn 0.1946 -0.9600 0.2014
vn 0.0035 -1.0000 0.0063
vn 0.0041 -0.9999 0.0098
vn 0.0034 -0.9996 -0.0294
vn -0.0030 -0.9995 -0.0323
vn 0.0001 -1.0000 0.0018
vn -0.0114 -0.9994 -0.0339
vn 0.0221 -0.9948 0.0993
vn 0.0065 -0.9945 0.1042
vn -0.0040 -1.0000 -0.0014
vn -0.0203 -0.9993 -0.0329
vn -0.0435 -0.9586 0.2813
vn -0.0997 -0.9604 0.2602
vn -0.0129 -0.9947 0.1016
vn -0.0325 -0.9953 0.0915
vn 0.0110 -0.9578 0.2874
vn -0.1487 -0.9621 0.2284
vn -0.1902 -0.9627 0.1922
vn -0.0479 -0.9959 0.0771
vn -0.0594 -0.9963 0.0624
vn 0.0023 -1.0000 0.0005
vn 0.0210 -0.9993 -0.0308
vn 0.0137 -0.9995 -0.0293
vn 0.0010 -1.0000 0.0058
vn 0.0056 -1.0000 -0.0030
vn 0.0287 -0.9992 -0.0295
vn 0.0023 -1.0000 0.0096
vn 0.0082 -0.9996 -0.0280
vn -0.2281 -0.9616 0.1528
vn -0.2636 -0.9582 0.1108
vn -0.0808 -0.9962 0.0327
vn -0.0699 -0.9964 0.0478
vn -0.2935 -0.9535 0.0683
vn -0.0905 -0.9957 0.0176
vn -0.3157 -0.9483 0.0327
vn -0.0980 -0.9952 0.0055
vn 0.0088 -0.9999 -0.0079
vn 0.0089 -0.9999 -0.0065
vn 0.0083 -0.9999 -0.0083
vn 0.0437 -0.9989 -0.0139
vn 0.0422 -0.9989 -0.0181
vn 0.0395 -0.9990 -0.0220
vn 0.0081 -1.0000 -0.0049
vn 0.0351 -0.9990 -0.0259
vn -0.3444 -0.9353 -0.0814
vn -0.3366 -0.9332 -0.1257
vn -0.1072 -0.9929 -0.0511
vn -0.1094 -0.9934 -0.0343
vn -0.3429 -0.9386 -0.0386
vn -0.1083 -0.9939 -0.0187
vn -0.6584 -0.7498 -0.0652
vn -0.6580 -0.7392 -0.1435
vn 0.0050 -0.9999 -0.0111
vn 0.0060 -0.9999 -0.0092
vn 0.0044 -0.9999 -0.0141
vn 0.0417 -0.9991 -0.0004
vn 0.0431 -0.9991 -0.0029
vn 0.0440 -0.9990 -0.0060
vn -0.2588 -0.9242 -0.2808
vn -0.2486 -0.9154 -0.3166
vn -0.0988 -0.9877 -0.1212
vn -0.0945 -0.9898 -0.1070
vn -0.2738 -0.9289 -0.2495
vn -0.0937 -0.9910 -0.0958
vn -0.4763 -0.7165 -0.5096
vn -0.4384 -0.6974 -0.5669
vn -0.2422 -0.9004 -0.3614
vn -0.2368 -0.8765 -0.4191
vn -0.1113 -0.9793 -0.1692
vn -0.1053 -0.9844 -0.1411
vn -0.4030 -0.6643 -0.6295
vn -0.0304 -0.9993 -0.0221
vn -0.0199 -0.9996 -0.0176
vn -0.0402 -0.9987 -0.0321
vn -0.0082 -0.9994 0.0330
vn 0.0019 -0.9995 0.0330
vn 0.0120 -0.9995 0.0283
vn -0.0106 -0.9998 -0.0167
vn -0.0039 -0.9998 -0.0173
vn 0.0209 -0.9996 0.0214
vn 0.0281 -0.9995 0.0143
vn 0.0898 -0.7534 -0.6515
vn 0.1638 -0.7938 -0.5858
vn 0.0899 -0.9611 -0.2613
vn 0.0524 -0.9526 -0.2996
vn -0.0121 -0.7368 -0.6760
vn -0.0049 -0.9491 -0.3151
vn 0.1108 -0.3982 -0.9106
vn 0.2157 -0.4635 -0.8594
vn 0.2054 -0.8387 -0.5043
vn 0.1066 -0.9704 -0.2168
vn 0.2916 -0.5417 -0.7884
vn 0.2213 -0.8751 -0.4304
vn 0.1074 -0.9780 -0.1786
vn 0.0492 -0.9970 -0.0604
vn 0.0443 -0.9981 -0.0437
vn 0.0264 -0.9996 0.0073
vn 0.0173 -0.9997 0.0197
vn 0.0266 -0.9996 -0.0073
vn 0.0443 -0.9959 -0.0783
vn 0.0275 -0.9954 -0.0920
vn -0.0007 -0.9954 -0.0963
vn 0.0167 -0.9998 -0.0142
vn 0.0001 -0.9999 -0.0115
vn -0.0315 -0.9993 0.0176
vn -0.0348 -0.9993 0.0120
vn -0.0213 -0.9997 0.0137
vn -0.0194 -0.9996 0.0210
vn -0.0267 -0.9993 0.0271
vn -0.0168 -0.9993 0.0329
vn -0.0371 -0.9993 0.0083
vn -0.0389 -0.9992 0.0048
vn -0.0233 -0.9997 0.0053
vn -0.0225 -0.9997 0.0091
vn -0.0382 -0.9991 -0.0168
vn -0.0212 -0.9997 -0.0154
vn -0.0226 -0.9997 -0.0104
vn -0.0401 -0.9991 -0.0115
vn -0.0418 -0.9990 -0.0154
vn -0.0435 -0.9990 -0.0108
vn -0.0353 -0.9991 -0.0223
vn -0.0190 -0.9996 -0.0207
vn -0.0181 -0.9990 -0.0401
vn -0.0103 -0.9990 -0.0440
vn -0.0028 -0.9990 -0.0446
vn -0.0075 -0.9992 -0.0391
vn -0.0253 -0.9991 -0.0344
vn -0.0121 -0.9994 -0.0327
vn -0.0029 -0.9990 -0.0456
vn 0.0036 -0.9990 -0.0451
vn 0.0057 -0.9987 -0.0501
vn 0.0015 -0.9988 -0.0486
vn 0.0105 -0.9990 -0.0440
vn 0.0176 -0.9989 -0.0431
vn 0.0111 -0.9987 -0.0493
vn 0.0164 -0.9987 -0.0484
vn 0.0240 -0.9988 -0.0418
vn 0.0300 -0.9988 -0.0376
vn 0.0196 -0.9988 -0.0455
vn 0.0215 -0.9990 -0.0401
vn 0.0348 -0.9989 -0.0316
vn 0.0382 -0.9989 -0.0260
vn 0.0245 -0.9993 -0.0274
vn 0.0233 -0.9992 -0.0334
vn 0.0402 -0.9990 -0.0207
vn 0.0251 -0.9994 -0.0218
vn 0.0413 -0.9990 -0.0155
vn 0.0251 -0.9995 -0.0166
vn 0.0403 -0.9992 -0.0020
vn 0.0391 -0.9992 0.0016
vn 0.0222 -0.9998 0.0007
vn 0.0231 -0.9997 -0.0030
vn 0.0411 -0.9991 -0.0061
vn 0.0239 -0.9997 -0.0072
vn 0.0234 -0.9992 0.0313
vn 0.0172 -0.9989 0.0427
vn 0.0104 -0.9990 0.0433
vn 0.0135 -0.9995 0.0302
vn 0.0284 -0.9994 0.0213
vn 0.0160 -0.9997 0.0199
vn 0.0099 -0.9985 0.0535
vn 0.0015 -0.9981 0.0612
vn 0.0014 -0.9974 0.0714
vn 0.0064 -0.9983 0.0577
vn 0.0096 -0.9997 0.0240
vn 0.0180 -0.9994 0.0303
vn 0.0108 -0.9984 0.0549
vn 0.0039 -0.9985 0.0544
vn -0.0011 -0.9996 0.0289
vn -0.0021 -0.9986 0.0523
vn 0.0176 -0.9988 0.0455
vn 0.0098 -0.9974 0.0717
vn 0.0080 -0.9985 0.0541
vn 0.0047 -0.9970 0.0769
vn 0.8059 0.5651 0.1766
vn 0.8390 0.5438 0.0171
vn 0.6338 0.7660 0.1077
vn 0.6026 0.7616 0.2384
vn 0.7395 0.5963 0.3123
vn 0.5477 0.7630 0.3434
vn 0.8690 0.4159 0.2682
vn 0.9235 0.3658 0.1156
vn 0.9402 0.3366 -0.0518
vn 0.8365 0.5310 -0.1352
vn 0.6399 0.7681 -0.0246
vn 0.9244 0.3216 -0.2049
vn 0.8944 0.3163 -0.3162
vn 0.8127 0.5268 -0.2488
vn 0.6274 0.7677 -0.1306
vn 0.3704 0.9237 0.0976
vn 0.3660 0.9306 0.0112
vn 0.1397 0.9725 0.1864
vn 0.1306 0.9835 0.1254
vn 0.1405 0.9585 0.2482
vn 0.3656 0.9104 0.1936
vn 0.5528 0.5443 -0.6310
vn 0.6220 0.5406 -0.5664
vn 0.6924 0.3296 -0.6418
vn 0.6169 0.3341 -0.7126
vn 0.4782 0.5470 -0.6871
vn 0.5354 0.3376 -0.7742
vn 0.3569 0.7843 -0.5074
vn 0.4156 0.7825 -0.4637
vn 0.4703 0.7799 -0.4130
vn 0.4000 0.5498 -0.7333
vn 0.3188 0.5538 -0.7692
vn 0.2293 0.7894 -0.5694
vn 0.2948 0.7863 -0.5430
vn 0.4504 0.3409 -0.8252
vn 0.3630 0.3448 -0.8656
vn 0.1501 0.9474 -0.2827
vn 0.0186 0.9987 -0.0479
vn 0.0350 0.9985 -0.0426
vn 0.1886 0.9463 -0.2626
vn 0.1088 0.9488 -0.2965
vn 0.0009 0.9987 -0.0504
vn 0.2246 0.9452 -0.2368
vn 0.0504 0.9982 -0.0340
vn 0.0651 0.9976 -0.0216
vn 0.2584 0.9438 -0.2060
vn -0.1135 0.5749 -0.8103
vn -0.1952 0.5724 -0.7964
vn -0.1446 0.8013 -0.5805
vn -0.0893 0.8040 -0.5879
vn -0.0281 0.5745 -0.8181
vn -0.0309 0.8042 -0.5935
vn -0.0244 0.3626 -0.9316
vn -0.1244 0.3628 -0.9235
vn -0.2202 0.3606 -0.9064
vn -0.2734 0.5679 -0.7763
vn -0.3485 0.5620 -0.7501
vn -0.2522 0.7903 -0.5584
vn -0.1986 0.7967 -0.5708
vn -0.3113 0.3569 -0.8807
vn -0.3975 0.3523 -0.8472
vn -0.1013 0.9469 -0.3053
vn -0.0177 0.9968 -0.0777
vn -0.0194 0.9975 -0.0685
vn -0.0779 0.9498 -0.3031
vn -0.1261 0.9434 -0.3067
vn -0.0156 0.9965 -0.0821
vn -0.0548 0.9519 -0.3013
vn -0.0221 0.9981 -0.0571
vn -0.0260 0.9985 -0.0482
vn -0.0303 0.9530 -0.3014
vn -0.7009 0.5369 -0.4695
vn -0.6420 0.5411 -0.5432
vn -0.7197 0.3307 -0.6105
vn -0.7818 0.3251 -0.5321
vn -0.7487 0.5339 -0.3929
vn -0.8309 0.3212 -0.4544
vn -0.5714 0.7737 -0.2736
vn -0.5307 0.7751 -0.3430
vn -0.4832 0.7758 -0.4059
vn -0.7896 0.5344 -0.3017
vn -0.8197 0.5425 -0.1835
vn -0.6301 0.7735 -0.0688
vn -0.6071 0.7726 -0.1859
vn -0.8731 0.3211 -0.3670
vn -0.9087 0.3285 -0.2576
vn -0.3521 0.9349 -0.0437
vn -0.3249 0.9384 -0.1180
vn -0.3711 0.9268 0.0576
vn -0.1356 0.9782 0.1573
vn -0.1183 0.9900 0.0769
vn -0.1005 0.9947 0.0195
vn -0.2973 0.9389 -0.1734
vn -0.0861 0.9961 -0.0210
vn -0.0687 0.9964 -0.0496
vn -0.2675 0.9382 -0.2196
vn 0.1282 0.9913 0.0306
vn 0.0498 0.9980 0.0379
vn 0.2295 0.9732 0.0139
vn 0.3448 0.9385 0.0167
vn 0.1997 0.9795 0.0250
vn 0.4111 0.9108 0.0388
vn 0.0488 0.9974 0.0530
vn -0.0068 0.9970 0.0766
vn -0.0450 0.9956 0.0816
vn 0.5952 0.8025 0.0422
vn 0.6283 0.7729 0.0883
vn 0.4786 0.8778 0.0186
vn 0.7176 0.6954 0.0374
vn 0.7967 0.5998 0.0749
vn 0.7888 0.5999 0.1335
vn -0.2902 0.7912 0.5383
vn -0.3612 0.7074 0.6075
vn -0.2105 0.7883 0.5781
vn -0.1584 0.8624 0.4809
vn -0.1871 0.8858 0.4246
vn -0.1046 0.9199 0.3780
vn -0.3365 0.8004 0.4961
vn -0.4512 0.6884 0.5679
vn -0.5316 0.5879 0.6098
vn -0.0671 0.8909 0.4491
vn -0.0910 0.8212 0.5634
vn 0.0092 0.8282 0.5604
vn 0.0062 0.8971 0.4418
vn -0.0504 0.9274 0.3706
vn 0.0045 0.9283 0.3718
vn -0.0639 0.9901 0.1253
vn -0.0645 0.9839 0.1665
vn -0.0652 0.9861 0.1529
vn -0.0757 0.9896 0.1220
vn -0.0339 0.9938 0.1058
vn -0.0547 0.9848 0.1648
vn 0.0735 0.8932 0.4435
vn 0.1009 0.8231 0.5589
vn 0.2004 0.7908 0.5783
vn 0.1489 0.8671 0.4753
vn 0.0569 0.9258 0.3737
vn 0.1134 0.9073 0.4048
vn 0.2644 0.8007 0.5376
vn 0.3374 0.7105 0.6175
vn 0.5171 0.5875 0.6225
vn 0.4294 0.6965 0.5749
vn 0.2050 0.8573 0.4722
vn 0.3448 0.7767 0.5270
vn 0.0327 0.9945 0.0996
vn 0.0576 0.9923 0.1098
vn 0.0574 0.9876 0.1463
vn 0.0531 0.9866 0.1545
vn -0.0284 0.9987 0.0417
vn 0.0341 0.9900 0.1367
vn -0.1978 0.9791 -0.0472
vn -0.0884 0.9959 0.0189
vn -0.0048 0.9988 0.0497
vn 0.6063 0.5762 0.5481
vn 0.5079 0.6811 0.5274
vn 0.6925 0.4532 0.5612
vn 0.8238 0.3326 0.4590
vn 0.7530 0.4581 0.4723
vn 0.6570 0.5821 0.4791
vn -0.7340 0.6752 0.0734
vn -0.7962 0.5832 0.1614
vn -0.4664 0.8781 0.1066
vn -0.3956 0.9170 0.0512
vn -0.6086 0.7934 0.0105
vn -0.2890 0.9572 0.0171
vn -0.8155 0.5787 0.0090
vn -0.8987 0.4292 0.0898
vn -0.9272 0.3252 0.1860
vn -0.8187 0.5138 0.2564
vn -0.5077 0.8445 0.1708
vn -0.9222 0.2600 0.2862
vn -0.8988 0.2199 0.3791
vn -0.8125 0.4686 0.3467
vn -0.5217 0.8203 0.2344
vn -0.1653 0.9839 0.0680
vn -0.1778 0.9797 0.0927
vn -0.0168 0.9996 0.0211
vn -0.0230 0.9994 0.0266
vn -0.0071 0.9998 0.0173
vn -0.1409 0.9890 0.0454
vn -0.1051 0.9941 0.0284
vn -0.0603 0.9980 0.0194
vn 0.0059 0.9999 0.0158
vn 0.0202 0.9997 0.0168
vn -0.6014 0.4208 0.6791
vn -0.4001 0.7905 0.4637
vn -0.4406 0.7905 0.4254
vn -0.6605 0.4226 0.6206
vn -0.6563 0.1729 0.7345
vn -0.7208 0.1767 0.6702
vn -0.5788 0.1689 0.7978
vn -0.5301 0.4199 0.7367
vn -0.3509 0.7918 0.4999
vn -0.4468 0.4206 0.7896
vn -0.3514 0.4253 0.8341
vn -0.2271 0.7987 0.5573
vn -0.2934 0.7941 0.5322
vn -0.4891 0.1660 0.8563
vn -0.3874 0.1660 0.9069
vn -0.1021 0.9735 0.2046
vn -0.1249 0.9726 0.1960
vn -0.0765 0.9745 0.2108
vn -0.0087 0.9986 0.0518
vn -0.0138 0.9985 0.0523
vn -0.0191 0.9984 0.0534
vn -0.1457 0.9718 0.1857
vn -0.0260 0.9982 0.0544
vn -0.0326 0.9981 0.0516
vn -0.1630 0.9715 0.1720
vn 0.1034 0.4428 0.8906
vn 0.1199 0.1723 0.9777
vn 0.2157 0.1616 0.9630
vn 0.1908 0.4260 0.8844
vn 0.0629 0.8089 0.5845
vn 0.1189 0.8018 0.5856
vn 0.0129 0.8151 0.5792
vn 0.0226 0.4567 0.8893
vn 0.0272 0.1806 0.9832
vn 0.2860 0.4179 0.8623
vn 0.3175 0.1558 0.9354
vn 0.4258 0.1571 0.8911
vn 0.3884 0.4184 0.8210
vn 0.1826 0.7970 0.5758
vn 0.2535 0.7950 0.5511
vn 0.0601 0.9738 0.2193
vn 0.0375 0.9750 0.2191
vn 0.0892 0.9728 0.2136
vn 0.0157 0.9980 0.0605
vn 0.0068 0.9982 0.0604
vn 0.0024 0.9984 0.0564
vn 0.0198 0.9756 0.2188
vn 0.0034 0.9761 0.2175
vn 0.0010 0.9986 0.0536
vn -0.0006 0.9986 0.0521
vn 0.7355 0.4311 0.5226
vn 0.8046 0.1827 0.5649
vn 0.8454 0.1855 0.5008
vn 0.7721 0.4339 0.4644
vn 0.4847 0.7992 0.3554
vn 0.5073 0.8013 0.3171
vn 0.4554 0.7988 0.3930
vn 0.6906 0.4304 0.5812
vn 0.7551 0.1808 0.6301
vn 0.8062 0.4419 0.3933
vn 0.8349 0.4623 0.2987
vn 0.5374 0.8184 0.2034
vn 0.5268 0.8062 0.2692
vn 0.8851 0.1920 0.4239
vn 0.9229 0.2084 0.3238
vn 0.1823 0.9774 0.1075
vn 0.1770 0.9762 0.1252
vn 0.1832 0.9796 0.0822
vn 0.0238 0.9994 0.0256
vn 0.0244 0.9992 0.0311
vn 0.0245 0.9991 0.0345
vn 0.1704 0.9755 0.1389
vn 0.1611 0.9751 0.1522
vn 0.0249 0.9990 0.0369
vn 0.0249 0.9989 0.0395
vn 0.2953 0.9552 0.0174
vn 0.0997 0.9947 0.0252
vn 0.0087 0.9995 0.0314
vn 0.1106 0.9936 0.0224
vn 0.5181 0.8550 0.0244
vn 0.2423 0.9699 0.0227
vn -0.0169 0.9987 0.0476
vn -0.0648 0.9949 0.0778
vn -0.0629 0.9960 0.0637
vn -0.0457 0.9979 0.0463
vn -0.0479 0.9981 0.0380
vn -0.0301 0.9991 0.0296
vn -0.0510 0.9976 0.0471
vn -0.0421 0.9984 0.0366
vn -0.0442 0.9985 0.0315
vn -0.0408 0.9988 0.0260
vn 0.0059 0.9997 0.0233
vn -0.0297 0.9993 0.0207
vn -0.0134 0.9998 0.0170
vn 0.0542 0.9983 0.0205
vn -0.0732 0.9918 0.1050
vn -0.0584 0.9902 0.1269
vn -0.0606 0.9950 0.0797
vn -0.0466 0.9945 0.0934
vn -0.0195 0.9974 0.0693
vn -0.0160 0.9986 0.0497
vn -0.0278 0.9985 0.0462
vn -0.0350 0.9974 0.0636
vn -0.0250 0.9944 0.1028
vn -0.0000 0.9944 0.1055
vn -0.0010 0.9975 0.0713
vn -0.0012 0.9987 0.0513
vn -0.0458 0.9974 0.0558
vn -0.0365 0.9985 0.0415
vn 0.0303 0.9899 0.1383
vn 0.0347 0.9851 0.1685
vn 0.0525 0.9910 0.1229
vn 0.0235 0.9946 0.1009
vn 0.0423 0.9949 0.0914
vn 0.0009 0.9894 0.1452
vn 0.0015 0.9841 0.1777
vn 0.0629 0.9930 0.0999
vn 0.0462 0.9967 0.0664
vn 0.0550 0.9954 0.0783
vn 0.0568 0.9965 0.0610
vn 0.0432 0.9975 0.0559
vn 0.0319 0.9975 0.0633
vn 0.0492 0.9977 0.0466
vn 0.0425 0.9984 0.0375
vn 0.0359 0.9984 0.0429
vn 0.0261 0.9985 0.0472
vn 0.0171 0.9975 0.0688
vn 0.0137 0.9986 0.0503
vn -0.0269 0.9993 0.0255
vn -0.1873 0.9823 -0.0046
vn -0.0353 0.9991 0.0224
vn 0.0347 0.9986 0.0408
vn -0.1826 0.9827 -0.0296
vn -0.4289 0.9005 -0.0720
vn -0.4076 0.9131 -0.0123
vn -0.1570 0.9875 0.0108
vn -0.6563 0.7528 -0.0496
vn -0.0133 0.9997 0.0201
vn 0.0250 0.9993 0.0269
vn 0.0331 0.9992 0.0206
vn 0.0418 0.9988 0.0259
vn 0.0454 0.9983 0.0362
vn 0.0448 0.9985 0.0316
vn -0.3018 0.8923 0.3357
vn -0.1044 0.9256 0.3638
vn -0.1295 0.9399 0.3158
vn -0.3440 0.9010 0.2643
vn -0.5439 0.7899 0.2833
vn -0.5953 0.7823 0.1834
vn -0.4824 0.8004 0.3558
vn -0.2455 0.8935 0.3761
vn -0.0646 0.9225 0.3806
vn 0.6060 0.7823 0.1438
vn 0.5287 0.8240 0.2037
vn 0.4253 0.8993 0.1019
vn 0.4368 0.8970 0.0682
vn 0.7277 0.6559 0.2004
vn 0.6102 0.7456 0.2679
vn -0.8007 0.5944 -0.0744
vn -0.6307 0.7667 -0.1202
vn -0.6851 0.7224 -0.0937
vn -0.8304 0.5549 -0.0508
vn -0.8898 0.4561 0.0128
vn -0.9069 0.4201 0.0317
vn -0.3486 0.9342 -0.0759
vn -0.4481 0.8895 -0.0895
vn 0.9990 0.0415 0.0189
vn 0.9906 0.0305 -0.1331
vn 0.9880 0.0971 -0.1205
vn 0.9924 0.1165 0.0390
vn 0.9831 0.0712 0.1686
vn 0.9675 0.1621 0.1939
vn 0.9628 0.0344 -0.2679
vn 0.9606 0.0948 -0.2614
vn 0.9293 0.0441 -0.3667
vn 0.9269 0.0984 -0.3623
vn 0.9528 0.1819 -0.2430
vn 0.9200 0.1792 -0.3485
vn 0.9770 0.1904 -0.0959
vn 0.9741 0.2152 0.0695
vn 0.9360 0.2691 0.2270
vn 0.6482 0.0751 -0.7577
vn 0.5641 0.0797 -0.8219
vn 0.5617 0.1280 -0.8174
vn 0.6458 0.1238 -0.7534
vn 0.7263 0.0700 -0.6838
vn 0.7238 0.1188 -0.6797
vn 0.4769 0.0839 -0.8750
vn 0.3882 0.0882 -0.9174
vn 0.3855 0.1352 -0.9127
vn 0.4745 0.1317 -0.8704
vn 0.4686 0.2061 -0.8590
vn 0.5555 0.2025 -0.8064
vn 0.3798 0.2097 -0.9010
vn 0.6391 0.1985 -0.7430
vn 0.7166 0.1937 -0.6701
vn -0.1293 0.0997 -0.9866
vn -0.2341 0.0966 -0.9674
vn -0.2324 0.1431 -0.9620
vn -0.1287 0.1451 -0.9810
vn -0.0197 0.1008 -0.9947
vn -0.0203 0.1457 -0.9891
vn -0.3329 0.0925 -0.9384
vn -0.4252 0.0879 -0.9008
vn -0.4224 0.1366 -0.8961
vn -0.3305 0.1401 -0.9333
vn -0.3256 0.2175 -0.9201
vn -0.2293 0.2207 -0.9480
vn -0.4161 0.2137 -0.8838
vn -0.1278 0.2227 -0.9665
vn -0.0217 0.2229 -0.9746
vn -0.8214 0.0623 -0.5669
vn -0.8689 0.0571 -0.4917
vn -0.8662 0.1069 -0.4881
vn -0.8184 0.1118 -0.5636
vn -0.7598 0.0679 -0.6466
vn -0.7566 0.1174 -0.6433
vn -0.9098 0.0510 -0.4119
vn -0.9473 0.0417 -0.3176
vn -0.9447 0.0989 -0.3126
vn -0.9073 0.1026 -0.4077
vn -0.9001 0.1814 -0.3962
vn -0.8584 0.1833 -0.4792
vn -0.9373 0.1841 -0.2959
vn -0.8099 0.1876 -0.5557
vn -0.7477 0.1934 -0.6352
vn -0.9560 0.1206 0.2676
vn -0.8776 0.2191 0.4264
vn -0.8291 0.3426 0.4418
vn -0.9264 0.2326 0.2962
vn -0.9897 0.0555 0.1323
vn -0.9752 0.1544 0.1588
vn -0.8748 0.3542 0.3305
vn -0.7612 0.4616 0.4555
vn -0.7863 0.4975 0.3662
vn -0.6706 0.5786 0.4642
vn -0.8607 0.4428 0.2515
vn -0.9398 0.2781 0.1986
vn 0.9545 0.1832 0.2352
vn 0.9319 0.1462 0.3318
vn 0.9147 0.2053 0.3480
vn 0.9308 0.2491 0.2676
vn 0.9516 0.2618 0.1609
vn 0.9220 0.3258 0.2094
vn 0.9335 0.3327 0.1334
vn 0.9437 0.2477 0.2191
vn 0.8694 0.3823 0.3129
vn 0.8499 0.4520 0.2708
vn 0.8656 0.3362 0.3711
vn 0.7528 0.5337 0.3852
vn 0.7453 0.5649 0.3541
vn 0.7191 0.6116 0.3299
vn 0.7006 0.1146 0.7042
vn 0.6944 0.1778 0.6973
vn 0.6189 0.1721 0.7664
vn 0.6229 0.1075 0.7749
vn 0.6944 0.1662 0.7002
vn 0.6162 0.1600 0.7711
vn 0.7566 0.1706 0.6313
vn 0.7629 0.1188 0.6355
vn 0.5317 0.0981 0.8412
vn 0.5292 0.1640 0.8325
vn 0.4300 0.0911 0.8982
vn 0.5254 0.1534 0.8369
vn 0.4269 0.1492 0.8919
vn 0.6724 0.2920 0.6802
vn 0.6098 0.4991 0.6156
vn 0.6631 0.4977 0.5592
vn 0.7322 0.2955 0.6136
vn 0.5968 0.2889 0.7486
vn 0.5416 0.5022 0.6741
vn -0.0693 0.0988 0.9927
vn -0.0680 0.1812 0.9811
vn -0.1713 0.1761 0.9693
vn -0.1751 0.0997 0.9795
vn -0.0690 0.1499 0.9863
vn -0.1753 0.1500 0.9730
vn 0.0282 0.1504 0.9882
vn 0.0287 0.0973 0.9948
vn -0.2846 0.0994 0.9535
vn -0.2793 0.1698 0.9451
vn -0.3926 0.0995 0.9143
vn -0.2850 0.1499 0.9468
vn -0.3914 0.1505 0.9078
vn -0.0697 0.2859 0.9557
vn -0.0709 0.5069 0.8591
vn 0.0178 0.5146 0.8572
vn 0.0252 0.2899 0.9567
vn -0.1740 0.2813 0.9437
vn -0.1667 0.4959 0.8522
vn -0.7839 0.1196 0.6093
vn -0.7758 0.1806 0.6046
vn -0.8230 0.1864 0.5365
vn -0.8313 0.1260 0.5414
vn -0.7760 0.1727 0.6067
vn -0.8218 0.1788 0.5410
vn -0.7214 0.1673 0.6720
vn -0.7283 0.1149 0.6756
vn -0.8725 0.1369 0.4691
vn -0.8646 0.1975 0.4621
vn -0.9065 0.1574 0.3917
vn -0.8604 0.1883 0.4736
vn -0.8909 0.2057 0.4048
vn -0.8235 0.3135 0.4728
vn -0.8480 0.3289 0.4156
vn -0.7400 0.5310 0.4128
vn -0.7272 0.5166 0.4520
vn -0.7896 0.3051 0.5324
vn -0.7031 0.5082 0.4974
vn -0.7473 0.2993 0.5932
vn -0.6690 0.5031 0.5471
vn -0.6253 0.4985 0.6003
vn -0.6960 0.2937 0.6552
vn 0.0160 0.9999 0.0053
vn 0.0317 0.9995 -0.0073
vn 0.0337 0.9994 -0.0060
vn 0.0195 0.9998 0.0041
vn -0.0341 0.9984 0.0446
vn -0.0310 0.9988 0.0378
vn 0.0146 0.9999 0.0074
vn 0.0302 0.9995 -0.0074
vn 0.0228 0.9997 0.0045
vn -0.0273 0.9991 0.0324
vn 0.0359 0.9994 -0.0036
vn 0.0378 0.9993 -0.0009
vn 0.0258 0.9997 0.0051
vn 0.0016 1.0000 -0.0015
vn 0.0019 0.9999 -0.0149
vn 0.0069 0.9999 -0.0148
vn 0.0054 1.0000 -0.0013
vn -0.0019 0.9987 0.0507
vn -0.0028 0.9987 0.0501
vn -0.0019 1.0000 -0.0012
vn -0.0030 0.9999 -0.0148
vn 0.0091 1.0000 -0.0007
vn 0.0121 0.9998 -0.0143
vn 0.0177 0.9998 -0.0134
vn 0.0124 0.9999 0.0003
vn -0.0047 0.9987 0.0508
vn -0.0158 0.9999 0.0021
vn -0.0256 0.9996 -0.0091
vn -0.0225 0.9997 -0.0111
vn -0.0127 0.9999 0.0019
vn 0.0247 0.9988 0.0427
vn 0.0244 0.9986 0.0473
vn -0.0184 0.9998 0.0029
vn -0.0286 0.9996 -0.0069
vn -0.0101 0.9999 0.0035
vn 0.0226 0.9983 0.0542
vn -0.0199 0.9997 -0.0123
vn -0.0182 0.9998 -0.0124
vn -0.0100 0.9999 0.0057
vn -0.0323 0.9994 0.0127
vn -0.0416 0.9991 0.0122
vn -0.0404 0.9991 0.0094
vn -0.0297 0.9995 0.0106
vn 0.0023 0.9999 0.0162
vn 0.0136 0.9998 0.0172
vn -0.0362 0.9992 0.0151
vn -0.0424 0.9990 0.0146
vn -0.0277 0.9996 0.0086
vn 0.0206 0.9996 0.0201
vn -0.0391 0.9992 0.0063
vn -0.0378 0.9993 0.0034
vn -0.0261 0.9996 0.0075
vn -0.0397 0.9989 0.0267
vn -0.0361 0.9991 0.0232
vn -0.0392 0.9990 0.0199
vn -0.0412 0.9989 0.0226
vn -0.0364 0.9989 0.0303
vn -0.0326 0.9991 0.0260
vn -0.0136 0.9991 0.0397
vn -0.0114 0.9994 0.0333
vn -0.0208 0.9993 0.0312
vn -0.0237 0.9990 0.0371
vn -0.0006 0.9992 0.0410
vn 0.0006 0.9994 0.0347
vn -0.0313 0.9989 0.0338
vn -0.0277 0.9992 0.0286
vn 0.0322 0.9988 0.0361
vn 0.0314 0.9990 0.0321
vn 0.0234 0.9992 0.0337
vn 0.0236 0.9990 0.0389
vn 0.0382 0.9987 0.0325
vn 0.0361 0.9989 0.0305
vn 0.0126 0.9991 0.0407
vn 0.0130 0.9993 0.0349
vn 0.0414 0.9990 0.0191
vn 0.0408 0.9990 0.0190
vn 0.0395 0.9989 0.0238
vn 0.0420 0.9988 0.0239
vn 0.0390 0.9991 0.0146
vn 0.0414 0.9990 0.0143
vn 0.0411 0.9988 0.0284
vn 0.0379 0.9989 0.0278
vn -0.1085 0.9835 0.1450
vn -0.3172 0.8991 0.3018
vn -0.3243 0.8989 0.2947
vn -0.1027 0.9819 0.1593
vn 0.0812 0.9967 -0.0018
vn 0.0994 0.9946 0.0291
vn -0.1095 0.9838 0.1419
vn -0.3020 0.8985 0.3184
vn -0.5173 0.7306 0.4457
vn -0.5384 0.7333 0.4152
vn -0.4865 0.7283 0.4826
vn -0.5489 0.7385 0.3917
vn -0.5490 0.7465 0.3759
vn -0.3166 0.8979 0.3058
vn -0.3239 0.8985 0.2964
vn -0.0938 0.9784 0.1842
vn 0.1168 0.9906 0.0717
vn -0.0816 0.9727 0.2174
vn -0.0686 0.7437 0.6650
vn -0.1456 0.7312 0.6665
vn -0.0605 0.9042 0.4227
vn -0.1114 0.8976 0.4264
vn -0.0064 0.9104 0.4136
vn 0.0063 0.7524 0.6586
vn 0.1272 0.9858 0.1101
vn 0.3126 0.9017 0.2986
vn 0.2807 0.9036 0.3236
vn 0.1248 0.9848 0.1206
vn -0.0472 0.9968 -0.0651
vn -0.0274 0.9969 -0.0739
vn 0.1181 0.9872 0.1069
vn 0.3284 0.9016 0.2816
vn 0.4839 0.7316 0.4803
vn 0.4286 0.7382 0.5209
vn 0.5236 0.7270 0.4443
vn 0.5451 0.7538 0.3669
vn 0.3049 0.8878 0.3447
vn 0.2912 0.8819 0.3708
vn 0.5216 0.7705 0.3664
vn 0.5583 0.7445 0.3661
vn 0.3186 0.8951 0.3118
vn 0.0676 0.9519 0.2989
vn -0.1406 0.9598 0.2430
vn 0.0655 0.9345 0.3499
vn 0.0786 0.9683 0.2373
vn -0.8761 -0.4451 -0.1851
vn -0.8824 -0.4631 -0.0833
vn -0.9677 -0.2350 -0.0910
vn -0.9560 -0.2143 -0.2001
vn -0.9749 -0.0852 -0.2056
vn -0.9899 -0.1045 -0.0956
vn -0.9945 -0.0338 -0.0989
vn -0.9776 -0.0189 -0.2095
vn -0.3221 -0.9322 -0.1649
vn -0.3059 -0.9319 -0.1948
vn -0.0983 -0.9922 -0.0770
vn -0.1028 -0.9925 -0.0661
vn -0.2904 -0.9310 -0.2210
vn -0.0953 -0.9917 -0.0861
vn 0.0004 -0.9998 -0.0181
vn 0.0029 -0.9998 -0.0179
vn 0.0334 -0.9994 0.0083
vn 0.0371 -0.9993 0.0045
vn 0.0039 -0.9999 -0.0166
vn 0.0397 -0.9992 0.0020
vn 0.0374 -0.9993 0.0051
vn 0.0352 -0.9993 0.0086
vn 0.0197 -0.9998 0.0077
vn 0.0211 -0.9998 0.0042
vn 0.0323 -0.9994 0.0135
vn 0.0181 -0.9998 0.0125
vn -0.8272 0.5598 -0.0486
vn -0.8070 0.5842 0.0857
vn -0.6270 0.7766 0.0615
vn -0.9290 0.3459 -0.1314
vn -0.9283 0.3719 0.0002
vn -0.3691 0.9142 0.1675
vn 0.8400 0.5053 0.1974
vn 0.8019 0.5867 0.1130
vn 0.4694 0.8797 0.0759
vn 0.5231 0.8419 0.1326
vn 0.1727 0.9834 0.0555
vn 0.1463 0.9886 0.0357
vn -0.9770 0.0305 -0.2112
vn -0.9949 0.0226 -0.0984
vn -0.9911 0.1007 -0.0866
vn -0.9742 0.0973 -0.2038
vn -0.9644 0.1936 -0.1802
vn -0.9761 0.2099 -0.0563
vn 0.8940 0.1310 0.4286
vn 0.8542 0.1247 0.5048
vn 0.8457 0.1769 0.5036
vn 0.8823 0.1848 0.4330
vn 0.8132 0.1216 0.5692
vn 0.8062 0.1737 0.5656
vn 0.7791 0.2988 0.5512
vn 0.7021 0.5001 0.5069
vn 0.8147 0.3026 0.4947
vn 0.7287 0.5055 0.4620
vn 0.8443 0.3122 0.4356
vn 0.7459 0.5156 0.4216
vn -0.0208 0.9998 0.0041
vn -0.0229 0.9997 0.0055
vn -0.0338 0.9994 -0.0019
vn -0.0313 0.9995 -0.0044
vn -0.0247 0.9997 0.0067
vn -0.0360 0.9994 0.0007
vn 0.5641 0.7381 0.3702
vn 0.5611 0.7319 0.3865
vn 0.3374 0.9010 0.2727
vn 0.3314 0.8998 0.2837
vn 0.0942 0.9791 0.1800
vn 0.1050 0.9842 0.1423
vn -0.4947 -0.3546 -0.7935
vn -0.5606 -0.3887 -0.7312
vn -0.5988 -0.1557 -0.7856
vn -0.5176 -0.1349 -0.8449
vn -0.6254 -0.4088 -0.6647
vn -0.6765 -0.1687 -0.7168
vn -0.6865 -0.0359 -0.7263
vn -0.6047 -0.0282 -0.7960
vn -0.6868 0.0302 -0.7262
vn -0.6040 0.0359 -0.7962
vn -0.5185 -0.0176 -0.8549
vn -0.5163 0.0422 -0.8554
vn -0.2227 -0.8410 -0.4930
vn -0.1840 -0.7966 -0.5758
vn -0.0971 -0.9624 -0.2536
vn -0.1117 -0.9718 -0.2075
vn -0.1129 -0.7553 -0.6456
vn -0.0614 -0.9534 -0.2955
vn -0.0284 -0.9958 -0.0865
vn -0.0435 -0.9968 -0.0677
vn -0.0148 -0.9999 -0.0003
vn -0.0202 -0.9997 0.0147
vn -0.0462 -0.9978 -0.0478
vn -0.0169 -0.9995 0.0270
vn -0.0068 -0.9980 0.0630
vn -0.0112 -0.9984 0.0556
vn -0.0060 -0.9969 0.0786
vn -0.0034 -0.9968 0.0801
vn -0.0094 -0.9991 0.0417
vn -0.0055 -0.9977 0.0671
vn -0.4235 0.5557 -0.7155
vn -0.5000 0.5498 -0.6691
vn -0.3703 0.7781 -0.5073
vn -0.3090 0.7834 -0.5393
vn -0.4818 0.3474 -0.8045
vn -0.5660 0.3420 -0.7501
vn -0.5741 0.5453 -0.6108
vn -0.4297 0.7762 -0.4614
vn -0.6465 0.3365 -0.6847
vn -0.2337 0.9377 -0.2573
vn -0.1949 0.9381 -0.2863
vn -0.1566 0.9402 -0.3026
vn -0.0166 0.9966 -0.0803
vn 0.4854 0.4226 0.7654
vn 0.5674 0.4270 0.7041
vn 0.3201 0.7959 0.5138
vn 0.3746 0.7976 0.4728
vn 0.6356 0.4296 0.6415
vn 0.4193 0.7986 0.4319
vn 0.1494 0.9747 0.1663
vn 0.1348 0.9740 0.1820
vn 0.1158 0.9731 0.1990
vn -0.5143 0.0833 -0.8535
vn -0.6023 0.0785 -0.7944
vn -0.5991 0.1283 -0.7903
vn -0.5113 0.1328 -0.8491
vn -0.6854 0.0734 -0.7244
vn -0.6821 0.1231 -0.7208
vn -0.6734 0.1994 -0.7119
vn -0.5909 0.2048 -0.7803
vn -0.5040 0.2096 -0.8379
vn 0.1240 0.0961 0.9876
vn 0.1231 0.1516 0.9808
vn 0.2222 0.1515 0.9632
vn 0.2219 0.0939 0.9705
vn 0.1180 0.2914 0.9493
vn 0.1048 0.5145 0.8510
vn 0.1955 0.5105 0.8373
vn 0.2161 0.2906 0.9321
vn -0.0054 1.0000 -0.0001
vn -0.0090 1.0000 0.0019
vn -0.0126 0.9998 -0.0139
vn -0.0078 0.9999 -0.0145
vn -0.0108 0.9999 0.0046
vn -0.0162 0.9998 -0.0132
vn 0.0801 0.7524 0.6538
vn 0.0468 0.9136 0.4039
vn 0.0955 0.9144 0.3933
vn 0.1533 0.7482 0.6456
vn 0.0104 0.9874 0.1580
vn 0.0342 0.9892 0.1422
vn -0.0180 0.9849 0.1723
vn 0.3176 -0.2378 -0.9179
vn 0.3119 -0.0653 -0.9479
vn 0.2220 -0.1734 -0.9595
vn 0.2118 -0.0290 -0.9769
vn 0.1085 -0.1232 -0.9864
vn 0.1008 -0.0011 -0.9949
vn 0.0951 0.0456 -0.9944
vn 0.2032 0.0327 -0.9786
vn 0.0920 0.0725 -0.9931
vn 0.1983 0.0666 -0.9779
vn 0.3034 0.0159 -0.9527
vn 0.2983 0.0588 -0.9527
vn 0.2276 -0.8993 -0.3733
vn 0.2346 -0.9145 -0.3297
vn 0.0958 -0.9869 -0.1297
vn 0.1018 -0.9834 -0.1502
vn 0.2457 -0.9234 -0.2950
vn 0.0920 -0.9891 -0.1148
vn 0.0137 -0.9997 -0.0207
vn 0.0235 -0.9994 -0.0239
vn -0.0161 -0.9996 0.0212
vn -0.0056 -0.9997 0.0251
vn 0.0346 -0.9989 -0.0313
vn 0.0058 -0.9997 0.0252
vn -0.0030 -0.9986 0.0531
vn -0.0121 -0.9988 0.0472
vn -0.0087 -0.9982 0.0597
vn -0.0028 -0.9975 0.0702
vn -0.0201 -0.9991 0.0380
vn -0.0132 -0.9988 0.0469
vn 0.2345 0.5594 -0.7950
vn 0.2720 0.3498 -0.8965
vn 0.1474 0.5658 -0.8113
vn 0.1760 0.3552 -0.9181
vn 0.0952 0.7985 -0.5944
vn 0.1620 0.7937 -0.5863
vn 0.0596 0.5713 -0.8186
vn 0.0307 0.8023 -0.5961
vn 0.0768 0.3599 -0.9298
vn -0.0025 0.9530 -0.3028
vn -0.0281 0.9986 -0.0451
vn -0.0244 0.9986 -0.0469
vn 0.0302 0.9520 -0.3045
vn 0.0677 0.9504 -0.3034
vn -0.0146 0.9987 -0.0497
vn -0.2503 0.4355 0.8647
vn -0.1514 0.4481 0.8811
vn -0.1579 0.8065 0.5698
vn -0.0937 0.8136 0.5739
vn -0.0595 0.4576 0.8872
vn -0.0369 0.8168 0.5757
vn -0.0128 0.9767 0.2141
vn -0.0302 0.9769 0.2115
vn -0.0511 0.9760 0.2117
vn 0.2954 0.0925 -0.9509
vn 0.2926 0.1387 -0.9461
vn 0.1956 0.0966 -0.9759
vn 0.1931 0.1420 -0.9709
vn 0.0902 0.0996 -0.9909
vn 0.0884 0.1445 -0.9855
vn 0.0849 0.2211 -0.9715
vn 0.1882 0.2178 -0.9577
vn 0.2870 0.2137 -0.9338
vn -0.4940 0.1017 0.8635
vn -0.5842 0.1057 0.8047
vn -0.5792 0.1569 0.8000
vn -0.4906 0.1528 0.8579
vn -0.6625 0.1104 0.7408
vn -0.6565 0.1620 0.7368
vn -0.4770 0.2789 0.8335
vn -0.4355 0.4851 0.7583
vn -0.3535 0.4845 0.8002
vn -0.3828 0.2773 0.8812
vn -0.5609 0.2827 0.7781
vn -0.5084 0.4888 0.7090
vn 0.0160 0.9998 0.0070
vn 0.0293 0.9995 -0.0086
vn 0.0166 0.9999 0.0044
vn 0.0269 0.9996 -0.0101
vn 0.0150 0.9999 0.0020
vn 0.0229 0.9997 -0.0119
vn -0.3484 0.7182 0.6023
vn -0.4013 0.7215 0.5643
vn -0.2280 0.8927 0.3887
vn -0.2564 0.8949 0.3652
vn -0.1958 0.8918 0.4079
vn -0.2884 0.7178 0.6337
vn -0.1073 0.9835 0.1460
vn -0.1038 0.9827 0.1531
vn -0.2811 0.8971 0.3408
vn -0.0995 0.9818 0.1615
vn -0.0944 0.9810 0.1692
vn 0.8054 -0.4257 -0.4124
vn 0.7648 -0.4236 -0.4854
vn 0.8333 -0.1824 -0.5218
vn 0.8770 -0.1870 -0.4427
vn 0.7157 -0.4216 -0.5568
vn 0.7800 -0.1784 -0.5998
vn 0.7937 -0.0442 -0.6067
vn 0.8482 -0.0492 -0.5274
vn 0.7951 0.0219 -0.6060
vn 0.8499 0.0163 -0.5267
vn 0.8926 -0.0551 -0.4476
vn 0.8943 0.0098 -0.4474
vn 0.3410 -0.9341 -0.1057
vn 0.1095 -0.9930 -0.0438
vn 0.3454 -0.9370 -0.0529
vn 0.1102 -0.9936 -0.0234
vn 0.3389 -0.9408 0.0014
vn 0.1070 -0.9943 -0.0030
vn -0.0064 -1.0000 -0.0057
vn -0.0050 -0.9999 -0.0090
vn -0.0078 -1.0000 -0.0041
vn -0.0441 -0.9990 -0.0068
vn -0.0436 -0.9990 -0.0037
vn -0.0040 -0.9999 -0.0128
vn -0.0423 -0.9991 -0.0011
vn -0.0403 -0.9992 0.0013
vn -0.0239 -0.9997 0.0019
vn -0.0411 -0.9992 -0.0025
vn -0.0241 -0.9997 -0.0018
vn -0.0410 -0.9991 -0.0067
vn -0.0236 -0.9997 -0.0059
vn 0.7798 0.5277 -0.3368
vn 0.7367 0.5313 -0.4183
vn 0.5657 0.7723 -0.2892
vn 0.6026 0.7685 -0.2150
vn 0.8590 0.3164 -0.4025
vn 0.8142 0.3196 -0.4847
vn 0.6840 0.5360 -0.4948
vn 0.7590 0.3245 -0.5644
vn 0.5207 0.7765 -0.3549
vn 0.2913 0.9418 -0.1679
vn 0.3232 0.9387 -0.1199
vn 0.3502 0.9347 -0.0608
vn -0.7876 0.4440 0.4272
vn -0.7524 0.4318 0.4975
vn -0.5158 0.8054 0.2918
vn -0.4980 0.7973 0.3409
vn -0.7104 0.4256 0.5605
vn -0.4733 0.7925 0.3846
vn -0.1743 0.9725 0.1547
vn -0.1795 0.9743 0.1360
vn -0.1813 0.9766 0.1160
vn 0.8934 0.0524 -0.4461
vn 0.8491 0.0588 -0.5249
vn 0.8467 0.1079 -0.5210
vn 0.8911 0.1029 -0.4420
vn 0.7943 0.0645 -0.6041
vn 0.7917 0.1133 -0.6003
vn 0.7843 0.1883 -0.5911
vn 0.8396 0.1833 -0.5114
vn 0.8843 0.1798 -0.4310
vn -0.9334 0.1907 0.3040
vn -0.9158 0.2352 0.3255
vn -0.9484 0.2407 0.2063
vn -0.9329 0.2753 0.2322
vn -0.9385 0.3280 0.1080
vn -0.9344 0.3303 0.1336
vn -0.8911 0.4192 0.1741
vn -0.8823 0.3893 0.2646
vn -0.8790 0.4691 0.0851
vn -0.7646 0.6239 0.1615
vn -0.7643 0.6022 0.2306
vn -0.7564 0.5808 0.3010
vn -0.8671 0.3560 0.3485
vn -0.7476 0.5544 0.3656
vn 0.0357 0.9993 0.0109
vn 0.0321 0.9995 0.0080
vn 0.0405 0.9992 0.0057
vn 0.0413 0.9991 0.0098
vn 0.0287 0.9996 0.0062
vn 0.0393 0.9992 0.0022
vn -0.5449 0.7594 0.3555
vn -0.3055 0.8989 0.3140
vn -0.5446 0.7749 0.3210
vn -0.2999 0.9007 0.3144
vn -0.5465 0.7894 0.2796
vn -0.5528 0.7993 0.2356
vn -0.3085 0.9056 0.2911
vn -0.3013 0.9029 0.3066
vn -0.0673 0.9652 0.2529
vn -0.0618 0.9562 0.2860
vn -0.0464 0.9826 0.1801
vn -0.0690 0.9812 0.1805
vn -0.0852 0.9807 0.1761
vn -0.1574 0.8932 0.4213
vn -0.2208 0.7217 0.6560
vn -0.2634 0.4878 0.8323
vn -0.2809 0.2782 0.9185
vn -0.4475 0.7253 0.5232
vn -0.5719 0.4937 0.6551
vn -0.6343 0.2880 0.7174
vn 0.1069 0.9863 0.1255
vn 0.2371 0.9075 0.3468
vn 0.1899 0.9116 0.3645
vn 0.0814 0.9887 0.1259
vn 0.3646 0.7425 0.5620
vn 0.4625 0.5046 0.7290
vn 0.3772 0.5062 0.7755
vn 0.2969 0.7444 0.5982
vn 0.5091 0.2870 0.8114
vn 0.4149 0.2870 0.8634
vn -0.0309 0.9895 0.1413
vn -0.0350 0.9844 0.1725
vn -0.0363 0.9805 0.1929
vn -0.0351 0.9781 0.2050
vn 0.0013 0.9766 0.2149
vn 0.0016 0.9798 0.1998
vn 0.0354 0.9817 0.1872
vn 0.0319 0.9805 0.1941
vn 0.0589 -0.9583 0.2797
vn 0.1101 0.9868 0.1190
vn 0.3353 0.9015 0.2737
vn 0.5482 0.7276 0.4124
vn 0.0567 0.9898 0.1308
vn 0.1425 0.9139 0.3801
vn 0.2260 0.7455 0.6271
vn 0.2875 0.5077 0.8121
vn 0.3164 0.2886 0.9036
vn 0.3244 0.1495 0.9340
vn 0.3240 0.0906 0.9417
vn 0.0037 0.9969 0.0780
vn 0.0287 0.9972 0.0693
vn -0.0343 0.9851 0.1683
vn -0.0414 0.9864 0.1590
vn 0.1100 0.9937 0.0213
vn 0.1530 0.9882 0.0043
vn 0.0522 0.9939 0.0969
vn 0.0118 0.9875 0.1570
vn -0.0368 0.9720 0.2320
vn -0.0298 0.9767 0.2126
vn 0.0699 0.9955 0.0647
vn -0.0278 0.9788 0.2032
vn 0.1702 0.9846 0.0397
vn 0.1098 0.9880 0.1083
vn -0.0052 0.9760 0.2179
vn -0.4217 0.6063 0.6742
vn -0.5917 0.4841 0.6446
vn -0.2633 0.6789 0.6854
vn -0.0332 0.9758 0.2163
vn -0.0333 0.9707 0.2381
vn 0.0011 0.9664 0.2569
vn 0.0008 0.9731 0.2304
vn -0.0381 0.9509 0.3072
vn -0.0383 0.9496 0.3112
vn 0.0037 0.9416 0.3367
vn 0.0037 0.9418 0.3361
vn -0.0382 0.9515 0.3051
vn 0.0037 0.9419 0.3358
vn -0.1183 0.7068 0.6975
vn 0.0128 0.7120 0.7020
vn 0.0272 0.9794 0.2003
vn 0.0275 0.9739 0.2254
vn -0.0013 0.9919 0.1274
vn 0.0080 0.9937 0.1117
vn 0.0449 0.9441 0.3265
vn 0.0466 0.9419 0.3325
vn 0.0776 0.9383 0.3370
vn 0.0636 0.9488 0.3094
vn 0.0442 0.9452 0.3236
vn 0.0579 0.9531 0.2970
vn 0.1335 0.7052 0.6963
vn 0.2582 0.6693 0.6967
vn -0.1051 0.9939 -0.0339
vn -0.1354 0.9902 -0.0340
vn -0.3448 0.9290 -0.1348
vn -0.3075 0.9422 -0.1328
vn 0.0781 0.9438 0.3211
vn 0.1208 0.9188 0.3757
vn 0.1949 0.8826 0.4278
vn 0.1145 0.9236 0.3658
vn 0.0537 0.9564 0.2870
vn 0.0527 0.9481 0.3136
vn 0.4092 0.5851 0.7002
vn 0.5901 0.4580 0.6649
vn 0.7571 0.3203 0.5694
vn 0.8017 0.1764 0.5711
vn 0.8718 0.2055 0.4447
vn 0.3528 0.8924 0.2813
vn 0.3263 0.8776 0.3512
vn 0.1332 0.9440 0.3020
vn 0.1188 0.9316 0.3434
vn -0.5006 0.8596 -0.1022
vn -0.6653 0.7454 -0.0428
vn -0.5299 0.8411 -0.1086
vn -0.6586 0.7523 -0.0170
vn -0.7515 0.3435 0.5633
vn -0.6921 0.4628 0.5539
vn -0.6127 0.5776 0.5394
vn -0.5143 0.6861 0.5146
vn 0.2593 0.9656 0.0187
vn 0.2963 0.9549 0.0181
vn 0.2296 0.9671 0.1096
vn 0.2903 0.9550 0.0612
vn 0.2890 0.9362 0.2001
vn 0.1774 0.9516 0.2509
vn 0.1654 0.9739 0.1553
vn 0.0806 0.9544 0.2876
vn 0.1946 0.9808 0.0092
vn 0.2059 0.9785 -0.0099
vn 0.0011 -0.9970 0.0777
vn -0.0004 -0.9962 0.0868
vn -0.0017 -0.9967 0.0816
vn -0.0026 -0.9976 0.0694
vn -0.0027 -0.9985 0.0540
vn -0.0025 -0.9993 0.0385
vn -0.0024 -0.9997 0.0253
vn -0.0023 -0.9999 0.0162
vn -0.0020 -0.9999 0.0102
vn -0.0017 -1.0000 0.0061
vn -0.0013 -1.0000 0.0027
vn -0.0009 -1.0000 -0.0008
vn -0.0002 -1.0000 -0.0045
vn 0.0006 -1.0000 -0.0088
vn 0.0017 -0.9999 -0.0134
vn 0.0246 -0.9996 -0.0117
vn 0.0030 -0.9998 -0.0183
vn 0.0075 -0.9993 -0.0357
vn 0.0089 -0.9991 -0.0420
vn 0.0059 -0.9995 -0.0295
vn 0.0102 -0.9989 -0.0466
vn 0.0326 0.9991 0.0284
vn 0.0343 0.9991 0.0243
vn 0.0247 0.9993 0.0295
vn 0.0265 0.9993 0.0248
vn 0.0357 0.9992 0.0195
vn 0.0368 0.9992 0.0145
vn 0.0296 0.9995 0.0148
vn 0.0282 0.9994 0.0198
vn 0.0372 0.9993 0.0098
vn 0.0371 0.9993 0.0055
vn 0.0308 0.9995 0.0055
vn 0.0304 0.9995 0.0100
vn 0.0365 0.9993 0.0016
vn 0.0354 0.9994 -0.0019
vn 0.0304 0.9995 -0.0024
vn 0.0308 0.9995 0.0014
vn 0.0311 0.9995 -0.0091
vn 0.0283 0.9995 -0.0105
vn 0.0290 0.9995 -0.0087
vn 0.0326 0.9994 -0.0077
vn 0.0341 0.9994 -0.0050
vn 0.0297 0.9995 -0.0058
vn 0.0146 0.9994 0.0301
vn 0.0166 0.9995 0.0250
vn 0.0025 0.9996 0.0297
vn 0.0048 0.9997 0.0243
vn 0.0187 0.9996 0.0198
vn 0.0204 0.9997 0.0147
vn 0.0094 0.9999 0.0139
vn 0.0072 0.9998 0.0190
vn 0.0217 0.9997 0.0098
vn 0.0227 0.9997 0.0053
vn 0.0129 0.9999 0.0047
vn 0.0113 0.9999 0.0092
vn 0.0232 0.9997 0.0010
vn 0.0235 0.9997 -0.0029
vn 0.0152 0.9999 -0.0035
vn 0.0142 0.9999 0.0005
vn 0.0235 0.9997 -0.0116
vn 0.0175 0.9998 -0.0128
vn 0.0169 0.9998 -0.0105
vn 0.0235 0.9997 -0.0096
vn 0.0235 0.9997 -0.0065
vn 0.0161 0.9998 -0.0072
vn -0.0091 0.9996 0.0282
vn -0.0066 0.9997 0.0229
vn -0.0181 0.9995 0.0263
vn -0.0153 0.9997 0.0215
vn -0.0039 0.9998 0.0178
vn -0.0013 0.9999 0.0129
vn -0.0097 0.9999 0.0121
vn -0.0125 0.9998 0.0167
vn 0.0011 1.0000 0.0083
vn 0.0033 1.0000 0.0040
vn -0.0046 1.0000 0.0034
vn -0.0071 0.9999 0.0077
vn 0.0052 1.0000 -0.0002
vn 0.0070 1.0000 -0.0041
vn -0.0001 1.0000 -0.0044
vn -0.0023 1.0000 -0.0006
vn 0.0113 0.9998 -0.0136
vn 0.0057 0.9999 -0.0140
vn 0.0040 0.9999 -0.0115
vn 0.0100 0.9999 -0.0112
vn 0.0086 0.9999 -0.0078
vn 0.0020 1.0000 -0.0081
vn -0.0248 0.9994 0.0242
vn -0.0219 0.9996 0.0199
vn -0.0295 0.9993 0.0221
vn -0.0267 0.9995 0.0182
vn -0.0191 0.9997 0.0155
vn -0.0164 0.9998 0.0112
vn -0.0216 0.9997 0.0100
vn -0.0241 0.9996 0.0141
vn -0.0137 0.9999 0.0069
vn -0.0111 0.9999 0.0029
vn -0.0165 0.9999 0.0022
vn -0.0191 0.9998 0.0061
vn -0.0086 1.0000 -0.0010
vn -0.0062 1.0000 -0.0047
vn -0.0115 0.9999 -0.0049
vn -0.0140 0.9999 -0.0014
vn 0.0005 0.9999 -0.0140
vn -0.0045 0.9999 -0.0139
vn -0.0066 0.9999 -0.0114
vn -0.0015 0.9999 -0.0115
vn -0.0038 1.0000 -0.0082
vn -0.0090 0.9999 -0.0082
vn -0.0332 0.9993 0.0197
vn -0.0306 0.9994 0.0161
vn -0.0369 0.9992 0.0168
vn -0.0349 0.9993 0.0134
vn -0.0398 0.9991 0.0140
vn -0.0384 0.9992 0.0109
vn -0.0415 0.9990 0.0168
vn -0.0283 0.9995 0.0123
vn -0.0261 0.9996 0.0085
vn -0.0311 0.9995 0.0065
vn -0.0330 0.9994 0.0099
vn -0.0369 0.9993 0.0077
vn -0.0353 0.9994 0.0045
vn -0.0238 0.9997 0.0049
vn -0.0215 0.9998 0.0013
vn -0.0266 0.9996 -0.0001
vn -0.0290 0.9996 0.0031
vn -0.0334 0.9994 0.0015
vn -0.0312 0.9995 -0.0014
vn -0.0190 0.9998 -0.0021
vn -0.0165 0.9999 -0.0053
vn -0.0216 0.9997 -0.0062
vn -0.0242 0.9997 -0.0032
vn -0.0286 0.9996 -0.0042
vn -0.0260 0.9996 -0.0070
vn -0.0139 0.9999 -0.0084
vn -0.0115 0.9999 -0.0115
vn -0.0164 0.9998 -0.0118
vn -0.0189 0.9998 -0.0091
vn -0.0231 0.9997 -0.0095
vn -0.0204 0.9997 -0.0120
vn -0.0095 0.9999 -0.0137
vn -0.0143 0.9998 -0.0137
vn -0.0180 0.9997 -0.0134
vn 0.4031 0.7688 0.4965
vn 0.2892 0.8430 0.4536
vn 0.2714 0.8334 0.4815
vn 0.5323 0.7028 0.4720
vn 0.3849 0.8069 0.4481
vn 0.4086 0.8743 0.2620
vn 0.2674 0.9126 0.3094
vn 0.3783 0.9140 0.1463
vn 0.4460 0.8341 0.3245
vn 0.2664 0.8938 0.3608
vn 0.0428 0.9966 0.0710
vn 0.0607 0.9962 0.0617
vn -0.0336 0.9789 0.2016
vn -0.0349 0.9808 0.1918
vn 0.1872 0.9823 -0.0098
vn -0.0658 0.9603 0.2710
vn -0.1724 0.9130 0.3697
vn -0.0594 0.9564 0.2858
vn -0.0362 0.9615 0.2725
vn -0.0383 0.9550 0.2942
vn 0.0032 0.9466 0.3223
vn 0.0023 0.9550 0.2966
vn -0.0419 0.9425 0.3317
vn 0.0040 0.9374 0.3481
vn 0.0340 0.9621 0.2705
vn 0.0397 0.9525 0.3018
vn 0.0307 0.9714 0.2353
vn 0.0127 0.9827 0.1849
vn 0.0504 0.9362 0.3479
vn 0.0942 0.9245 0.3695
vn -0.1047 0.9935 0.0457
vn -0.0496 0.9884 0.1434
vn -0.1939 0.9765 0.0937
vn -0.3103 0.9491 -0.0545
vn 0.1633 0.8896 0.4266
vn -0.3667 0.8071 0.4627
vn -0.1528 0.9205 0.3597
vn -0.3162 0.8489 0.4236
vn -0.5312 0.7108 0.4610
vn 0.3152 0.9487 0.0264
vn 0.2824 0.8739 0.3957
vn 0.4728 0.7779 0.4138
vn 0.1005 0.9251 0.3661
vn 0.0817 0.9272 0.3655
vn 0.2279 0.8832 0.4099
vn -0.5738 0.8016 0.1678
vn -0.3254 0.9095 0.2588
vn -0.7369 0.6709 0.0828
vn -0.5874 0.8076 0.0528
vn -0.3457 0.9175 0.1966
vn -0.7643 0.6106 0.2075
vn -0.9059 0.4033 0.1294
vn -0.7061 0.6364 0.3106
vn 0.0678 0.9959 0.0604
vn -0.0305 0.9787 0.2032
vn -0.0383 0.9527 0.3016
vn 0.0035 0.9435 0.3314
vn 0.0426 0.9477 0.3164
vn 0.0484 0.9597 0.2767
vn 0.0180 0.9703 0.2413
vn -0.0303 0.9686 0.2469
vn 0.0471 0.9695 0.2406
vn -0.0755 0.9340 0.3492
vn -0.0868 0.9416 0.3253
vn -0.0800 0.9420 0.3260
vn -0.0866 0.9480 0.3062
vn -0.0688 0.9477 0.3116
vn 0.1193 0.9316 0.3434
vn -0.0062 0.9318 0.3628
vn 0.0880 0.9217 0.3778
vn -0.8739 -0.4859 0.0118
vn -0.9660 -0.2581 0.0127
vn -0.6447 -0.7644 0.0064
vn -0.9925 -0.1219 0.0107
vn -0.9991 -0.0408 0.0105
vn 0.8162 -0.5268 0.2374
vn 0.8249 -0.0033 0.5653
vn 0.2381 -0.9582 0.1585
vn -0.0087 -1.0000 -0.0040
vn -0.3327 -0.9430 -0.0005
vn -0.1043 -0.9945 -0.0055
vn 0.0072 -0.9999 -0.0083
vn 0.0442 -0.9990 -0.0098
vn -0.0311 -0.9991 -0.0282
vn -0.0160 -0.9995 -0.0264
vn 0.0415 -0.9991 -0.0106
vn 0.9091 0.4018 0.1100
vn 0.8701 0.4874 0.0732
vn 0.8804 0.4432 0.1685
vn 0.8620 0.3528 0.3641
vn 0.9123 0.2348 0.3356
vn 0.7785 0.4899 0.3923
vn 0.6978 0.7142 0.0549
vn 0.3718 0.9275 0.0395
vn 0.1047 0.9942 0.0243
vn -0.1748 0.9056 0.3864
vn -0.4154 0.8141 0.4058
vn 0.8047 0.5442 0.2375
vn 0.6734 0.6734 0.3049
vn -0.9995 0.0266 0.0166
vn -0.9927 0.1152 0.0348
vn -0.9695 0.2346 0.0708
vn -0.0399 0.9990 0.0185
vn 0.9423 0.1237 0.3110
vn 0.0044 -0.9997 -0.0236
vn 0.6463 0.6422 0.4122
vn 0.4865 0.7981 0.3555
vn 0.2766 0.8831 0.3790
vn 0.1696 0.9005 0.4005
vn 0.0646 0.9353 0.3480
vn -0.5025 0.8634 -0.0455
vn -0.3200 0.9396 0.1211
vn -0.6351 0.6625 0.3972
vn -0.0705 0.9583 0.2769
vn 0.0715 0.9228 0.3786
vn -0.8084 0.5885 0.0105
vn -0.3172 0.9345 0.1614
vn -0.2366 0.9622 0.1346
vn -0.2426 0.9637 0.1117
vn -0.3035 0.9459 0.1143
vn -0.4217 0.8887 0.1797
vn -0.4004 0.9090 0.1154
vn -0.3062 0.9295 0.2054
vn -0.2257 0.9601 0.1649
vn -0.4043 0.8823 0.2410
vn -0.6409 0.7429 0.1933
vn -0.5355 0.8227 0.1908
vn -0.5127 0.8512 0.1124
vn -0.6229 0.7751 0.1058
vn -0.6063 0.7436 0.2820
vn -0.5086 0.8185 0.2671
vn -0.4537 0.8282 0.3290
vn -0.5384 0.7632 0.3573
vn -0.4596 0.7860 0.4136
vn -0.3910 0.8407 0.3747
vn -0.3655 0.8844 0.2902
vn -0.3209 0.8887 0.3275
vn -0.2114 0.9581 0.1933
vn -0.2826 0.9278 0.2434
vn -0.2544 0.9275 0.2741
vn -0.1947 0.9563 0.2180
vn -0.1409 0.9871 0.0765
vn -0.1299 0.9892 0.0686
vn -0.1456 0.9879 0.0528
vn -0.1606 0.9852 0.0596
vn -0.1591 0.9832 0.0893
vn -0.1834 0.9804 0.0715
vn -0.1275 0.9875 0.0923
vn -0.1178 0.9896 0.0831
vn -0.1441 0.9837 0.1072
vn -0.1880 0.9762 0.1084
vn -0.2138 0.9727 0.0903
vn -0.1727 0.9763 0.1302
vn -0.1614 0.9752 0.1514
vn -0.1501 0.9738 0.1706
vn -0.1334 0.9833 0.1241
vn -0.1236 0.9825 0.1394
vn -0.1077 0.9895 0.0960
vn -0.1171 0.9874 0.1066
vn -0.1077 0.9870 0.1193
vn -0.0985 0.9893 0.1072
vn -0.2652 0.9611 0.0769
vn -0.2237 0.9732 0.0539
vn -0.3462 0.9359 0.0649
vn -0.2849 0.9579 0.0360
vn -0.1674 0.9853 0.0351
vn -0.1906 0.9808 0.0414
vn -0.1971 0.9803 0.0160
vn -0.2345 0.9719 0.0222
vn -0.2976 0.9547 0.0013
vn -0.2402 0.9707 -0.0055
vn -0.3136 0.9488 -0.0382
vn -0.3892 0.9208 -0.0237
vn -0.3675 0.9299 0.0176
vn -0.4729 0.8811 -0.0027
vn -0.4465 0.8933 0.0520
vn -0.5582 0.8288 0.0382
vn -0.1630 0.9305 0.3281
vn -0.1324 0.9316 0.3386
vn -0.1078 0.9549 0.2768
vn -0.1313 0.9548 0.2667
vn -0.1934 0.9292 0.3150
vn -0.1537 0.9549 0.2541
vn -0.1950 0.9017 0.3859
vn -0.1567 0.9045 0.3966
vn -0.2344 0.8979 0.3725
vn -0.2240 0.9280 0.2977
vn -0.1750 0.9553 0.2382
vn -0.2764 0.8934 0.3541
vn -0.3306 0.8521 0.4057
vn -0.3844 0.8052 0.4515
vn -0.2764 0.8615 0.4260
vn -0.3183 0.8198 0.4759
vn -0.1811 0.8735 0.4518
vn -0.2272 0.8686 0.4404
vn -0.2598 0.8303 0.4931
vn -0.2058 0.8372 0.5066
vn -0.0360 0.9329 0.3583
vn -0.0009 0.9330 0.3599
vn -0.0009 0.9551 0.2962
vn -0.0299 0.9551 0.2948
vn -0.0693 0.9327 0.3539
vn -0.0572 0.9550 0.2910
vn -0.0418 0.9076 0.4178
vn -0.0009 0.9077 0.4196
vn -0.0809 0.9072 0.4128
vn -0.1012 0.9323 0.3472
vn -0.0831 0.9550 0.2849
vn -0.1189 0.9063 0.4056
vn -0.1364 0.8765 0.4616
vn -0.1543 0.8413 0.5180
vn -0.0923 0.8781 0.4695
vn -0.1040 0.8434 0.5271
vn -0.0009 0.8789 0.4771
vn -0.0475 0.8787 0.4750
vn -0.0533 0.8442 0.5334
vn -0.0009 0.8444 0.5357
vn -0.0672 0.9711 0.2288
vn -0.0867 0.9713 0.2215
vn -0.0464 0.9711 0.2342
vn -0.0560 0.9804 0.1888
vn -0.0722 0.9806 0.1824
vn -0.0387 0.9804 0.1933
vn -0.0009 0.9711 0.2385
vn -0.0243 0.9711 0.2374
vn -0.0008 0.9804 0.1970
vn -0.0203 0.9804 0.1961
vn -0.0175 0.9857 0.1677
vn -0.0008 0.9857 0.1685
vn -0.0008 0.9886 0.1506
vn -0.0157 0.9886 0.1499
vn -0.0334 0.9857 0.1654
vn -0.0300 0.9886 0.1479
vn -0.0624 0.9858 0.1559
vn -0.0484 0.9857 0.1614
vn -0.0436 0.9886 0.1444
vn -0.0564 0.9886 0.1395
vn -0.1366 0.9728 0.1871
vn -0.1215 0.9720 0.2009
vn -0.1127 0.9818 0.1529
vn -0.1005 0.9812 0.1645
vn -0.1048 0.9716 0.2123
vn -0.0870 0.9808 0.1743
vn -0.0754 0.9860 0.1489
vn -0.0683 0.9887 0.1333
vn -0.0872 0.9863 0.1404
vn -0.0792 0.9889 0.1258
vn -0.0979 0.9866 0.1305
vn -0.0893 0.9891 0.1171
vn 0.0981 0.9325 0.3475
vn 0.1286 0.9318 0.3394
vn 0.1044 0.9551 0.2773
vn 0.0802 0.9551 0.2850
vn 0.0668 0.9329 0.3539
vn 0.0549 0.9552 0.2909
vn 0.1155 0.9066 0.4060
vn 0.1525 0.9048 0.3976
vn 0.0783 0.9074 0.4129
vn 0.0341 0.9330 0.3583
vn 0.0280 0.9552 0.2948
vn 0.0399 0.9077 0.4177
vn 0.0454 0.8788 0.4750
vn 0.0512 0.8443 0.5334
vn 0.0895 0.8783 0.4697
vn 0.1011 0.8436 0.5273
vn 0.1764 0.8738 0.4531
vn 0.1327 0.8768 0.4621
vn 0.1504 0.8416 0.5187
vn 0.2007 0.8375 0.5082
vn 0.2183 0.9282 0.3014
vn 0.2485 0.9276 0.2790
vn 0.1901 0.9565 0.2215
vn 0.1704 0.9555 0.2409
vn 0.1882 0.9294 0.3176
vn 0.1494 0.9550 0.2560
vn 0.2695 0.8936 0.3590
vn 0.3138 0.8888 0.3340
vn 0.2284 0.8981 0.3758
vn 0.1585 0.9307 0.3297
vn 0.1275 0.9550 0.2678
vn 0.1898 0.9020 0.3879
vn 0.2214 0.8689 0.4428
vn 0.2533 0.8305 0.4961
vn 0.2694 0.8617 0.4300
vn 0.3105 0.8200 0.4808
vn 0.3827 0.8408 0.3830
vn 0.3227 0.8523 0.4117
vn 0.3754 0.8053 0.4588
vn 0.4502 0.7860 0.4238
vn 0.1015 0.9717 0.2131
vn 0.0837 0.9715 0.2219
vn 0.1179 0.9722 0.2023
vn 0.0841 0.9810 0.1750
vn 0.0695 0.9807 0.1827
vn 0.0975 0.9814 0.1655
vn 0.1465 0.9740 0.1731
vn 0.1329 0.9729 0.1891
vn 0.1206 0.9826 0.1413
vn 0.1096 0.9819 0.1544
vn 0.0951 0.9867 0.1318
vn 0.1050 0.9871 0.1209
vn 0.0961 0.9894 0.1087
vn 0.0867 0.9892 0.1182
vn 0.0844 0.9864 0.1413
vn 0.0766 0.9890 0.1266
vn 0.0599 0.9859 0.1561
vn 0.0727 0.9861 0.1494
vn 0.0657 0.9888 0.1338
vn 0.0540 0.9887 0.1397
vn 0.0225 0.9712 0.2374
vn 0.0443 0.9712 0.2341
vn 0.0185 0.9804 0.1960
vn 0.0367 0.9805 0.1933
vn 0.0646 0.9713 0.2289
vn 0.0536 0.9805 0.1888
vn 0.0462 0.9858 0.1614
vn 0.0415 0.9887 0.1444
vn 0.0315 0.9857 0.1653
vn 0.0282 0.9886 0.1478
vn 0.0158 0.9857 0.1676
vn 0.0141 0.9886 0.1498
vn 0.1589 0.9848 -0.0697
vn 0.1567 0.9839 -0.0858
vn 0.1381 0.9875 -0.0762
vn 0.1394 0.9884 -0.0612
vn 0.1585 0.9859 -0.0530
vn 0.1383 0.9893 -0.0458
vn 0.1852 0.9795 -0.0792
vn 0.1811 0.9787 -0.0967
vn 0.1860 0.9806 -0.0611
vn 0.1493 0.9886 -0.0178
vn 0.1553 0.9872 -0.0358
vn 0.1353 0.9904 -0.0300
vn 0.1306 0.9913 -0.0138
vn 0.1748 0.9844 -0.0222
vn 0.1828 0.9822 -0.0421
vn 0.2244 0.9732 -0.0502
vn 0.2142 0.9764 -0.0281
vn 0.3146 0.9485 -0.0373
vn 0.3035 0.9506 -0.0647
vn 0.2264 0.9714 -0.0712
vn 0.2944 0.9517 -0.0872
vn 0.2157 0.9702 -0.1103
vn 0.2229 0.9706 -0.0912
vn 0.2834 0.9528 -0.1091
vn 0.2701 0.9540 -0.1305
vn 0.1368 0.9821 -0.1292
vn 0.1273 0.9818 -0.1412
vn 0.1149 0.9852 -0.1273
vn 0.1226 0.9856 -0.1163
vn 0.1451 0.9826 -0.1158
vn 0.1293 0.9861 -0.1040
vn 0.1547 0.9774 -0.1441
vn 0.1429 0.9771 -0.1574
vn 0.1654 0.9777 -0.1293
vn 0.1520 0.9832 -0.1013
vn 0.1346 0.9867 -0.0906
vn 0.1744 0.9781 -0.1134
vn 0.2058 0.9701 -0.1287
vn 0.2545 0.9551 -0.1515
vn 0.1934 0.9701 -0.1465
vn 0.2367 0.9562 -0.1720
vn 0.1641 0.9702 -0.1782
vn 0.1793 0.9702 -0.1632
vn 0.2171 0.9572 -0.1915
vn 0.1965 0.9580 -0.2091
vn 0.1184 0.9898 -0.0793
vn 0.1206 0.9905 -0.0659
vn 0.1147 0.9892 -0.0918
vn 0.1003 0.9928 -0.0658
vn 0.1009 0.9935 -0.0537
vn 0.0986 0.9921 -0.0773
vn 0.1038 0.9881 -0.1136
vn 0.1097 0.9886 -0.1032
vn 0.0923 0.9909 -0.0981
vn 0.0959 0.9915 -0.0881
vn 0.0799 0.9943 -0.0700
vn 0.0790 0.9937 -0.0793
vn 0.0611 0.9965 -0.0563
vn 0.0601 0.9970 -0.0489
vn 0.0803 0.9949 -0.0603
vn 0.0589 0.9974 -0.0416
vn 0.0792 0.9960 -0.0402
vn 0.0801 0.9955 -0.0504
vn 0.0576 0.9978 -0.0342
vn 0.0561 0.9981 -0.0268
vn 0.1168 0.9929 -0.0241
vn 0.1130 0.9935 -0.0098
vn 0.1196 0.9921 -0.0381
vn 0.0956 0.9953 -0.0177
vn 0.0924 0.9957 -0.0059
vn 0.0982 0.9947 -0.0295
vn 0.1210 0.9913 -0.0520
vn 0.1001 0.9941 -0.0414
vn 0.0776 0.9965 -0.0301
vn 0.0544 0.9983 -0.0194
vn 0.0755 0.9969 -0.0206
vn 0.0525 0.9985 -0.0125
vn 0.0706 0.9975 -0.0021
vn 0.0730 0.9973 -0.0113
vn 0.0507 0.9987 -0.0057
vn 0.0490 0.9988 0.0012
vn 0.0905 0.9812 -0.1706
vn 0.0753 0.9812 -0.1779
vn 0.0690 0.9844 -0.1621
vn 0.0829 0.9844 -0.1551
vn 0.1043 0.9813 -0.1619
vn 0.0952 0.9846 -0.1467
vn 0.0999 0.9769 -0.1889
vn 0.0829 0.9770 -0.1967
vn 0.1156 0.9769 -0.1797
vn 0.1166 0.9815 -0.1521
vn 0.1059 0.9848 -0.1374
vn 0.1299 0.9770 -0.1692
vn 0.1480 0.9703 -0.1913
vn 0.1754 0.9586 -0.2243
vn 0.1308 0.9704 -0.2028
vn 0.1538 0.9592 -0.2375
vn 0.0929 0.9707 -0.2214
vn 0.1125 0.9706 -0.2129
vn 0.1313 0.9596 -0.2488
vn 0.1079 0.9600 -0.2584
vn 0.0210 0.9814 -0.1907
vn -0.0000 0.9815 -0.1917
vn 0.0001 0.9847 -0.1745
vn 0.0192 0.9846 -0.1737
vn 0.0405 0.9813 -0.1881
vn 0.0370 0.9845 -0.1714
vn 0.0231 0.9772 -0.2109
vn -0.0001 0.9773 -0.2120
vn 0.0445 0.9772 -0.2078
vn 0.0585 0.9812 -0.1838
vn 0.0536 0.9844 -0.1676
vn 0.0644 0.9770 -0.2031
vn 0.0720 0.9709 -0.2284
vn 0.0833 0.9603 -0.2663
vn 0.0497 0.9710 -0.2337
vn 0.0573 0.9605 -0.2724
vn -0.0001 0.9711 -0.2385
vn 0.0257 0.9711 -0.2372
vn 0.0295 0.9606 -0.2764
vn -0.0001 0.9606 -0.2779
vn 0.0490 0.9869 -0.1534
vn 0.0636 0.9869 -0.1483
vn 0.0336 0.9871 -0.1566
vn 0.0447 0.9892 -0.1399
vn 0.0587 0.9891 -0.1351
vn 0.0301 0.9894 -0.1422
vn 0.0002 0.9873 -0.1589
vn 0.0173 0.9872 -0.1583
vn 0.0003 0.9897 -0.1433
vn 0.0153 0.9896 -0.1431
vn 0.0132 0.9920 -0.1256
vn 0.0004 0.9921 -0.1255
vn 0.0003 0.9948 -0.1014
vn 0.0110 0.9947 -0.1019
vn 0.0266 0.9917 -0.1257
vn 0.0237 0.9943 -0.1035
vn 0.0534 0.9912 -0.1213
vn 0.0404 0.9913 -0.1250
vn 0.0375 0.9936 -0.1063
vn 0.0484 0.9929 -0.1091
vn 0.0966 0.9877 -0.1233
vn 0.0876 0.9873 -0.1326
vn 0.0875 0.9903 -0.1080
vn 0.0804 0.9897 -0.1181
vn 0.0767 0.9870 -0.1412
vn 0.0708 0.9893 -0.1275
vn 0.0638 0.9916 -0.1127
vn 0.0530 0.9939 -0.0966
vn 0.0715 0.9923 -0.1011
vn 0.0579 0.9951 -0.0803
vn 0.0766 0.9930 -0.0894
vn 0.0608 0.9960 -0.0657
vn -0.0602 0.9811 -0.1838
vn -0.0777 0.9810 -0.1776
vn -0.0712 0.9843 -0.1617
vn -0.0550 0.9843 -0.1676
vn -0.0413 0.9812 -0.1883
vn -0.0376 0.9845 -0.1716
vn -0.0662 0.9769 -0.2031
vn -0.0855 0.9768 -0.1964
vn -0.0455 0.9771 -0.2080
vn -0.0212 0.9814 -0.1909
vn -0.0192 0.9846 -0.1738
vn -0.0235 0.9772 -0.2111
vn -0.0262 0.9711 -0.2374
vn -0.0300 0.9605 -0.2766
vn -0.0508 0.9709 -0.2340
vn -0.0585 0.9603 -0.2726
vn -0.0958 0.9706 -0.2210
vn -0.0740 0.9707 -0.2284
vn -0.0855 0.9601 -0.2663
vn -0.1111 0.9598 -0.2579
vn -0.1203 0.9814 -0.1497
vn -0.1309 0.9817 -0.1383
vn -0.1183 0.9851 -0.1246
vn -0.1094 0.9848 -0.1351
vn -0.1079 0.9812 -0.1602
vn -0.0986 0.9845 -0.1451
vn -0.1339 0.9769 -0.1666
vn -0.1467 0.9771 -0.1542
vn -0.1195 0.9768 -0.1779
vn -0.0937 0.9811 -0.1696
vn -0.0858 0.9843 -0.1541
vn -0.1033 0.9767 -0.1879
vn -0.1161 0.9704 -0.2117
vn -0.1354 0.9594 -0.2474
vn -0.1350 0.9703 -0.2009
vn -0.1584 0.9590 -0.2351
vn -0.1684 0.9701 -0.1746
vn -0.1524 0.9702 -0.1885
vn -0.1803 0.9585 -0.2209
vn -0.2014 0.9579 -0.2047
vn -0.0794 0.9870 -0.1401
vn -0.0656 0.9868 -0.1478
vn -0.0908 0.9872 -0.1309
vn -0.0733 0.9893 -0.1262
vn -0.0604 0.9891 -0.1345
vn -0.0833 0.9897 -0.1161
vn -0.1070 0.9881 -0.1109
vn -0.1000 0.9876 -0.1210
vn -0.0952 0.9909 -0.0954
vn -0.0905 0.9903 -0.1055
vn -0.0792 0.9931 -0.0867
vn -0.0814 0.9937 -0.0765
vn -0.0628 0.9966 -0.0537
vn -0.0628 0.9960 -0.0631
vn -0.0741 0.9923 -0.0988
vn -0.0598 0.9952 -0.0780
vn -0.0549 0.9912 -0.1204
vn -0.0660 0.9916 -0.1112
vn -0.0547 0.9940 -0.0950
vn -0.0497 0.9929 -0.1080
vn -0.0171 0.9872 -0.1584
vn -0.0339 0.9871 -0.1567
vn -0.0150 0.9896 -0.1431
vn -0.0302 0.9894 -0.1422
vn -0.0502 0.9869 -0.1534
vn -0.0456 0.9891 -0.1397
vn -0.0412 0.9914 -0.1246
vn -0.0383 0.9937 -0.1055
vn -0.0266 0.9917 -0.1256
vn -0.0238 0.9944 -0.1031
vn -0.0127 0.9920 -0.1256
vn -0.0106 0.9948 -0.1017
vn -0.1540 0.9832 -0.0981
vn -0.1582 0.9839 -0.0830
vn -0.1396 0.9875 -0.0736
vn -0.1366 0.9867 -0.0877
vn -0.1478 0.9826 -0.1125
vn -0.1319 0.9861 -0.1009
vn -0.1766 0.9781 -0.1098
vn -0.1827 0.9787 -0.0935
vn -0.1683 0.9777 -0.1256
vn -0.1400 0.9821 -0.1260
vn -0.1257 0.9856 -0.1133
vn -0.1582 0.9774 -0.1405
vn -0.1832 0.9701 -0.1591
vn -0.2215 0.9572 -0.1865
vn -0.1966 0.9701 -0.1422
vn -0.2403 0.9563 -0.1667
vn -0.2173 0.9703 -0.1066
vn -0.2082 0.9701 -0.1246
vn -0.2573 0.9552 -0.1463
vn -0.2719 0.9541 -0.1259
vn -0.1556 0.9872 -0.0347
vn -0.1495 0.9886 -0.0175
vn -0.1309 0.9913 -0.0134
vn -0.1357 0.9903 -0.0290
vn -0.1590 0.9859 -0.0513
vn -0.1389 0.9893 -0.0442
vn -0.1829 0.9823 -0.0411
vn -0.1748 0.9844 -0.0220
vn -0.1864 0.9807 -0.0592
vn -0.1599 0.9848 -0.0674
vn -0.1403 0.9883 -0.0590
vn -0.1861 0.9795 -0.0767
vn -0.2238 0.9706 -0.0882
vn -0.2843 0.9529 -0.1054
vn -0.2266 0.9715 -0.0691
vn -0.2946 0.9519 -0.0847
vn -0.2139 0.9764 -0.0281
vn -0.2243 0.9733 -0.0491
vn -0.3030 0.9509 -0.0635
vn -0.1220 0.9913 -0.0500
vn -0.1220 0.9905 -0.0635
vn -0.1203 0.9921 -0.0366
vn -0.1011 0.9941 -0.0398
vn -0.1022 0.9934 -0.0516
vn -0.0990 0.9947 -0.0282
vn -0.1134 0.9935 -0.0094
vn -0.1173 0.9928 -0.0231
vn -0.0930 0.9957 -0.0055
vn -0.0962 0.9952 -0.0169
vn -0.0737 0.9972 -0.0107
vn -0.0712 0.9975 -0.0017
vn -0.0496 0.9988 0.0015
vn -0.0513 0.9987 -0.0052
vn -0.0762 0.9969 -0.0196
vn -0.0532 0.9985 -0.0118
vn -0.0803 0.9960 -0.0385
vn -0.0785 0.9965 -0.0288
vn -0.0551 0.9983 -0.0185
vn -0.0569 0.9981 -0.0256
vn -0.1125 0.9886 -0.1003
vn -0.1171 0.9891 -0.0889
vn -0.0983 0.9915 -0.0853
vn -0.1006 0.9921 -0.0746
vn -0.1203 0.9898 -0.0765
vn -0.1020 0.9928 -0.0634
vn -0.0814 0.9955 -0.0483
vn -0.0586 0.9977 -0.0327
vn -0.0820 0.9949 -0.0579
vn -0.0601 0.9974 -0.0398
vn -0.0819 0.9944 -0.0673
vn -0.0615 0.9970 -0.0467
vn -0.1225 0.9920 0.0297
vn -0.1132 0.9926 0.0431
vn -0.1037 0.9938 0.0413
vn -0.1111 0.9934 0.0291
vn -0.1320 0.9911 0.0152
vn -0.1182 0.9929 0.0160
vn -0.1352 0.9903 0.0305
vn -0.1232 0.9913 0.0454
vn -0.1488 0.9888 0.0143
vn -0.1413 0.9900 -0.0005
vn -0.1249 0.9922 0.0019
vn -0.1627 0.9867 -0.0031
vn -0.1933 0.9811 -0.0061
vn -0.1696 0.9854 0.0140
vn -0.1339 0.9898 0.0485
vn -0.1498 0.9882 0.0321
vn -0.0883 0.9931 0.0767
vn -0.0806 0.9931 0.0854
vn -0.0746 0.9941 0.0793
vn -0.0818 0.9941 0.0715
vn -0.0962 0.9931 0.0667
vn -0.0890 0.9941 0.0625
vn -0.0948 0.9921 0.0824
vn -0.0865 0.9920 0.0920
vn -0.1034 0.9921 0.0714
vn -0.1045 0.9930 0.0556
vn -0.0962 0.9940 0.0525
vn -0.1127 0.9919 0.0591
vn -0.1212 0.9906 0.0634
vn -0.1106 0.9909 0.0768
vn -0.0925 0.9908 0.0992
vn -0.1012 0.9909 0.0888
vn -0.0866 0.9950 0.0488
vn -0.0926 0.9949 0.0388
vn -0.0805 0.9951 0.0578
vn -0.0742 0.9963 0.0439
vn -0.0785 0.9963 0.0352
vn -0.0698 0.9962 0.0519
vn -0.0681 0.9950 0.0730
vn -0.0744 0.9951 0.0659
vn -0.0603 0.9960 0.0657
vn -0.0651 0.9961 0.0591
vn -0.0540 0.9972 0.0510
vn -0.0510 0.9971 0.0569
vn -0.0392 0.9981 0.0466
vn -0.0406 0.9983 0.0418
vn -0.0568 0.9974 0.0447
vn -0.0419 0.9984 0.0368
vn -0.0621 0.9976 0.0307
vn -0.0596 0.9975 0.0380
vn -0.0432 0.9986 0.0316
vn -0.0445 0.9987 0.0260
vn -0.1088 0.9941 0.0039
vn -0.1038 0.9945 0.0163
vn -0.0896 0.9960 0.0056
vn -0.0861 0.9962 0.0160
vn -0.0984 0.9948 0.0279
vn -0.0825 0.9963 0.0258
vn -0.0645 0.9977 0.0231
vn -0.0457 0.9987 0.0203
vn -0.0667 0.9977 0.0152
vn -0.0469 0.9988 0.0144
vn -0.0689 0.9976 0.0070
vn -0.0482 0.9988 0.0081
vn -0.0545 0.9929 0.1055
vn -0.0446 0.9929 0.1102
vn -0.0410 0.9939 0.1021
vn -0.0503 0.9939 0.0977
vn -0.0639 0.9930 0.0997
vn -0.0590 0.9940 0.0924
vn -0.0589 0.9918 0.1138
vn -0.0483 0.9917 0.1189
vn -0.0688 0.9918 0.1076
vn -0.0726 0.9930 0.0930
vn -0.0671 0.9940 0.0863
vn -0.0780 0.9919 0.1003
vn -0.0835 0.9906 0.1082
vn -0.0739 0.9905 0.1161
vn -0.0522 0.9903 0.1286
vn -0.0634 0.9904 0.1229
vn -0.0121 0.9930 0.1176
vn -0.0006 0.9930 0.1181
vn -0.0006 0.9940 0.1091
vn -0.0109 0.9940 0.1087
vn -0.0232 0.9930 0.1162
vn -0.0211 0.9940 0.1075
vn -0.0132 0.9918 0.1273
vn -0.0007 0.9918 0.1278
vn -0.0254 0.9918 0.1256
vn -0.0341 0.9929 0.1138
vn -0.0312 0.9939 0.1053
vn -0.0371 0.9917 0.1229
vn -0.0402 0.9903 0.1329
vn -0.0276 0.9903 0.1360
vn -0.0007 0.9904 0.1384
vn -0.0144 0.9903 0.1379
vn -0.0284 0.9948 0.0975
vn -0.0376 0.9948 0.0946
vn -0.0190 0.9949 0.0993
vn -0.0256 0.9956 0.0900
vn -0.0342 0.9956 0.0874
vn -0.0169 0.9957 0.0913
vn -0.0005 0.9949 0.1005
vn -0.0098 0.9949 0.1002
vn -0.0005 0.9958 0.0920
vn -0.0086 0.9957 0.0919
vn -0.0074 0.9965 0.0828
vn -0.0004 0.9966 0.0827
vn -0.0004 0.9975 0.0714
vn -0.0065 0.9974 0.0714
vn -0.0150 0.9965 0.0826
vn -0.0137 0.9973 0.0719
vn -0.0308 0.9963 0.0801
vn -0.0229 0.9964 0.0822
vn -0.0214 0.9971 0.0729
vn -0.0277 0.9969 0.0740
vn -0.0615 0.9949 0.0794
vn -0.0542 0.9949 0.0853
vn -0.0551 0.9959 0.0718
vn -0.0491 0.9958 0.0777
vn -0.0463 0.9948 0.0904
vn -0.0422 0.9956 0.0831
vn -0.0375 0.9964 0.0755
vn -0.0308 0.9972 0.0677
vn -0.0430 0.9967 0.0693
vn -0.0344 0.9976 0.0596
vn -0.0475 0.9969 0.0629
vn -0.0373 0.9979 0.0521
vn 0.0323 0.9930 0.1137
vn 0.0425 0.9930 0.1103
vn 0.0390 0.9940 0.1022
vn 0.0295 0.9940 0.1053
vn 0.0217 0.9930 0.1161
vn 0.0198 0.9940 0.1074
vn 0.0352 0.9918 0.1228
vn 0.0461 0.9918 0.1191
vn 0.0237 0.9918 0.1255
vn 0.0107 0.9930 0.1176
vn 0.0097 0.9940 0.1086
vn 0.0118 0.9918 0.1272
vn 0.0129 0.9904 0.1378
vn 0.0258 0.9904 0.1359
vn 0.0499 0.9904 0.1287
vn 0.0382 0.9904 0.1329
vn 0.0702 0.9931 0.0941
vn 0.0784 0.9931 0.0868
vn 0.0725 0.9941 0.0807
vn 0.0648 0.9941 0.0874
vn 0.0615 0.9930 0.1005
vn 0.0567 0.9940 0.0932
vn 0.0756 0.9920 0.1014
vn 0.0842 0.9921 0.0934
vn 0.0663 0.9919 0.1083
vn 0.0523 0.9930 0.1059
vn 0.0481 0.9940 0.0982
vn 0.0565 0.9918 0.1142
vn 0.0610 0.9905 0.1234
vn 0.0714 0.9906 0.1169
vn 0.0901 0.9908 0.1006
vn 0.0810 0.9907 0.1093
vn 0.0442 0.9949 0.0909
vn 0.0357 0.9949 0.0948
vn 0.0520 0.9949 0.0861
vn 0.0403 0.9957 0.0837
vn 0.0325 0.9956 0.0877
vn 0.0471 0.9958 0.0786
vn 0.0661 0.9950 0.0743
vn 0.0593 0.9950 0.0805
vn 0.0585 0.9960 0.0670
vn 0.0531 0.9959 0.0730
vn 0.0457 0.9969 0.0641
vn 0.0494 0.9971 0.0582
vn 0.0379 0.9981 0.0477
vn 0.0358 0.9979 0.0532
vn 0.0411 0.9967 0.0702
vn 0.0328 0.9976 0.0605
vn 0.0292 0.9963 0.0805
vn 0.0357 0.9965 0.0762
vn 0.0293 0.9972 0.0684
vn 0.0262 0.9969 0.0744
vn 0.0087 0.9949 0.1002
vn 0.0178 0.9949 0.0992
vn 0.0076 0.9957 0.0918
vn 0.0158 0.9957 0.0913
vn 0.0268 0.9949 0.0975
vn 0.0242 0.9956 0.0901
vn 0.0217 0.9964 0.0823
vn 0.0202 0.9971 0.0732
vn 0.0140 0.9965 0.0827
vn 0.0127 0.9973 0.0721
vn 0.0066 0.9966 0.0827
vn 0.0056 0.9974 0.0715
vn 0.1032 0.9930 0.0572
vn 0.1123 0.9927 0.0447
vn 0.1027 0.9938 0.0427
vn 0.0950 0.9940 0.0540
vn 0.0946 0.9932 0.0684
vn 0.0874 0.9941 0.0641
vn 0.1114 0.9919 0.0609
vn 0.1222 0.9914 0.0471
vn 0.1017 0.9921 0.0732
vn 0.0864 0.9932 0.0783
vn 0.0799 0.9941 0.0730
vn 0.0928 0.9921 0.0840
vn 0.0991 0.9910 0.0904
vn 0.1054 0.9896 0.0977
vn 0.1088 0.9910 0.0786
vn 0.1158 0.9896 0.0850
vn 0.1327 0.9899 0.0504
vn 0.1197 0.9907 0.0652
vn 0.1282 0.9892 0.0706
vn 0.1443 0.9880 0.0548
vn 0.1411 0.9900 -0.0001
vn 0.1246 0.9922 0.0021
vn 0.1316 0.9912 0.0161
vn 0.1178 0.9929 0.0167
vn 0.1625 0.9867 -0.0025
vn 0.1484 0.9888 0.0154
vn 0.1219 0.9921 0.0309
vn 0.1104 0.9934 0.0302
vn 0.1345 0.9904 0.0320
vn 0.1491 0.9882 0.0338
vn 0.1665 0.9853 0.0372
vn 0.1692 0.9855 0.0155
vn 0.1967 0.9803 0.0180
vn 0.1933 0.9811 -0.0052
vn 0.2405 0.9707 -0.0038
vn 0.0977 0.9948 0.0288
vn 0.0917 0.9950 0.0400
vn 0.1033 0.9945 0.0169
vn 0.0818 0.9963 0.0265
vn 0.0776 0.9963 0.0362
vn 0.0856 0.9962 0.0163
vn 0.1084 0.9941 0.0040
vn 0.0891 0.9960 0.0056
vn 0.0683 0.9976 0.0069
vn 0.0475 0.9988 0.0080
vn 0.0661 0.9977 0.0154
vn 0.0462 0.9988 0.0144
vn 0.0613 0.9976 0.0314
vn 0.0638 0.9977 0.0235
vn 0.0450 0.9988 0.0205
vn 0.0438 0.9987 0.0264
vn 0.0726 0.9951 0.0673
vn 0.0791 0.9951 0.0593
vn 0.0635 0.9961 0.0605
vn 0.0684 0.9962 0.0532
vn 0.0854 0.9951 0.0502
vn 0.0731 0.9963 0.0451
vn 0.0586 0.9975 0.0389
vn 0.0424 0.9986 0.0321
vn 0.0557 0.9974 0.0458
vn 0.0409 0.9985 0.0376
vn 0.0526 0.9972 0.0522
vn 0.0394 0.9983 0.0427
vn 0.2633 0.9612 0.0817
vn 0.2116 0.9728 0.0941
vn 0.2399 0.9638 0.1164
vn 0.3009 0.9460 0.1204
vn 0.3451 0.9359 0.0710
vn 0.3983 0.9089 0.1236
vn 0.2223 0.9733 0.0574
vn 0.1815 0.9806 0.0745
vn 0.2843 0.9579 0.0402
vn 0.5589 0.8279 0.0476
vn 0.4465 0.8928 0.0597
vn 0.5113 0.8505 0.1229
vn 0.6221 0.7739 0.1185
vn 0.4740 0.8805 0.0034
vn 0.3678 0.9296 0.0226
vn 0.2980 0.9546 0.0044
vn 0.3905 0.9204 -0.0203
vn 0.2340 0.9719 0.0251
vn 0.1591 0.9853 0.0620
vn 0.1895 0.9809 0.0440
vn 0.1580 0.9753 0.1542
vn 0.2071 0.9582 0.1974
vn 0.1697 0.9764 0.1333
vn 0.2219 0.9602 0.1695
vn 0.1306 0.9834 0.1263
vn 0.1415 0.9838 0.1096
vn 0.1853 0.9763 0.1118
vn 0.2334 0.9623 0.1393
vn 0.1569 0.9833 0.0920
vn 0.1391 0.9871 0.0787
vn 0.1253 0.9876 0.0943
vn 0.1146 0.9875 0.1085
vn 0.3134 0.9346 0.1682
vn 0.3014 0.9296 0.2121
vn 0.4178 0.8886 0.1892
vn 0.3987 0.8822 0.2503
vn 0.2771 0.9279 0.2493
vn 0.3588 0.8845 0.2983
vn 0.4459 0.8282 0.3395
vn 0.5298 0.7631 0.3701
vn 0.5024 0.8183 0.2793
vn 0.5998 0.7431 0.2967
vn 0.5318 0.8221 0.2031
vn 0.6373 0.7420 0.2081
vn 0.0276 -0.9953 -0.0928
vn 0.0505 -0.9936 -0.1009
vn 0.0439 -0.9930 -0.1096
vn 0.0189 -0.9944 -0.1040
vn -0.0220 -0.9957 -0.0899
vn -0.0396 -0.9946 -0.0964
vn 0.0368 -0.9961 -0.0806
vn 0.0565 -0.9945 -0.0884
vn -0.0018 -0.9968 -0.0799
vn -0.2774 -0.9561 -0.0948
vn -0.1174 -0.9889 -0.0910
vn -0.1510 -0.9847 -0.0865
vn -0.3294 -0.9413 -0.0731
vn -0.2106 -0.9725 -0.0998
vn -0.0767 -0.9933 -0.0859
vn -0.0409 -0.9964 -0.0743
vn -0.1460 -0.9852 -0.0903
vn -0.0937 -0.9930 -0.0725
vn -0.0109 -0.9981 -0.0601
vn 0.0145 -0.9976 -0.0678
vn 0.0254 -0.9981 -0.0565
vn 0.0595 -0.9954 -0.0744
vn 0.0429 -0.9967 -0.0682
vn 0.0450 -0.9974 -0.0567
vn 0.0577 -0.9965 -0.0609
vn 0.0979 -0.9874 -0.1242
vn 0.1106 -0.9859 -0.1259
vn 0.0994 -0.9877 -0.1211
vn 0.0816 -0.9893 -0.1213
vn 0.0827 -0.9895 -0.1183
vn 0.0649 -0.9908 -0.1187
vn 0.1015 -0.9879 -0.1170
vn 0.1097 -0.9866 -0.1206
vn 0.0887 -0.9900 -0.1092
vn 0.0663 -0.9916 -0.1108
vn 0.0517 -0.9921 -0.1147
vn 0.0722 -0.9924 -0.0996
vn 0.0731 -0.9937 -0.0845
vn 0.0679 -0.9954 -0.0682
vn 0.0867 -0.9918 -0.0943
vn 0.0771 -0.9941 -0.0762
vn 0.1002 -0.9891 -0.1079
vn 0.0963 -0.9900 -0.1029
vn 0.0826 -0.9931 -0.0837
vn 0.0831 -0.9926 -0.0890
vn 0.0185 -0.9939 -0.1092
vn 0.0294 -0.9937 -0.1086
vn -0.0460 -0.9944 -0.0950
vn -0.0344 -0.9956 -0.0867
vn 0.0736 -0.9917 -0.1050
vn 0.0490 -0.9931 -0.1068
vn 0.0284 -0.9968 -0.0753
vn -0.0073 -0.9968 -0.0791
vn -0.1023 -0.9942 -0.0323
vn -0.0478 -0.9986 -0.0238
vn -0.1706 -0.9835 0.0607
vn -0.2511 -0.9671 0.0397
vn -0.1448 -0.9882 -0.0496
vn -0.3161 -0.9487 0.0055
vn -0.1628 -0.9841 -0.0711
vn -0.3453 -0.9378 -0.0365
vn 0.0510 -0.9894 -0.1361
vn 0.0586 -0.9853 -0.1603
vn 0.0824 -0.9851 -0.1507
vn 0.0745 -0.9885 -0.1320
vn 0.0434 -0.9922 -0.1166
vn 0.0648 -0.9912 -0.1157
vn 0.0267 -0.9899 -0.1390
vn 0.0330 -0.9857 -0.1655
vn 0.0213 -0.9928 -0.1182
vn 0.0291 -0.9959 -0.0860
vn 0.0359 -0.9943 -0.1003
vn 0.0540 -0.9934 -0.1009
vn 0.0432 -0.9953 -0.0863
vn 0.0130 -0.9961 -0.0878
vn 0.0166 -0.9947 -0.1015
vn -0.0049 -0.9946 -0.1034
vn -0.0057 -0.9958 -0.0910
vn -0.0279 -0.9951 -0.0948
vn -0.0292 -0.9941 -0.1046
vn -0.0025 -0.9929 -0.1191
vn -0.0284 -0.9927 -0.1176
vn 0.0059 -0.9863 -0.1650
vn 0.0011 -0.9903 -0.1391
vn -0.0259 -0.9905 -0.1347
vn -0.0219 -0.9873 -0.1572
vn 0.0446 -0.9908 -0.1277
vn 0.0099 -0.9998 -0.0164
vn 0.0062 -1.0000 -0.0007
vn 0.0545 -0.9926 -0.1086
vn 0.0592 -0.9835 -0.1711
vn 0.0769 -0.9852 -0.1529
vn 0.0292 -0.9903 -0.1360
vn 0.0075 -0.9997 -0.0226
vn 0.0372 -0.9830 -0.1796
vn 0.0627 -0.9821 -0.1774
vn 0.0847 -0.9831 -0.1624
vn 0.0376 -0.9821 -0.1848
vn 0.0105 -0.9829 -0.1836
vn -0.0169 -0.9848 -0.1727
vn 0.0129 -0.9840 -0.1776
vn -0.0115 -0.9863 -0.1644
vn 0.0023 -0.9998 -0.0191
vn 0.0113 -0.9910 -0.1332
vn -0.0065 -0.9929 -0.1189
vn -0.0027 -1.0000 -0.0060
vn 0.0993 -0.9847 -0.1432
vn 0.1009 -0.9851 -0.1396
vn 0.0853 -0.9881 -0.1283
vn 0.1025 -0.9869 -0.1243
vn 0.1107 -0.9854 -0.1297
vn 0.0801 -0.9915 -0.1029
vn -0.0094 -0.9997 0.0219
vn 0.0534 -0.9952 -0.0819
vn -0.0427 -0.9980 0.0456
vn 0.0366 -0.9979 -0.0535
vn 0.0025 -0.9995 -0.0310
vn -0.0964 -0.9934 0.0621
vn 0.0609 -0.9947 -0.0828
vn 0.1109 -0.9862 -0.1227
vn 0.0940 -0.9895 -0.1099
vn 0.0710 -0.9921 -0.1036
vn 0.0563 -0.9945 -0.0883
vn 0.0843 -0.9896 -0.1167
vn 0.0856 -0.9906 -0.1070
vn 0.0683 -0.9936 -0.0905
vn 0.0997 -0.9879 -0.1189
vn 0.0947 -0.9872 -0.1285
vn 0.1088 -0.9860 -0.1267
vn 0.1152 -0.9854 -0.1257
vn 0.1093 -0.9867 -0.1205
vn 0.0780 -0.9928 -0.0911
vn 0.0964 -0.9894 -0.1088
vn -0.0321 -0.9925 -0.1183
vn -0.0372 -0.9919 -0.1219
vn -0.0446 -0.9925 -0.1135
vn -0.0434 -0.9929 -0.1106
vn -0.0296 -0.9927 -0.1168
vn -0.0432 -0.9930 -0.1100
vn -0.0306 -0.9917 -0.1251
vn -0.0398 -0.9904 -0.1323
vn -0.0255 -0.9924 -0.1206
vn -0.0315 -0.9926 -0.1176
vn -0.0294 -0.9927 -0.1167
vn -0.0436 -0.9929 -0.1111
vn -0.0446 -0.9925 -0.1137
vn -0.0258 -0.9930 -0.1153
vn -0.0240 -0.9928 -0.1176
vn -0.0269 -0.9933 -0.1121
vn -0.0272 -0.9939 -0.1067
vn -0.0366 -0.9951 -0.0915
vn -0.0386 -0.9943 -0.0989
vn -0.0303 -0.9925 -0.1184
vn -0.0436 -0.9933 -0.1073
vn -0.0508 -0.9891 -0.1381
vn -0.0378 -0.9912 -0.1265
vn -0.0522 -0.9916 -0.1179
vn -0.0669 -0.9889 -0.1328
vn -0.0132 -0.9988 -0.0467
vn 0.0375 -0.9978 0.0553
vn 0.0245 -0.9978 0.0615
vn -0.0159 -0.9991 -0.0391
vn -0.0348 -0.9946 -0.0977
vn -0.0356 -0.9954 -0.0892
vn -0.0161 -0.9978 -0.0638
vn 0.0506 -0.9979 0.0401
vn -0.0426 -0.9926 -0.1140
vn -0.0404 -0.9921 -0.1191
vn -0.0436 -0.9929 -0.1104
vn -0.0471 -0.9900 -0.1331
vn -0.0615 -0.9877 -0.1436
vn -0.0783 -0.9867 -0.1425
vn -0.0565 -0.9901 -0.1287
vn -0.0693 -0.9887 -0.1326
vn 0.0689 -0.9974 0.0226
vn -0.0213 -0.9965 -0.0810
vn -0.0203 -0.9957 -0.0903
vn 0.1020 -0.9948 0.0067
vn -0.0495 -0.9922 -0.1146
vn -0.0537 -0.9919 -0.1148
vn -0.0398 -0.9946 -0.0958
vn -0.0488 -0.9901 -0.1314
vn -0.0542 -0.9905 -0.1265
vn -0.0393 -0.9925 -0.1160
vn 0.0113 -0.9984 0.0546
vn -0.0216 -0.9987 -0.0471
vn 0.0010 -0.9993 0.0367
vn -0.0240 -0.9974 -0.0685
vn -0.0194 -0.9953 -0.0952
vn -0.0039 -0.9999 0.0143
vn -0.0303 -0.9894 -0.1418
vn -0.0439 -0.9888 -0.1428
vn -0.0384 -0.9874 -0.1534
vn -0.0566 -0.9928 -0.1058
vn -0.0558 -0.9926 -0.1075
vn -0.0563 -0.9928 -0.1062
vn -0.0585 -0.9928 -0.1042
vn -0.0564 -0.9931 -0.1027
vn -0.0585 -0.9924 -0.1083
vn -0.0552 -0.9925 -0.1090
vn -0.0569 -0.9917 -0.1155
vn -0.0474 -0.9909 -0.1257
vn -0.0493 -0.9923 -0.1132
vn -0.0470 -0.9940 -0.0987
vn -0.0493 -0.9933 -0.1045
vn -0.0206 -0.9997 -0.0112
vn -0.0150 -0.9998 -0.0145
vn -0.0164 -0.9997 -0.0157
vn -0.0219 -0.9997 -0.0126
vn -0.0232 -0.9997 -0.0093
vn -0.0244 -0.9996 -0.0108
vn -0.0196 -0.9998 -0.0100
vn -0.0143 -0.9998 -0.0134
vn -0.0220 -0.9997 -0.0079
vn -0.0199 -0.9998 -0.0087
vn -0.0229 -0.9997 -0.0085
vn -0.0239 -0.9997 -0.0101
vn -0.0208 -0.9997 -0.0102
vn -0.0188 -0.9998 -0.0073
vn -0.0217 -0.9997 -0.0071
vn -0.0202 -0.9998 -0.0057
vn -0.0175 -0.9998 -0.0059
vn -0.0160 -0.9999 -0.0047
vn -0.0185 -0.9998 -0.0045
vn -0.0206 -0.9998 -0.0066
vn -0.0190 -0.9998 -0.0054
vn -0.0139 -0.9998 -0.0125
vn -0.0186 -0.9998 -0.0088
vn -0.0174 -0.9998 -0.0078
vn -0.0135 -0.9998 -0.0118
vn 0.0390 -0.9984 -0.0408
vn 0.0892 -0.9939 -0.0643
vn 0.0966 -0.9934 -0.0620
vn 0.0411 -0.9983 -0.0407
vn 0.0111 -0.9996 -0.0277
vn 0.0109 -0.9995 -0.0285
vn 0.0350 -0.9985 -0.0420
vn 0.0798 -0.9945 -0.0680
vn 0.0098 -0.9996 -0.0276
vn -0.0053 -0.9998 -0.0196
vn -0.0065 -0.9998 -0.0207
vn -0.0052 -0.9998 -0.0188
vn -0.0058 -0.9998 -0.0184
vn -0.0067 -0.9998 -0.0184
vn 0.0075 -0.9996 -0.0280
vn 0.0047 -0.9996 -0.0289
vn 0.0689 -0.9950 -0.0726
vn 0.0297 -0.9986 -0.0439
vn 0.0236 -0.9986 -0.0464
vn 0.0572 -0.9953 -0.0780
vn -0.0090 -0.9997 -0.0219
vn -0.0184 -0.9997 -0.0170
vn 0.0087 -0.9995 -0.0295
vn -0.0126 -0.9997 -0.0231
vn -0.0210 -0.9996 -0.0183
vn 0.0039 -0.9995 -0.0306
vn 0.1013 -0.9930 -0.0613
vn 0.0405 -0.9983 -0.0413
vn 0.1026 -0.9928 -0.0621
vn 0.0358 -0.9985 -0.0425
vn 0.0254 -0.9987 -0.0439
vn 0.0989 -0.9930 -0.0648
vn 0.0950 -0.9929 -0.0721
vn 0.0098 -0.9989 -0.0454
vn -0.0035 -0.9995 -0.0317
vn -0.0126 -0.9994 -0.0331
vn -0.0239 -0.9995 -0.0198
vn -0.0172 -0.9996 -0.0243
vn -0.0224 -0.9994 -0.0260
vn -0.0270 -0.9994 -0.0217
vn -0.0247 -0.9996 -0.0116
vn -0.0214 -0.9997 -0.0117
vn -0.0255 -0.9996 -0.0123
vn -0.0254 -0.9996 -0.0133
vn -0.0218 -0.9997 -0.0133
vn -0.0265 -0.9996 -0.0139
vn -0.0233 -0.9996 -0.0140
vn -0.0250 -0.9996 -0.0155
vn -0.0268 -0.9995 -0.0171
vn -0.0285 -0.9994 -0.0190
vn -0.0274 -0.9995 -0.0156
vn -0.0283 -0.9994 -0.0174
vn -0.0220 -0.9996 -0.0149
vn -0.0258 -0.9996 -0.0150
vn -0.0261 -0.9995 -0.0167
vn -0.0221 -0.9996 -0.0166
vn -0.0072 -1.0000 -0.0041
vn -0.0060 -0.9999 -0.0091
vn -0.0082 -0.9999 -0.0095
vn -0.0097 -0.9999 -0.0047
vn -0.0077 -1.0000 -0.0014
vn -0.0103 -0.9999 -0.0020
vn -0.0045 -1.0000 -0.0037
vn -0.0037 -1.0000 -0.0088
vn -0.0049 -1.0000 -0.0009
vn -0.0078 -1.0000 -0.0005
vn -0.0078 -1.0000 -0.0001
vn -0.0104 -0.9999 -0.0006
vn -0.0099 -1.0000 -0.0005
vn -0.0051 -1.0000 -0.0005
vn -0.0051 -1.0000 0.0002
vn -0.0021 -1.0000 0.0004
vn -0.0022 -1.0000 -0.0004
vn 0.0008 -1.0000 -0.0003
vn 0.0009 -1.0000 0.0004
vn -0.0020 -1.0000 -0.0006
vn 0.0010 -1.0000 -0.0005
vn -0.0013 -1.0000 -0.0086
vn -0.0018 -1.0000 -0.0034
vn 0.0010 -1.0000 -0.0033
vn 0.0011 -1.0000 -0.0085
vn 0.0062 -0.9986 -0.0531
vn 0.0177 -0.9955 -0.0926
vn 0.0235 -0.9956 -0.0909
vn 0.0082 -0.9986 -0.0524
vn -0.0001 -0.9995 -0.0309
vn -0.0003 -0.9995 -0.0308
vn 0.0045 -0.9985 -0.0537
vn 0.0123 -0.9955 -0.0940
vn 0.0003 -0.9995 -0.0311
vn -0.0039 -0.9998 -0.0175
vn -0.0053 -0.9998 -0.0177
vn -0.0023 -0.9998 -0.0173
vn -0.0005 -0.9999 -0.0172
vn 0.0012 -0.9999 -0.0172
vn 0.0008 -0.9995 -0.0312
vn 0.0012 -0.9995 -0.0312
vn 0.0070 -0.9955 -0.0950
vn 0.0030 -0.9985 -0.0541
vn 0.0013 -0.9985 -0.0543
vn 0.0015 -0.9954 -0.0954
vn -0.0064 -0.9998 -0.0179
vn -0.0101 -0.9999 -0.0100
vn -0.0001 -0.9995 -0.0306
vn -0.0071 -0.9998 -0.0182
vn -0.0117 -0.9999 -0.0106
vn 0.0007 -0.9995 -0.0303
vn 0.0300 -0.9956 -0.0888
vn 0.0107 -0.9986 -0.0515
vn 0.0375 -0.9956 -0.0862
vn 0.0139 -0.9986 -0.0504
vn 0.0181 -0.9986 -0.0488
vn 0.0464 -0.9955 -0.0827
vn 0.0022 -0.9996 -0.0298
vn -0.0129 -0.9999 -0.0112
vn -0.0072 -0.9998 -0.0183
vn -0.0126 -0.9999 -0.0013
vn -0.0112 -0.9999 -0.0014
vn -0.0127 -0.9999 -0.0026
vn -0.0146 -0.9999 -0.0022
vn -0.0127 -0.9999 -0.0025
vn -0.0150 -0.9999 -0.0034
vn -0.0120 -0.9999 -0.0053
vn -0.0142 -0.9999 -0.0060
vn -0.0160 -0.9998 -0.0068
vn -0.0172 -0.9998 -0.0043
vn -0.0144 -0.9999 -0.0036
vn -0.0166 -0.9999 -0.0033
vn 0.0133 -0.9999 -0.0050
vn 0.0113 -0.9999 -0.0097
vn 0.0097 -0.9999 -0.0093
vn 0.0112 -0.9999 -0.0045
vn 0.0140 -0.9999 -0.0024
vn 0.0118 -0.9999 -0.0019
vn 0.0152 -0.9999 -0.0056
vn 0.0126 -0.9999 -0.0102
vn 0.0161 -0.9999 -0.0031
vn 0.0125 -0.9999 -0.0013
vn 0.0139 -0.9999 -0.0012
vn 0.0118 -0.9999 -0.0005
vn 0.0114 -0.9999 -0.0004
vn 0.0138 -0.9999 -0.0023
vn 0.0157 -0.9999 -0.0021
vn 0.0176 -0.9998 -0.0031
vn 0.0154 -0.9999 -0.0034
vn 0.0169 -0.9998 -0.0045
vn 0.0193 -0.9998 -0.0042
vn 0.0181 -0.9998 -0.0041
vn 0.0197 -0.9998 -0.0051
vn 0.0136 -0.9999 -0.0106
vn 0.0168 -0.9998 -0.0064
vn 0.0181 -0.9998 -0.0073
vn 0.0141 -0.9998 -0.0111
vn -0.0100 -0.9987 -0.0509
vn -0.0298 -0.9957 -0.0879
vn -0.0225 -0.9956 -0.0905
vn -0.0069 -0.9986 -0.0521
vn 0.0010 -0.9995 -0.0301
vn 0.0017 -0.9995 -0.0305
vn -0.0137 -0.9987 -0.0493
vn -0.0378 -0.9957 -0.0846
vn -0.0002 -0.9996 -0.0296
vn 0.0075 -0.9998 -0.0176
vn 0.0067 -0.9998 -0.0175
vn 0.0078 -0.9998 -0.0176
vn 0.0077 -0.9998 -0.0176
vn 0.0070 -0.9998 -0.0174
vn -0.0020 -0.9996 -0.0288
vn -0.0046 -0.9996 -0.0276
vn -0.0472 -0.9956 -0.0805
vn -0.0182 -0.9987 -0.0473
vn -0.0240 -0.9987 -0.0445
vn -0.0583 -0.9955 -0.0751
vn 0.0056 -0.9998 -0.0174
vn 0.0078 -0.9999 -0.0090
vn 0.0019 -0.9995 -0.0309
vn 0.0043 -0.9998 -0.0173
vn 0.0057 -0.9999 -0.0087
vn 0.0019 -0.9995 -0.0311
vn -0.0160 -0.9956 -0.0925
vn -0.0045 -0.9986 -0.0530
vn -0.0100 -0.9955 -0.0941
vn -0.0023 -0.9986 -0.0537
vn -0.0005 -0.9985 -0.0542
vn -0.0042 -0.9955 -0.0951
vn 0.0016 -0.9995 -0.0312
vn 0.0035 -1.0000 -0.0086
vn 0.0028 -0.9998 -0.0172
vn 0.0094 -1.0000 -0.0000
vn 0.0093 -1.0000 -0.0004
vn 0.0094 -1.0000 -0.0013
vn 0.0067 -1.0000 0.0002
vn 0.0067 -1.0000 -0.0004
vn 0.0067 -1.0000 -0.0009
vn 0.0089 -1.0000 -0.0040
vn 0.0064 -1.0000 -0.0036
vn 0.0038 -1.0000 -0.0034
vn 0.0039 -1.0000 -0.0006
vn 0.0038 -1.0000 -0.0004
vn 0.0039 -1.0000 0.0004
vn 0.0236 -0.9996 -0.0137
vn 0.0187 -0.9997 -0.0166
vn 0.0166 -0.9997 -0.0151
vn 0.0222 -0.9997 -0.0122
vn 0.0258 -0.9996 -0.0121
vn 0.0247 -0.9996 -0.0105
vn 0.0253 -0.9996 -0.0153
vn 0.0213 -0.9996 -0.0180
vn 0.0268 -0.9995 -0.0137
vn 0.0218 -0.9997 -0.0116
vn 0.0251 -0.9996 -0.0115
vn 0.0243 -0.9997 -0.0099
vn 0.0212 -0.9997 -0.0100
vn 0.0222 -0.9997 -0.0132
vn 0.0257 -0.9996 -0.0132
vn 0.0261 -0.9995 -0.0149
vn 0.0224 -0.9996 -0.0149
vn 0.0225 -0.9996 -0.0166
vn 0.0264 -0.9995 -0.0167
vn 0.0277 -0.9995 -0.0155
vn 0.0285 -0.9994 -0.0174
vn 0.0242 -0.9995 -0.0197
vn 0.0270 -0.9995 -0.0170
vn 0.0288 -0.9994 -0.0189
vn 0.0272 -0.9994 -0.0216
vn -0.0403 -0.9984 -0.0398
vn -0.1012 -0.9931 -0.0589
vn -0.0968 -0.9935 -0.0590
vn -0.0411 -0.9984 -0.0388
vn -0.0085 -0.9996 -0.0286
vn -0.0108 -0.9996 -0.0272
vn -0.0355 -0.9985 -0.0415
vn -0.1021 -0.9929 -0.0605
vn -0.0036 -0.9995 -0.0299
vn 0.0092 -0.9997 -0.0213
vn 0.0067 -0.9998 -0.0198
vn 0.0128 -0.9997 -0.0226
vn 0.0174 -0.9996 -0.0241
vn 0.0227 -0.9994 -0.0259
vn 0.0038 -0.9995 -0.0313
vn 0.0129 -0.9994 -0.0329
vn -0.0981 -0.9931 -0.0640
vn -0.0249 -0.9988 -0.0433
vn -0.0093 -0.9989 -0.0453
vn 0.0055 -0.9998 -0.0186
vn 0.0153 -0.9998 -0.0138
vn -0.0111 -0.9996 -0.0262
vn 0.0054 -0.9998 -0.0178
vn 0.0146 -0.9998 -0.0127
vn -0.0099 -0.9996 -0.0260
vn -0.0898 -0.9941 -0.0609
vn -0.0392 -0.9985 -0.0387
vn -0.0807 -0.9946 -0.0645
vn -0.0353 -0.9986 -0.0397
vn -0.0301 -0.9987 -0.0417
vn -0.0700 -0.9951 -0.0693
vn -0.0075 -0.9996 -0.0265
vn 0.0143 -0.9998 -0.0118
vn 0.0061 -0.9998 -0.0174
vn 0.0234 -0.9997 -0.0083
vn 0.0204 -0.9998 -0.0085
vn 0.0236 -0.9997 -0.0090
vn 0.0222 -0.9997 -0.0069
vn 0.0194 -0.9998 -0.0071
vn 0.0225 -0.9997 -0.0076
vn 0.0210 -0.9997 -0.0108
vn 0.0200 -0.9998 -0.0095
vn 0.0191 -0.9998 -0.0083
vn 0.0212 -0.9998 -0.0063
vn 0.0182 -0.9998 -0.0058
vn 0.0209 -0.9998 -0.0055
vn 0.0335 -0.9990 -0.0294
vn 0.0379 -0.9988 -0.0325
vn 0.0372 -0.9988 -0.0304
vn 0.0336 -0.9991 -0.0273
vn 0.0291 -0.9992 -0.0270
vn 0.0297 -0.9992 -0.0251
vn 0.0325 -0.9990 -0.0314
vn 0.0374 -0.9987 -0.0347
vn 0.0279 -0.9992 -0.0289
vn 0.0204 -0.9995 -0.0246
vn 0.0247 -0.9994 -0.0255
vn 0.0256 -0.9994 -0.0238
vn 0.0212 -0.9995 -0.0231
vn 0.0194 -0.9995 -0.0260
vn 0.0236 -0.9994 -0.0271
vn 0.0222 -0.9993 -0.0286
vn 0.0182 -0.9995 -0.0274
vn 0.0169 -0.9994 -0.0286
vn 0.0205 -0.9993 -0.0300
vn 0.0264 -0.9992 -0.0306
vn 0.0245 -0.9992 -0.0323
vn 0.0359 -0.9987 -0.0370
vn 0.0309 -0.9990 -0.0335
vn 0.0288 -0.9990 -0.0355
vn 0.0334 -0.9987 -0.0394
vn 0.0591 -0.9968 -0.0542
vn 0.0526 -0.9974 -0.0497
vn 0.0506 -0.9977 -0.0441
vn 0.0467 -0.9981 -0.0411
vn 0.0639 -0.9962 -0.0596
vn 0.0528 -0.9975 -0.0477
vn 0.0434 -0.9984 -0.0370
vn 0.0414 -0.9985 -0.0348
vn 0.0438 -0.9983 -0.0397
vn 0.0427 -0.9982 -0.0426
vn 0.0402 -0.9982 -0.0456
vn 0.0528 -0.9973 -0.0517
vn 0.0504 -0.9972 -0.0555
vn 0.0660 -0.9957 -0.0651
vn 0.0645 -0.9955 -0.0697
vn 0.0380 -0.9987 -0.0327
vn 0.0355 -0.9990 -0.0283
vn 0.0411 -0.9984 -0.0389
vn 0.0336 -0.9990 -0.0304
vn 0.0331 -0.9991 -0.0260
vn 0.0329 -0.9988 -0.0372
vn 0.0439 -0.9979 -0.0469
vn 0.0309 -0.9985 -0.0462
vn 0.0109 -0.9989 -0.0465
vn 0.0230 -0.9991 -0.0352
vn 0.0302 -0.9993 -0.0238
vn 0.0282 -0.9992 -0.0281
vn 0.0261 -0.9994 -0.0221
vn 0.0218 -0.9995 -0.0215
vn 0.0299 -0.9993 -0.0232
vn 0.0264 -0.9994 -0.0203
vn 0.0222 -0.9996 -0.0199
vn 0.0297 -0.9993 -0.0213
vn 0.0330 -0.9991 -0.0252
vn 0.0319 -0.9992 -0.0231
vn 0.0305 -0.9993 -0.0210
vn 0.0292 -0.9994 -0.0193
vn 0.0224 -0.9996 -0.0182
vn 0.0265 -0.9995 -0.0185
vn 0.0126 -0.9990 -0.0428
vn 0.0144 -0.9987 -0.0484
vn 0.0192 -0.9987 -0.0469
vn 0.0166 -0.9990 -0.0417
vn 0.0110 -0.9992 -0.0384
vn 0.0144 -0.9992 -0.0376
vn 0.0081 -0.9990 -0.0441
vn 0.0085 -0.9987 -0.0505
vn 0.0075 -0.9992 -0.0391
vn 0.0093 -0.9994 -0.0327
vn 0.0098 -0.9993 -0.0350
vn 0.0126 -0.9993 -0.0346
vn 0.0113 -0.9994 -0.0328
vn 0.0067 -0.9994 -0.0327
vn 0.0069 -0.9994 -0.0352
vn 0.0039 -0.9994 -0.0355
vn 0.0038 -0.9995 -0.0328
vn 0.0008 -0.9995 -0.0328
vn 0.0006 -0.9994 -0.0359
vn 0.0037 -0.9992 -0.0400
vn -0.0005 -0.9991 -0.0414
vn 0.0013 -0.9986 -0.0536
vn 0.0029 -0.9989 -0.0460
vn -0.0031 -0.9988 -0.0488
vn -0.0075 -0.9983 -0.0583
vn 0.0235 -0.9970 -0.0738
vn 0.0341 -0.9967 -0.0730
vn 0.0195 -0.9978 -0.0637
vn 0.0274 -0.9977 -0.0623
vn 0.0106 -0.9970 -0.0763
vn 0.0093 -0.9977 -0.0665
vn 0.0166 -0.9983 -0.0553
vn 0.0226 -0.9983 -0.0537
vn 0.0088 -0.9983 -0.0580
vn -0.0010 -0.9981 -0.0621
vn -0.0133 -0.9976 -0.0684
vn -0.0034 -0.9975 -0.0711
vn -0.0194 -0.9968 -0.0777
vn -0.0052 -0.9967 -0.0806
vn -0.0245 -0.9960 -0.0864
vn 0.0276 -0.9983 -0.0523
vn 0.0233 -0.9987 -0.0455
vn 0.0341 -0.9975 -0.0615
vn 0.0323 -0.9982 -0.0505
vn 0.0270 -0.9987 -0.0437
vn 0.0405 -0.9974 -0.0604
vn 0.0434 -0.9964 -0.0734
vn 0.0522 -0.9959 -0.0735
vn 0.0596 -0.9956 -0.0725
vn 0.0461 -0.9972 -0.0585
vn 0.0304 -0.9987 -0.0417
vn 0.0366 -0.9982 -0.0483
vn 0.0149 -0.9993 -0.0336
vn 0.0125 -0.9994 -0.0318
vn 0.0173 -0.9992 -0.0366
vn 0.0168 -0.9993 -0.0324
vn 0.0138 -0.9994 -0.0308
vn 0.0199 -0.9992 -0.0352
vn 0.0201 -0.9990 -0.0405
vn 0.0233 -0.9990 -0.0390
vn 0.0262 -0.9990 -0.0373
vn 0.0223 -0.9992 -0.0338
vn 0.0154 -0.9994 -0.0298
vn 0.0187 -0.9993 -0.0313
vn -0.0240 -0.9980 -0.0582
vn -0.0297 -0.9966 -0.0765
vn -0.0299 -0.9965 -0.0785
vn -0.0223 -0.9979 -0.0602
vn -0.0192 -0.9988 -0.0449
vn -0.0165 -0.9988 -0.0468
vn -0.0254 -0.9982 -0.0537
vn -0.0297 -0.9971 -0.0702
vn -0.0210 -0.9989 -0.0418
vn -0.0112 -0.9994 -0.0317
vn -0.0147 -0.9993 -0.0358
vn -0.0122 -0.9992 -0.0372
vn -0.0099 -0.9994 -0.0326
vn -0.0127 -0.9994 -0.0307
vn -0.0165 -0.9993 -0.0340
vn -0.0182 -0.9993 -0.0323
vn -0.0144 -0.9995 -0.0296
vn -0.0160 -0.9995 -0.0284
vn -0.0200 -0.9993 -0.0305
vn -0.0226 -0.9990 -0.0384
vn -0.0243 -0.9991 -0.0349
vn -0.0302 -0.9977 -0.0615
vn -0.0266 -0.9985 -0.0480
vn -0.0283 -0.9987 -0.0419
vn -0.0320 -0.9981 -0.0517
vn -0.0341 -0.9927 -0.1158
vn -0.0446 -0.9925 -0.1139
vn -0.0351 -0.9935 -0.1080
vn -0.0421 -0.9933 -0.1080
vn -0.0290 -0.9934 -0.1107
vn -0.0314 -0.9944 -0.1012
vn -0.0340 -0.9949 -0.0948
vn -0.0373 -0.9947 -0.0962
vn -0.0321 -0.9957 -0.0875
vn -0.0319 -0.9966 -0.0763
vn -0.0345 -0.9974 -0.0630
vn -0.0311 -0.9955 -0.0893
vn -0.0355 -0.9966 -0.0738
vn -0.0293 -0.9946 -0.0997
vn -0.0360 -0.9959 -0.0835
vn -0.0381 -0.9950 -0.0922
vn -0.0282 -0.9967 -0.0761
vn -0.0466 -0.9936 -0.1025
vn -0.0337 -0.9958 -0.0851
vn -0.0233 -0.9972 -0.0710
vn -0.0435 -0.9945 -0.0948
vn -0.0527 -0.9928 -0.1077
vn -0.0514 -0.9936 -0.1006
vn -0.0419 -0.9948 -0.0933
vn -0.0343 -0.9957 -0.0860
vn -0.0163 -0.9978 -0.0645
vn -0.0252 -0.9968 -0.0765
vn -0.0090 -0.9993 -0.0374
vn -0.0078 -0.9994 -0.0326
vn -0.0129 -0.9988 -0.0466
vn -0.0059 -0.9993 -0.0368
vn -0.0051 -0.9995 -0.0326
vn -0.0089 -0.9989 -0.0450
vn -0.0192 -0.9981 -0.0592
vn -0.0147 -0.9983 -0.0563
vn -0.0092 -0.9986 -0.0524
vn -0.0048 -0.9991 -0.0431
vn -0.0022 -0.9995 -0.0327
vn -0.0027 -0.9993 -0.0364
vn -0.0327 -0.9991 -0.0252
vn -0.0351 -0.9990 -0.0282
vn -0.0368 -0.9989 -0.0303
vn -0.0332 -0.9991 -0.0272
vn -0.0296 -0.9993 -0.0231
vn -0.0293 -0.9993 -0.0250
vn -0.0316 -0.9992 -0.0230
vn -0.0328 -0.9991 -0.0259
vn -0.0294 -0.9993 -0.0212
vn -0.0214 -0.9995 -0.0214
vn -0.0258 -0.9994 -0.0220
vn -0.0252 -0.9994 -0.0237
vn -0.0207 -0.9995 -0.0230
vn -0.0218 -0.9996 -0.0198
vn -0.0261 -0.9995 -0.0202
vn -0.0262 -0.9995 -0.0185
vn -0.0220 -0.9996 -0.0182
vn -0.0290 -0.9994 -0.0193
vn -0.0300 -0.9993 -0.0237
vn -0.0302 -0.9993 -0.0210
vn -0.0426 -0.9981 -0.0447
vn -0.0445 -0.9976 -0.0522
vn -0.0547 -0.9972 -0.0518
vn -0.0495 -0.9977 -0.0452
vn -0.0401 -0.9985 -0.0380
vn -0.0448 -0.9982 -0.0394
vn -0.0303 -0.9985 -0.0453
vn -0.0254 -0.9982 -0.0547
vn -0.0324 -0.9988 -0.0368
vn -0.0375 -0.9988 -0.0325
vn -0.0405 -0.9986 -0.0344
vn -0.0332 -0.9990 -0.0303
vn -0.0279 -0.9992 -0.0281
vn -0.0226 -0.9991 -0.0351
vn 0.0115 -0.9982 -0.0593
vn -0.0104 -0.9989 -0.0462
vn -0.0417 -0.9984 -0.0373
vn -0.0372 -0.9988 -0.0330
vn -0.0466 -0.9980 -0.0424
vn -0.0407 -0.9983 -0.0426
vn -0.0363 -0.9987 -0.0371
vn -0.0453 -0.9978 -0.0489
vn -0.0580 -0.9968 -0.0549
vn -0.0520 -0.9975 -0.0483
vn -0.0555 -0.9965 -0.0627
vn -0.0501 -0.9972 -0.0556
vn -0.0446 -0.9967 -0.0672
vn -0.0481 -0.9960 -0.0750
vn -0.0415 -0.9974 -0.0591
vn -0.0345 -0.9985 -0.0432
vn -0.0383 -0.9980 -0.0509
vn -0.0242 -0.9994 -0.0254
vn -0.0199 -0.9995 -0.0245
vn -0.0286 -0.9992 -0.0270
vn -0.0230 -0.9994 -0.0270
vn -0.0188 -0.9995 -0.0259
vn -0.0274 -0.9992 -0.0292
vn -0.0329 -0.9990 -0.0295
vn -0.0318 -0.9990 -0.0326
vn -0.0303 -0.9989 -0.0366
vn -0.0259 -0.9992 -0.0318
vn -0.0175 -0.9995 -0.0272
vn -0.0216 -0.9994 -0.0287
vn -0.0728 -0.9929 -0.0939
vn -0.0764 -0.9933 -0.0872
vn -0.0701 -0.9945 -0.0784
vn -0.0556 -0.9953 -0.0797
vn -0.0294 -0.9956 -0.0893
vn -0.0025 -0.9968 -0.0794
vn -0.0849 -0.9902 -0.1109
vn -0.0811 -0.9915 -0.1014
vn -0.0565 -0.9928 -0.1058
vn 0.2811 -0.9590 -0.0350
vn 0.0797 -0.9942 -0.0719
vn 0.1106 -0.9910 -0.0749
vn 0.3007 -0.9517 -0.0626
vn 0.2220 -0.9749 -0.0154
vn 0.0334 -0.9964 -0.0779
vn -0.0031 -0.9961 -0.0876
vn 0.1551 -0.9879 -0.0048
vn -0.0711 -0.9899 -0.1230
vn -0.0791 -0.9899 -0.1179
vn -0.0879 -0.9877 -0.1291
vn -0.0634 -0.9961 -0.0619
vn -0.0588 -0.9966 -0.0586
vn -0.0669 -0.9954 -0.0689
vn -0.0610 -0.9960 -0.0648
vn -0.0607 -0.9957 -0.0702
vn -0.0655 -0.9948 -0.0782
vn -0.0698 -0.9946 -0.0767
vn -0.0642 -0.9954 -0.0711
vn -0.0708 -0.9936 -0.0880
vn -0.0656 -0.9925 -0.1026
vn -0.0578 -0.9941 -0.0916
vn -0.0523 -0.9952 -0.0829
vn -0.0445 -0.9964 -0.0717
vn -0.0431 -0.9969 -0.0662
vn 0.0063 -0.9971 -0.0757
vn -0.0026 -0.9974 -0.0716
vn -0.0446 -0.9972 -0.0597
vn -0.0157 -0.9978 -0.0638
vn 0.0414 -0.9965 -0.0722
vn 0.1476 -0.9851 -0.0882
vn 0.0754 -0.9939 -0.0806
vn 0.2110 -0.9729 -0.0947
vn 0.1054 -0.9911 -0.0809
vn 0.2700 -0.9590 -0.0857
vn -0.9443 0.2776 0.1768
vn -0.9511 0.3011 0.0685
vn -0.9991 -0.0074 0.0410
vn -0.9884 -0.0126 0.1513
vn -0.9110 0.2810 0.3020
vn -0.9594 -0.0201 0.2813
vn -0.8502 0.4914 0.1888
vn -0.8492 0.5210 0.0864
vn -0.8115 0.5003 0.3019
vn -0.7538 0.3352 0.5651
vn -0.8470 0.3045 0.4357
vn -0.9039 -0.0300 0.4268
vn -0.8157 -0.0416 0.5770
vn -0.6397 0.5758 0.5091
vn -0.7372 0.5349 0.4128
vn -0.6290 0.6762 0.3836
vn -0.5377 0.7097 0.4552
vn -0.7043 0.6465 0.2933
vn -0.7351 0.6708 0.0979
vn -0.7441 0.6396 0.1931
vn -0.8801 0.4592 -0.1210
vn -0.8508 0.5039 -0.1491
vn -0.9814 -0.0045 -0.1922
vn -0.9870 -0.0038 -0.1607
vn -0.9112 0.4045 -0.0785
vn -0.9936 -0.0037 -0.1131
vn -0.6869 0.7223 -0.0803
vn -0.6332 0.7673 -0.1016
vn -0.7514 0.6581 -0.0470
vn -0.9376 0.3473 -0.0169
vn -0.9989 -0.0047 -0.0470
vn -0.8121 0.5835 0.0066
vn -0.6810 0.7319 0.0237
vn -0.6012 0.7988 -0.0239
vn -0.4630 0.8836 -0.0694
vn -0.5190 0.8532 -0.0515
vn -0.9149 -0.3965 -0.0759
vn -0.9359 -0.3521 0.0053
vn -0.8800 -0.4562 -0.1323
vn -0.7139 -0.6942 -0.0919
vn -0.7680 -0.6399 -0.0279
vn -0.6342 -0.7623 -0.1289
vn -0.8068 -0.5619 -0.1825
vn -0.8410 -0.5147 -0.1663
vn -0.4916 -0.8597 -0.1388
vn -0.5535 -0.8207 -0.1416
vn -0.3132 -0.9427 -0.1152
vn -0.2620 -0.9595 -0.1034
vn -0.3990 -0.9095 -0.1165
vn -0.5501 -0.8333 -0.0541
vn -0.4864 -0.8683 -0.0970
vn -0.8402 -0.4046 0.3610
vn -0.7392 -0.4614 0.4907
vn -0.9050 -0.3577 0.2302
vn -0.6623 -0.7059 0.2513
vn -0.5476 -0.7670 0.3345
vn -0.7443 -0.6494 0.1559
vn -0.9349 -0.3377 0.1091
vn -0.7803 -0.6227 0.0582
vn -0.5673 -0.8235 0.0079
vn -0.5292 -0.8450 0.0766
vn -0.3410 -0.9224 0.1813
vn -0.4463 -0.8844 0.1366
vn -0.2617 0.4189 0.8695
vn -0.3503 0.4132 0.8406
vn -0.3847 -0.0660 0.9207
vn -0.2871 -0.0683 0.9555
vn -0.1749 0.4216 0.8897
vn -0.1913 -0.0698 0.9790
vn -0.2130 0.6735 0.7078
vn -0.2853 0.6669 0.6883
vn -0.1426 0.6768 0.7223
vn -0.0005 0.4225 0.9064
vn -0.0885 0.4224 0.9021
vn -0.0963 -0.0705 0.9929
vn -0.0000 -0.0707 0.9975
vn -0.0008 0.6781 0.7350
vn -0.0724 0.6779 0.7316
vn -0.0608 0.7897 0.6105
vn -0.0009 0.7899 0.6132
vn -0.1192 0.7888 0.6031
vn -0.2375 0.7809 0.5778
vn -0.1775 0.7861 0.5920
vn -0.6459 0.3642 0.6710
vn -0.7058 -0.0511 0.7066
vn -0.5409 0.3867 0.7469
vn -0.5939 -0.0580 0.8025
vn -0.5376 0.6112 0.5808
vn -0.4448 0.6374 0.6292
vn -0.4426 0.4028 0.8012
vn -0.4863 -0.0629 0.8715
vn -0.3616 0.6554 0.6631
vn -0.3007 0.7718 0.5602
vn -0.3699 0.7578 0.5374
vn -0.4484 0.7375 0.5050
vn -0.4017 -0.5732 0.7142
vn -0.3112 -0.5895 0.7454
vn -0.5046 -0.5478 0.6673
vn -0.2430 -0.8695 0.4300
vn -0.1799 -0.8826 0.4343
vn -0.3246 -0.8482 0.4186
vn -0.6193 -0.5109 0.5962
vn -0.4271 -0.8153 0.3911
vn -0.2404 -0.9493 0.2026
vn -0.1626 -0.9658 0.2019
vn -0.0712 -0.9813 0.1788
vn -0.1074 -0.9757 0.1912
vn -0.0755 -0.6049 0.7927
vn 0.0007 -0.6041 0.7969
vn -0.1513 -0.6038 0.7827
vn -0.0414 -0.8928 0.4485
vn 0.0007 -0.8907 0.4547
vn -0.0836 -0.8929 0.4425
vn -0.2292 -0.5991 0.7672
vn -0.1287 -0.8898 0.4377
vn -0.0473 -0.9842 0.1706
vn -0.0297 -0.9852 0.1687
vn -0.0003 -0.9831 0.1828
vn -0.0151 -0.9848 0.1730
vn 0.4326 0.4027 0.8067
vn 0.3429 0.4132 0.8436
vn 0.3771 -0.0661 0.9238
vn 0.4756 -0.0630 0.8774
vn 0.5284 0.3865 0.7559
vn 0.5802 -0.0585 0.8124
vn 0.3532 0.6555 0.6675
vn 0.2789 0.6671 0.6908
vn 0.4344 0.6373 0.6365
vn 0.7401 0.3346 0.5834
vn 0.6319 0.3637 0.6845
vn 0.6905 -0.0518 0.7215
vn 0.8010 -0.0426 0.5971
vn 0.6276 0.5756 0.5242
vn 0.5257 0.6111 0.5918
vn 0.4382 0.7375 0.5138
vn 0.5272 0.7096 0.4675
vn 0.3610 0.7579 0.5433
vn 0.2318 0.7811 0.5797
vn 0.2935 0.7720 0.5638
vn 0.0869 0.4225 0.9022
vn 0.0956 -0.0705 0.9929
vn 0.1718 0.4218 0.8902
vn 0.1890 -0.0698 0.9795
vn 0.0704 0.6780 0.7316
vn 0.1394 0.6770 0.7226
vn 0.2566 0.4191 0.8709
vn 0.2823 -0.0683 0.9569
vn 0.2082 0.6738 0.7089
vn 0.1732 0.7864 0.5929
vn 0.1161 0.7890 0.6033
vn 0.0587 0.7899 0.6105
vn 0.2275 -0.5931 0.7723
vn 0.3073 -0.5839 0.7514
vn 0.1512 -0.5989 0.7864
vn 0.1348 -0.8769 0.4615
vn 0.1862 -0.8702 0.4562
vn 0.0878 -0.8825 0.4620
vn 0.0765 -0.6022 0.7946
vn 0.0437 -0.8872 0.4594
vn 0.0168 -0.9805 0.1960
vn 0.0374 -0.9771 0.2095
vn 0.0902 -0.9707 0.2225
vn 0.0621 -0.9736 0.2196
vn 0.6046 -0.5146 0.6080
vn 0.7237 -0.4678 0.5073
vn 0.4932 -0.5477 0.6758
vn 0.4098 -0.8243 0.3906
vn 0.5219 -0.7844 0.3351
vn 0.3183 -0.8479 0.4239
vn 0.3944 -0.5698 0.7210
vn 0.2454 -0.8616 0.4443
vn 0.1224 -0.9686 0.2164
vn 0.1625 -0.9657 0.2027
vn 0.2937 -0.9432 0.1551
vn 0.2169 -0.9589 0.1831
vn 0.6825 0.6377 -0.3572
vn 0.7251 0.6178 -0.3043
vn 0.9225 -0.0052 -0.3860
vn 0.8876 -0.0046 -0.4605
vn 0.6335 0.6542 -0.4131
vn 0.8399 -0.0037 -0.5427
vn 0.4543 0.8564 -0.2453
vn 0.4895 0.8458 -0.2120
vn 0.4169 0.8649 -0.2794
vn 0.5153 0.6798 -0.5219
vn 0.5774 0.6682 -0.4691
vn 0.7779 -0.0024 -0.6284
vn 0.7021 -0.0007 -0.7120
vn 0.3354 0.8773 -0.3432
vn 0.3770 0.8719 -0.3126
vn 0.2762 0.9318 -0.2357
vn 0.2474 0.9340 -0.2577
vn 0.3039 0.9289 -0.2116
vn 0.3541 0.9212 -0.1613
vn 0.3300 0.9254 -0.1864
vn 0.8248 0.5369 -0.1774
vn 0.8525 0.5015 -0.1472
vn 0.9818 -0.0044 -0.1897
vn 0.9745 -0.0051 -0.2242
vn 0.7953 0.5673 -0.2138
vn 0.9635 -0.0054 -0.2678
vn 0.5934 0.7954 -0.1235
vn 0.6355 0.7655 -0.1003
vn 0.5572 0.8167 -0.1504
vn 0.7624 0.5943 -0.2563
vn 0.9469 -0.0054 -0.3215
vn 0.5233 0.8329 -0.1802
vn 0.3769 0.9162 -0.1363
vn 0.4001 0.9096 -0.1120
vn 0.4648 0.8828 -0.0684
vn 0.4280 0.8994 -0.0887
vn 0.7175 -0.6495 -0.2516
vn 0.6815 -0.6720 -0.2897
vn 0.7496 -0.6239 -0.2210
vn 0.3917 -0.9078 -0.1502
vn 0.3622 -0.9176 -0.1635
vn 0.4210 -0.8960 -0.1410
vn 0.8090 -0.5594 -0.1805
vn 0.7793 -0.5948 -0.1974
vn 0.4947 -0.8581 -0.1377
vn 0.4530 -0.8810 -0.1364
vn 0.2377 -0.9667 -0.0946
vn 0.2642 -0.9590 -0.1027
vn 0.2210 -0.9709 -0.0922
vn 0.1920 -0.9765 -0.0981
vn 0.2069 -0.9739 -0.0938
vn 0.5387 -0.7195 -0.4384
vn 0.4768 -0.7295 -0.4905
vn 0.5935 -0.7066 -0.3853
vn 0.2638 -0.9389 -0.2212
vn 0.2271 -0.9432 -0.2424
vn 0.2988 -0.9331 -0.2000
vn 0.6407 -0.6909 -0.3348
vn 0.3315 -0.9261 -0.1803
vn 0.1753 -0.9789 -0.1048
vn 0.1568 -0.9811 -0.1135
vn 0.1157 -0.9842 -0.1338
vn 0.1367 -0.9829 -0.1233
vn 0.2018 0.7074 -0.6774
vn 0.2646 0.7051 -0.6579
vn 0.3656 0.0077 -0.9307
vn 0.2787 0.0092 -0.9603
vn 0.1376 0.7086 -0.6921
vn 0.1899 0.0104 -0.9818
vn 0.1329 0.8899 -0.4365
vn 0.1737 0.8888 -0.4241
vn 0.0908 0.8905 -0.4459
vn 0.0011 0.7090 -0.7052
vn 0.0709 0.7090 -0.7016
vn 0.0982 0.0112 -0.9951
vn 0.0026 0.0115 -0.9999
vn 0.0003 0.8907 -0.4546
vn 0.0468 0.8907 -0.4522
vn 0.0357 0.9401 -0.3390
vn -0.0000 0.9401 -0.3409
vn 0.0693 0.9399 -0.3343
vn 0.1316 0.9391 -0.3176
vn 0.1011 0.9396 -0.3270
vn 0.4510 0.6894 -0.5669
vn 0.6191 0.0016 -0.7853
vn 0.3884 0.6965 -0.6034
vn 0.5355 0.0039 -0.8445
vn 0.2938 0.8816 -0.3693
vn 0.2536 0.8848 -0.3909
vn 0.3267 0.7015 -0.6333
vn 0.4512 0.0059 -0.8924
vn 0.2139 0.8871 -0.4090
vn 0.1612 0.9383 -0.3061
vn 0.1900 0.9372 -0.2925
vn 0.2185 0.9358 -0.2766
vn 0.2936 -0.7446 -0.5995
vn 0.2361 -0.7462 -0.6224
vn 0.3521 -0.7417 -0.5709
vn 0.1319 -0.9491 -0.2860
vn 0.1050 -0.9497 -0.2951
vn 0.1604 -0.9480 -0.2748
vn 0.4129 -0.7368 -0.5354
vn 0.1918 -0.9462 -0.2607
vn 0.0960 -0.9851 -0.1429
vn 0.0791 -0.9856 -0.1497
vn 0.0508 -0.9859 -0.1594
vn 0.0643 -0.9858 -0.1550
vn 0.0635 -0.7461 -0.6628
vn 0.0027 -0.7457 -0.6662
vn 0.1220 -0.7466 -0.6540
vn 0.0284 -0.9496 -0.3121
vn 0.0020 -0.9495 -0.3137
vn 0.0540 -0.9498 -0.3082
vn 0.1792 -0.7468 -0.6405
vn 0.0793 -0.9499 -0.3025
vn 0.0383 -0.9859 -0.1629
vn 0.0262 -0.9858 -0.1657
vn 0.0016 -0.9857 -0.1685
vn 0.0141 -0.9857 -0.1677
vn -0.3351 0.7012 -0.6293
vn -0.2705 0.7047 -0.6560
vn -0.3726 0.0072 -0.9279
vn -0.4622 0.0053 -0.8867
vn -0.3990 0.6963 -0.5966
vn -0.5498 0.0030 -0.8353
vn -0.2198 0.8869 -0.4064
vn -0.1781 0.8885 -0.4230
vn -0.2607 0.8847 -0.3866
vn -0.5276 0.6800 -0.5092
vn -0.4630 0.6894 -0.5571
vn -0.6358 0.0006 -0.7719
vn -0.7193 -0.0018 -0.6947
vn -0.3433 0.8774 -0.3351
vn -0.3016 0.8816 -0.3630
vn -0.2244 0.9357 -0.2721
vn -0.2533 0.9340 -0.2520
vn -0.1955 0.9370 -0.2894
vn -0.1353 0.9388 -0.3168
vn -0.1659 0.9380 -0.3043
vn -0.0694 0.7089 -0.7019
vn -0.0941 0.0111 -0.9955
vn -0.1379 0.7082 -0.6924
vn -0.1886 0.0103 -0.9820
vn -0.0466 0.8906 -0.4525
vn -0.0918 0.8902 -0.4462
vn -0.2048 0.7069 -0.6770
vn -0.2813 0.0089 -0.9596
vn -0.1356 0.8895 -0.4363
vn -0.1035 0.9394 -0.3269
vn -0.0705 0.9398 -0.3345
vn -0.0360 0.9400 -0.3393
vn -0.1795 -0.7468 -0.6404
vn -0.2396 -0.7465 -0.6208
vn -0.1195 -0.7465 -0.6545
vn -0.0783 -0.9500 -0.3024
vn -0.1057 -0.9499 -0.2942
vn -0.0515 -0.9498 -0.3085
vn -0.0589 -0.7461 -0.6633
vn -0.0249 -0.9496 -0.3124
vn -0.0111 -0.9858 -0.1678
vn -0.0238 -0.9859 -0.1659
vn -0.0504 -0.9860 -0.1588
vn -0.0368 -0.9860 -0.1628
vn -0.4234 -0.7382 -0.5252
vn -0.4878 -0.7310 -0.4771
vn -0.3609 -0.7427 -0.5641
vn -0.1963 -0.9468 -0.2550
vn -0.2320 -0.9439 -0.2350
vn -0.1639 -0.9485 -0.2709
vn -0.3000 -0.7452 -0.5955
vn -0.1341 -0.9495 -0.2838
vn -0.0649 -0.9860 -0.1537
vn -0.0805 -0.9858 -0.1473
vn -0.1181 -0.9846 -0.1293
vn -0.0980 -0.9854 -0.1394
vn -0.7652 0.5949 -0.2462
vn -0.7300 0.6182 -0.2914
vn -0.9293 -0.0059 -0.3692
vn -0.9511 -0.0059 -0.3087
vn -0.7962 0.5684 -0.2072
vn -0.9657 -0.0058 -0.2597
vn -0.5249 0.8333 -0.1733
vn -0.4926 0.8461 -0.2035
vn -0.5573 0.8174 -0.1457
vn -0.8242 0.5387 -0.1748
vn -0.9752 -0.0053 -0.2212
vn -0.5922 0.7966 -0.1215
vn -0.4271 0.9000 -0.0873
vn -0.4003 0.9099 -0.1086
vn -0.3564 0.9214 -0.1552
vn -0.3780 0.9164 -0.1314
vn -0.5888 0.6684 -0.4545
vn -0.7936 -0.0034 -0.6084
vn -0.6430 0.6544 -0.3978
vn -0.8530 -0.0046 -0.5219
vn -0.3843 0.8720 -0.3033
vn -0.4231 0.8651 -0.2696
vn -0.6898 0.6379 -0.3425
vn -0.8975 -0.0054 -0.4409
vn -0.4590 0.8566 -0.2357
vn -0.3334 0.9255 -0.1797
vn -0.3085 0.9290 -0.2047
vn -0.2816 0.9318 -0.2291
vn -0.6470 -0.6924 -0.3193
vn -0.6857 -0.6734 -0.2762
vn -0.6020 -0.7081 -0.3690
vn -0.3343 -0.9267 -0.1714
vn -0.3639 -0.9184 -0.1555
vn -0.3026 -0.9338 -0.1908
vn -0.5489 -0.7210 -0.4228
vn -0.2684 -0.9396 -0.2124
vn -0.1389 -0.9832 -0.1181
vn -0.1587 -0.9814 -0.1079
vn -0.1927 -0.9768 -0.0933
vn -0.1767 -0.9792 -0.0995
vn -0.7783 -0.5969 -0.1947
vn -0.7501 -0.6257 -0.2141
vn -0.4512 -0.8822 -0.1345
vn -0.4204 -0.8970 -0.1367
vn -0.7197 -0.6511 -0.2412
vn -0.3922 -0.9086 -0.1439
vn -0.2069 -0.9742 -0.0899
vn -0.2205 -0.9713 -0.0896
vn -0.2364 -0.9672 -0.0934
vn 0.9386 0.3450 -0.0016
vn 0.9501 0.2992 0.0877
vn 0.9981 -0.0083 0.0616
vn 0.9995 -0.0054 -0.0302
vn 0.9132 0.4019 -0.0675
vn 0.9949 -0.0041 -0.1006
vn 0.8134 0.5813 0.0199
vn 0.8485 0.5191 0.1035
vn 0.7539 0.6559 -0.0379
vn 0.8823 0.4566 -0.1145
vn 0.9882 -0.0039 -0.1529
vn 0.6897 0.7201 -0.0752
vn 0.5212 0.8521 -0.0475
vn 0.6031 0.7975 -0.0164
vn 0.7345 0.6692 0.1128
vn 0.6821 0.7304 0.0350
vn 0.8357 0.3037 0.4576
vn 0.8922 -0.0313 0.4506
vn 0.9033 0.2800 0.3251
vn 0.9518 -0.0213 0.3061
vn 0.7268 0.5345 0.4314
vn 0.8042 0.4995 0.3222
vn 0.9403 0.2761 0.1988
vn 0.9845 -0.0137 0.1747
vn 0.8464 0.4900 0.2084
vn 0.7404 0.6385 0.2102
vn 0.6974 0.6459 0.3106
vn 0.6195 0.6760 0.3991
vn 0.9308 -0.3411 0.1315
vn 0.9352 -0.3532 0.0251
vn 0.8965 -0.3634 0.2533
vn 0.7688 -0.6350 0.0756
vn 0.7640 -0.6451 -0.0112
vn 0.7239 -0.6687 0.1699
vn 0.8274 -0.4117 0.3821
vn 0.6356 -0.7275 0.2583
vn 0.3873 -0.9143 0.1187
vn 0.4769 -0.8759 0.0738
vn 0.5358 -0.8434 -0.0413
vn 0.5340 -0.8453 0.0171
vn 0.8439 -0.5123 -0.1595
vn 0.8826 -0.4544 -0.1207
vn 0.5571 -0.8191 -0.1368
vn 0.6373 -0.7613 -0.1199
vn 0.9164 -0.3958 -0.0599
vn 0.7147 -0.6950 -0.0785
vn 0.4834 -0.8711 -0.0864
vn 0.4006 -0.9096 -0.1098
vn 0.3159 -0.9421 -0.1120
vn -0.0255 0.9988 0.0420
vn -0.0265 0.9990 0.0369
vn -0.0239 0.9984 0.0511
vn -0.0146 0.9993 0.0355
vn -0.0152 0.9994 0.0307
vn -0.0139 0.9989 0.0458
vn -0.0221 0.9978 0.0621
vn -0.0134 0.9982 0.0590
vn -0.0060 0.9983 0.0577
vn -0.0005 0.9983 0.0576
vn -0.0059 0.9990 0.0438
vn -0.0005 0.9991 0.0435
vn -0.0064 0.9996 0.0282
vn -0.0061 0.9994 0.0330
vn -0.0006 0.9995 0.0325
vn -0.0005 0.9996 0.0277
vn 0.0050 0.9994 0.0331
vn 0.0054 0.9996 0.0283
vn 0.0048 0.9990 0.0439
vn 0.0135 0.9993 0.0360
vn 0.0141 0.9994 0.0311
vn 0.0127 0.9988 0.0462
vn 0.0050 0.9983 0.0579
vn 0.0123 0.9982 0.0593
vn 0.0208 0.9978 0.0626
vn 0.0226 0.9984 0.0518
vn 0.0253 0.9990 0.0377
vn 0.0243 0.9988 0.0428
vn -0.0280 0.9993 0.0264
vn -0.0286 0.9993 0.0224
vn -0.0274 0.9992 0.0301
vn -0.0161 0.9996 0.0236
vn -0.0164 0.9997 0.0205
vn -0.0157 0.9995 0.0263
vn -0.0269 0.9991 0.0336
vn -0.0154 0.9995 0.0287
vn -0.0066 0.9996 0.0267
vn -0.0005 0.9997 0.0263
vn -0.0068 0.9997 0.0248
vn -0.0004 0.9997 0.0245
vn -0.0071 0.9998 0.0199
vn -0.0070 0.9997 0.0225
vn -0.0004 0.9998 0.0223
vn -0.0003 0.9998 0.0197
vn 0.0062 0.9997 0.0225
vn 0.0064 0.9998 0.0198
vn 0.0060 0.9997 0.0248
vn 0.0154 0.9996 0.0236
vn 0.0157 0.9997 0.0206
vn 0.0149 0.9995 0.0264
vn 0.0057 0.9996 0.0268
vn 0.0145 0.9995 0.0289
vn 0.0259 0.9991 0.0342
vn 0.0266 0.9992 0.0305
vn 0.0279 0.9994 0.0225
vn 0.0272 0.9993 0.0267
vn -0.0305 0.9995 0.0090
vn -0.0313 0.9995 0.0038
vn -0.0298 0.9995 0.0138
vn -0.0174 0.9998 0.0096
vn -0.0177 0.9998 0.0052
vn -0.0170 0.9998 0.0136
vn -0.0292 0.9994 0.0182
vn -0.0167 0.9997 0.0172
vn -0.0073 0.9998 0.0169
vn -0.0003 0.9999 0.0168
vn -0.0074 0.9999 0.0135
vn -0.0003 0.9999 0.0135
vn -0.0076 1.0000 0.0057
vn -0.0075 0.9999 0.0099
vn -0.0003 1.0000 0.0099
vn -0.0003 1.0000 0.0058
vn 0.0069 0.9999 0.0098
vn 0.0070 1.0000 0.0057
vn 0.0068 0.9999 0.0135
vn 0.0168 0.9998 0.0095
vn 0.0172 0.9998 0.0050
vn 0.0164 0.9998 0.0135
vn 0.0066 0.9998 0.0168
vn 0.0161 0.9997 0.0172
vn 0.0285 0.9994 0.0182
vn 0.0292 0.9995 0.0137
vn 0.0307 0.9995 0.0036
vn 0.0299 0.9995 0.0089
vn -0.0344 0.9993 -0.0109
vn -0.0356 0.9992 -0.0155
vn -0.0333 0.9994 -0.0062
vn -0.0191 0.9998 -0.0067
vn -0.0196 0.9998 -0.0099
vn -0.0186 0.9998 -0.0031
vn -0.0322 0.9995 -0.0013
vn -0.0181 0.9998 0.0008
vn -0.0077 1.0000 0.0017
vn -0.0003 1.0000 0.0018
vn -0.0078 1.0000 -0.0019
vn -0.0003 1.0000 -0.0017
vn -0.0079 0.9999 -0.0076
vn -0.0079 1.0000 -0.0050
vn -0.0002 1.0000 -0.0047
vn -0.0002 1.0000 -0.0072
vn 0.0074 1.0000 -0.0051
vn 0.0075 0.9999 -0.0078
vn 0.0073 1.0000 -0.0020
vn 0.0186 0.9998 -0.0069
vn 0.0191 0.9998 -0.0102
vn 0.0181 0.9998 -0.0033
vn 0.0072 1.0000 0.0016
vn 0.0176 0.9998 0.0006
vn 0.0316 0.9995 -0.0017
vn 0.0327 0.9994 -0.0066
vn 0.0350 0.9993 -0.0162
vn 0.0338 0.9994 -0.0114
vn -0.0397 0.9988 -0.0281
vn -0.0415 0.9986 -0.0317
vn -0.0382 0.9990 -0.0242
vn -0.0214 0.9996 -0.0163
vn -0.0224 0.9996 -0.0170
vn -0.0207 0.9997 -0.0148
vn -0.0369 0.9991 -0.0200
vn -0.0201 0.9997 -0.0127
vn -0.0080 0.9999 -0.0097
vn -0.0002 1.0000 -0.0091
vn -0.0081 0.9999 -0.0110
vn -0.0003 0.9999 -0.0102
vn -0.0083 0.9999 -0.0107
vn -0.0081 0.9999 -0.0114
vn -0.0003 0.9999 -0.0104
vn -0.0004 1.0000 -0.0094
vn 0.0075 0.9999 -0.0116
vn 0.0076 0.9999 -0.0110
vn 0.0075 0.9999 -0.0112
vn 0.0208 0.9996 -0.0171
vn 0.0216 0.9996 -0.0181
vn 0.0201 0.9997 -0.0154
vn 0.0075 0.9999 -0.0099
vn 0.0196 0.9997 -0.0131
vn 0.0362 0.9991 -0.0209
vn 0.0374 0.9990 -0.0254
vn 0.0403 0.9986 -0.0336
vn 0.0388 0.9988 -0.0296
vn -0.0083 0.9998 -0.0181
vn -0.0004 0.9999 -0.0169
vn -0.0085 0.9991 -0.0407
vn -0.0002 0.9992 -0.0399
vn -0.0227 0.9994 -0.0246
vn -0.0225 0.9987 -0.0458
vn -0.0091 0.9974 -0.0713
vn 0.0001 0.9975 -0.0708
vn -0.0225 0.9970 -0.0746
vn -0.0388 0.9959 -0.0821
vn -0.0410 0.9975 -0.0584
vn -0.0422 0.9983 -0.0399
vn 0.0409 0.9983 -0.0420
vn 0.0397 0.9974 -0.0603
vn 0.0218 0.9994 -0.0257
vn 0.0218 0.9987 -0.0470
vn 0.0378 0.9958 -0.0835
vn 0.0222 0.9969 -0.0755
vn 0.0091 0.9974 -0.0716
vn 0.0080 0.9991 -0.0411
vn 0.0076 0.9998 -0.0185
vn 0.0045 -0.9996 -0.0287
vn 0.0049 -0.9996 -0.0276
vn 0.0005 -0.9996 -0.0275
vn 0.0006 -0.9996 -0.0287
vn 0.0042 -0.9995 -0.0299
vn 0.0007 -0.9996 -0.0299
vn 0.0083 -0.9996 -0.0288
vn 0.0091 -0.9996 -0.0277
vn 0.0076 -0.9995 -0.0299
vn 0.0039 -0.9995 -0.0312
vn 0.0070 -0.9995 -0.0312
vn 0.0098 -0.9995 -0.0313
vn 0.0108 -0.9995 -0.0302
vn 0.0131 -0.9995 -0.0280
vn 0.0120 -0.9995 -0.0291
vn -0.0109 -0.9995 -0.0289
vn -0.0122 -0.9995 -0.0278
vn -0.0096 -0.9995 -0.0300
vn -0.0072 -0.9996 -0.0287
vn -0.0081 -0.9996 -0.0275
vn -0.0063 -0.9995 -0.0298
vn -0.0085 -0.9995 -0.0312
vn -0.0055 -0.9995 -0.0311
vn -0.0024 -0.9995 -0.0311
vn -0.0028 -0.9996 -0.0298
vn -0.0038 -0.9996 -0.0275
vn -0.0033 -0.9996 -0.0286
vn 0.0057 -0.9997 -0.0239
vn 0.0059 -0.9997 -0.0226
vn 0.0003 -0.9997 -0.0225
vn 0.0004 -0.9997 -0.0239
vn 0.0055 -0.9997 -0.0252
vn 0.0004 -0.9997 -0.0252
vn 0.0109 -0.9997 -0.0240
vn 0.0113 -0.9997 -0.0226
vn 0.0104 -0.9996 -0.0253
vn 0.0052 -0.9996 -0.0264
vn 0.0005 -0.9997 -0.0264
vn 0.0098 -0.9996 -0.0265
vn 0.0142 -0.9995 -0.0268
vn 0.0151 -0.9996 -0.0255
vn 0.0165 -0.9996 -0.0228
vn 0.0159 -0.9996 -0.0242
vn -0.0153 -0.9996 -0.0241
vn -0.0160 -0.9996 -0.0227
vn -0.0144 -0.9996 -0.0254
vn -0.0103 -0.9997 -0.0239
vn -0.0108 -0.9997 -0.0225
vn -0.0097 -0.9996 -0.0252
vn -0.0134 -0.9996 -0.0266
vn -0.0090 -0.9996 -0.0264
vn -0.0043 -0.9996 -0.0264
vn -0.0047 -0.9997 -0.0251
vn -0.0053 -0.9997 -0.0225
vn -0.0050 -0.9997 -0.0239
vn 0.0062 -0.9998 -0.0181
vn 0.0062 -0.9998 -0.0166
vn 0.0003 -0.9999 -0.0166
vn 0.0003 -0.9998 -0.0181
vn 0.0061 -0.9998 -0.0196
vn 0.0003 -0.9998 -0.0196
vn 0.0119 -0.9998 -0.0181
vn 0.0120 -0.9998 -0.0166
vn 0.0118 -0.9997 -0.0197
vn 0.0060 -0.9998 -0.0211
vn 0.0003 -0.9998 -0.0211
vn 0.0116 -0.9997 -0.0212
vn 0.0169 -0.9996 -0.0213
vn 0.0172 -0.9997 -0.0197
vn 0.0174 -0.9997 -0.0166
vn 0.0174 -0.9997 -0.0182
vn -0.0169 -0.9997 -0.0181
vn -0.0170 -0.9997 -0.0166
vn -0.0168 -0.9997 -0.0197
vn -0.0114 -0.9998 -0.0181
vn -0.0115 -0.9998 -0.0166
vn -0.0113 -0.9997 -0.0196
vn -0.0164 -0.9996 -0.0212
vn -0.0111 -0.9997 -0.0211
vn -0.0055 -0.9998 -0.0211
vn -0.0056 -0.9998 -0.0196
vn -0.0057 -0.9998 -0.0166
vn -0.0056 -0.9998 -0.0181
vn 0.0061 -0.9999 -0.0120
vn 0.0059 -0.9999 -0.0106
vn 0.0003 -0.9999 -0.0106
vn 0.0003 -0.9999 -0.0120
vn 0.0061 -0.9999 -0.0135
vn 0.0003 -0.9999 -0.0135
vn 0.0116 -0.9999 -0.0120
vn 0.0113 -0.9999 -0.0105
vn 0.0118 -0.9998 -0.0135
vn 0.0062 -0.9999 -0.0150
vn 0.0003 -0.9999 -0.0150
vn 0.0119 -0.9998 -0.0150
vn 0.0174 -0.9997 -0.0150
vn 0.0172 -0.9998 -0.0134
vn 0.0165 -0.9998 -0.0104
vn 0.0169 -0.9998 -0.0119
vn -0.0165 -0.9998 -0.0119
vn -0.0160 -0.9998 -0.0105
vn -0.0168 -0.9998 -0.0134
vn -0.0111 -0.9999 -0.0120
vn -0.0108 -0.9999 -0.0106
vn -0.0113 -0.9998 -0.0135
vn -0.0170 -0.9997 -0.0150
vn -0.0114 -0.9998 -0.0150
vn -0.0056 -0.9999 -0.0150
vn -0.0056 -0.9999 -0.0135
vn -0.0053 -0.9999 -0.0106
vn -0.0055 -0.9999 -0.0120
vn 0.0052 -1.0000 -0.0067
vn 0.0049 -1.0000 -0.0056
vn 0.0005 -1.0000 -0.0056
vn 0.0005 -1.0000 -0.0067
vn 0.0055 -1.0000 -0.0079
vn 0.0004 -1.0000 -0.0079
vn 0.0098 -0.9999 -0.0066
vn 0.0091 -0.9999 -0.0055
vn 0.0104 -0.9999 -0.0078
vn 0.0057 -0.9999 -0.0092
vn 0.0004 -1.0000 -0.0092
vn 0.0109 -0.9999 -0.0091
vn 0.0159 -0.9998 -0.0089
vn 0.0151 -0.9999 -0.0076
vn 0.0131 -0.9999 -0.0052
vn 0.0142 -0.9999 -0.0063
vn -0.0134 -0.9999 -0.0065
vn -0.0122 -0.9999 -0.0053
vn -0.0144 -0.9999 -0.0077
vn -0.0090 -0.9999 -0.0067
vn -0.0081 -1.0000 -0.0056
vn -0.0097 -0.9999 -0.0079
vn -0.0153 -0.9998 -0.0091
vn -0.0103 -0.9999 -0.0092
vn -0.0050 -0.9999 -0.0093
vn -0.0047 -1.0000 -0.0080
vn -0.0039 -1.0000 -0.0056
vn -0.0043 -1.0000 -0.0068
vn 0.0120 -0.9999 -0.0041
vn 0.0108 -0.9999 -0.0030
vn 0.0083 -1.0000 -0.0044
vn 0.0075 -1.0000 -0.0032
vn 0.0098 -1.0000 -0.0018
vn 0.0070 -1.0000 -0.0019
vn 0.0039 -1.0000 -0.0019
vn 0.0008 -1.0000 -0.0019
vn 0.0042 -1.0000 -0.0033
vn 0.0007 -1.0000 -0.0033
vn 0.0045 -1.0000 -0.0044
vn 0.0006 -1.0000 -0.0045
vn -0.0033 -1.0000 -0.0045
vn -0.0028 -1.0000 -0.0033
vn -0.0072 -1.0000 -0.0045
vn -0.0063 -1.0000 -0.0033
vn -0.0024 -1.0000 -0.0020
vn -0.0055 -1.0000 -0.0020
vn -0.0085 -1.0000 -0.0020
vn -0.0096 -0.9999 -0.0031
vn -0.0109 -0.9999 -0.0042
vt 0.594081 0.315704
vt 0.592733 0.350571
vt 0.585240 0.350545
vt 0.586885 0.316987
vt 0.589728 0.278361
vt 0.583067 0.280855
vt 0.595850 0.276085
vt 0.600558 0.314434
vt 0.599456 0.350452
vt 0.586562 0.382456
vt 0.579071 0.381287
vt 0.593202 0.383358
vt 0.583194 0.413505
vt 0.576697 0.411795
vt 0.569330 0.409630
vt 0.570134 0.379760
vt 0.560515 0.406842
vt 0.560057 0.377888
vt 0.550512 0.403479
vt 0.566500 0.350139
vt 0.576383 0.350426
vt 0.578455 0.318482
vt 0.575533 0.283920
vt 0.569180 0.319876
vt 0.567343 0.286918
vt 0.486231 0.523269
vt 0.460913 0.538711
vt 0.456731 0.531934
vt 0.481234 0.517079
vt 0.509228 0.505507
vt 0.503530 0.500003
vt 0.514334 0.510160
vt 0.490662 0.528535
vt 0.464540 0.544531
vt 0.433258 0.551701
vt 0.403525 0.561776
vt 0.401300 0.554060
vt 0.430004 0.544381
vt 0.435948 0.557916
vt 0.405227 0.568255
vt 0.425966 0.535462
vt 0.451643 0.523618
vt 0.398383 0.544650
vt 0.394953 0.533848
vt 0.421290 0.525181
vt 0.445828 0.513983
vt 0.475217 0.509462
vt 0.496693 0.493154
vt 0.468370 0.500595
vt 0.488913 0.485151
vt 0.242567 0.560764
vt 0.211507 0.550408
vt 0.214208 0.543025
vt 0.244504 0.553160
vt 0.274527 0.567730
vt 0.275755 0.559996
vt 0.273552 0.573850
vt 0.241142 0.566843
vt 0.209503 0.556414
vt 0.181860 0.536864
vt 0.154103 0.520434
vt 0.158534 0.513906
vt 0.185411 0.529836
vt 0.179092 0.542713
vt 0.150482 0.525972
vt 0.189961 0.521337
vt 0.217757 0.534021
vt 0.164072 0.506042
vt 0.170438 0.497054
vt 0.195266 0.511650
vt 0.221926 0.523758
vt 0.247044 0.543794
vt 0.277294 0.550408
vt 0.250014 0.533083
vt 0.279048 0.539397
vt 0.054843 0.406832
vt 0.043972 0.379166
vt 0.051636 0.377409
vt 0.062254 0.404141
vt 0.069031 0.433114
vt 0.076056 0.429544
vt 0.062818 0.436070
vt 0.048315 0.408989
vt 0.037255 0.380511
vt 0.036789 0.350633
vt 0.033269 0.321296
vt 0.040971 0.321518
vt 0.044546 0.349849
vt 0.030004 0.351130
vt 0.026536 0.320905
vt 0.053902 0.348703
vt 0.060888 0.375086
vt 0.050221 0.321601
vt 0.060754 0.321534
vt 0.064577 0.347229
vt 0.071465 0.372270
vt 0.071188 0.400694
vt 0.084522 0.425044
vt 0.081413 0.396581
vt 0.094203 0.419759
vt 0.083161 0.161523
vt 0.108805 0.131037
vt 0.111927 0.136818
vt 0.087411 0.166918
vt 0.062471 0.193689
vt 0.067862 0.198299
vt 0.057329 0.189732
vt 0.078787 0.156880
vt 0.105269 0.125918
vt 0.139194 0.102028
vt 0.173979 0.075458
vt 0.175463 0.080732
vt 0.141375 0.107655
vt 0.136491 0.096601
vt 0.172085 0.069959
vt 0.143266 0.113859
vt 0.114686 0.143797
vt 0.176847 0.085981
vt 0.178228 0.091346
vt 0.145250 0.120121
vt 0.117687 0.150804
vt 0.091818 0.173628
vt 0.096604 0.180537
vt 0.080709 0.210016
vt 0.073989 0.203953
vt 0.213691 0.052842
vt 0.212591 0.047638
vt 0.256910 0.032177
vt 0.257375 0.037044
vt 0.214508 0.057738
vt 0.257616 0.041603
vt 0.303067 0.030315
vt 0.303284 0.025532
vt 0.350265 0.033162
vt 0.351180 0.028445
vt 0.349509 0.037477
vt 0.302827 0.034710
vt 0.302400 0.039191
vt 0.302123 0.043550
vt 0.257885 0.050934
vt 0.257675 0.046337
vt 0.348811 0.041810
vt 0.348169 0.046048
vt 0.215250 0.062638
vt 0.216067 0.067507
vt 0.397899 0.045913
vt 0.399415 0.041330
vt 0.444566 0.062892
vt 0.442580 0.067423
vt 0.396673 0.050176
vt 0.440929 0.071758
vt 0.481696 0.095627
vt 0.484237 0.090907
vt 0.514368 0.128166
vt 0.517759 0.123428
vt 0.511354 0.132791
vt 0.479493 0.100147
vt 0.477336 0.104652
vt 0.475072 0.108909
vt 0.437888 0.080642
vt 0.439460 0.076313
vt 0.508450 0.137276
vt 0.505441 0.141547
vt 0.395682 0.054600
vt 0.394648 0.058866
vt 0.540973 0.163057
vt 0.537031 0.167588
vt 0.545231 0.158683
vt 0.567721 0.196426
vt 0.562765 0.200234
vt 0.557874 0.204432
vt 0.566899 0.246823
vt 0.573375 0.242677
vt 0.560041 0.250938
vt 0.547220 0.213787
vt 0.552634 0.209131
vt 0.085626 0.637246
vt 0.100234 0.624047
vt 0.106041 0.630743
vt 0.092033 0.643367
vt 0.072388 0.651694
vt 0.079290 0.657203
vt 0.541597 0.493394
vt 0.519802 0.514821
vt 0.535547 0.489512
vt 0.560686 0.469644
vt 0.554235 0.466543
vt 0.116246 0.611977
vt 0.133887 0.601083
vt 0.138264 0.608812
vt 0.121374 0.619196
vt 0.576888 0.443556
vt 0.570189 0.441233
vt 0.589963 0.415054
vt 0.127839 0.629181
vt 0.113350 0.639976
vt 0.143799 0.619499
vt 0.150324 0.639124
vt 0.135345 0.647622
vt 0.121719 0.657125
vt 0.100099 0.651829
vt 0.087983 0.664813
vt 0.109234 0.667571
vt 0.097758 0.679020
vt 0.259230 0.581948
vt 0.258383 0.590938
vt 0.228693 0.587744
vt 0.228257 0.578687
vt 0.584878 0.236065
vt 0.591011 0.232819
vt 0.602257 0.273473
vt 0.573541 0.192624
vt 0.291736 0.589697
vt 0.289544 0.598405
vt 0.316209 0.621856
vt 0.320773 0.610516
vt 0.350355 0.628575
vt 0.344157 0.638852
vt 0.310998 0.642038
vt 0.337083 0.657172
vt 0.283566 0.631789
vt 0.286729 0.610428
vt 0.382501 0.647635
vt 0.405185 0.680395
vt 0.398362 0.685104
vt 0.376572 0.653867
vt 0.355170 0.621164
vt 0.487679 0.085525
vt 0.522112 0.118431
vt 0.447202 0.057392
vt 0.405177 0.724926
vt 0.414569 0.760113
vt 0.403768 0.762351
vt 0.394757 0.731858
vt 0.389657 0.691703
vt 0.379965 0.703473
vt 0.414654 0.720917
vt 0.424478 0.758784
vt 0.368978 0.662552
vt 0.360404 0.678103
vt 0.303556 0.019531
vt 0.256123 0.026074
vt 0.426887 0.796162
vt 0.434777 0.796973
vt 0.429340 0.834783
vt 0.421655 0.832193
vt 0.432285 0.757779
vt 0.352411 0.022600
vt 0.210799 0.041470
vt 0.169250 0.063805
vt 0.408585 0.866121
vt 0.415755 0.870480
vt 0.395749 0.902232
vt 0.389357 0.896316
vt 0.399481 0.860337
vt 0.389688 0.851515
vt 0.401323 0.824482
vt 0.411896 0.828875
vt 0.381244 0.888274
vt 0.372609 0.875026
vt 0.416869 0.795126
vt 0.405988 0.793994
vt 0.371083 0.928369
vt 0.343766 0.948569
vt 0.339461 0.940646
vt 0.365670 0.921272
vt 0.132831 0.090807
vt 0.100962 0.120607
vt 0.315818 0.962594
vt 0.312656 0.954125
vt 0.073718 0.152123
vt 0.051571 0.185619
vt 0.288257 0.971844
vt 0.286227 0.963058
vt 0.308667 0.942477
vt 0.334024 0.929736
vt 0.283662 0.950965
vt 0.280932 0.929669
vt 0.304518 0.922101
vt 0.328375 0.910842
vt 0.358824 0.911549
vt 0.351624 0.894980
vt 0.215216 0.980404
vt 0.194407 0.977788
vt 0.196288 0.969002
vt 0.216221 0.971453
vt 0.237618 0.980469
vt 0.237683 0.971440
vt 0.020149 0.288118
vt 0.025271 0.254808
vt 0.031799 0.257369
vt 0.026986 0.289760
vt 0.019531 0.320251
vt 0.217426 0.959129
vt 0.237737 0.959020
vt 0.198564 0.956930
vt 0.200556 0.935227
vt 0.218361 0.937028
vt 0.237556 0.936813
vt 0.102920 0.935800
vt 0.087027 0.922272
vt 0.092875 0.916017
vt 0.108377 0.928908
vt 0.119719 0.947592
vt 0.124630 0.940169
vt 0.074356 0.465159
vt 0.056269 0.438949
vt 0.080407 0.461439
vt 0.095603 0.489450
vt 0.100954 0.484998
vt 0.072035 0.907013
vt 0.058093 0.890170
vt 0.064154 0.885425
vt 0.078068 0.901476
vt 0.119914 0.511622
vt 0.124366 0.506622
vt 0.147001 0.531267
vt 0.085926 0.893900
vt 0.100296 0.907438
vt 0.072299 0.878950
vt 0.081616 0.867367
vt 0.094634 0.880395
vt 0.108273 0.892193
vt 0.115189 0.919461
vt 0.130688 0.929975
vt 0.122320 0.902672
vt 0.136873 0.911836
vt 0.019531 0.788138
vt 0.021225 0.766068
vt 0.027643 0.767005
vt 0.025670 0.788187
vt 0.021062 0.810123
vt 0.027006 0.809219
vt 0.305900 0.582786
vt 0.272716 0.579062
vt 0.306430 0.577463
vt 0.339427 0.583182
vt 0.339577 0.577662
vt 0.025716 0.744347
vt 0.032479 0.746147
vt 0.372729 0.574760
vt 0.373267 0.580655
vt 0.406828 0.574471
vt 0.032329 0.723341
vt 0.039436 0.725960
vt 0.041721 0.748320
vt 0.048890 0.729400
vt 0.052340 0.752097
vt 0.059636 0.735761
vt 0.047062 0.769310
vt 0.036621 0.767930
vt 0.034409 0.787998
vt 0.035567 0.807880
vt 0.044697 0.787638
vt 0.045754 0.805779
vt 0.118766 0.695456
vt 0.130626 0.687432
vt 0.138409 0.729962
vt 0.126844 0.734652
vt 0.107802 0.704250
vt 0.116059 0.739744
vt 0.143522 0.680120
vt 0.157623 0.673596
vt 0.164385 0.721728
vt 0.150886 0.725631
vt 0.255207 0.663453
vt 0.254676 0.715649
vt 0.232725 0.714470
vt 0.231272 0.661365
vt 0.256186 0.625487
vt 0.230096 0.622706
vt 0.280349 0.668328
vt 0.277790 0.718576
vt 0.351606 0.704817
vt 0.370244 0.723626
vt 0.362528 0.751874
vt 0.344486 0.741179
vt 0.329694 0.688637
vt 0.323630 0.731399
vt 0.384547 0.743487
vt 0.393379 0.766052
vt 0.385150 0.772522
vt 0.376626 0.762097
vt 0.395594 0.792896
vt 0.391281 0.818681
vt 0.384889 0.791624
vt 0.383609 0.810345
vt 0.380527 0.838088
vt 0.364714 0.853535
vt 0.374243 0.818204
vt 0.359488 0.824348
vt 0.345219 0.867411
vt 0.323470 0.878988
vt 0.320475 0.836029
vt 0.341152 0.830486
vt 0.300899 0.887538
vt 0.298703 0.840388
vt 0.278435 0.893402
vt 0.276785 0.843447
vt 0.218542 0.898818
vt 0.201574 0.897686
vt 0.201170 0.845711
vt 0.217760 0.846068
vt 0.236921 0.898528
vt 0.235862 0.845801
vt 0.128642 0.873806
vt 0.115681 0.865965
vt 0.120436 0.829745
vt 0.132343 0.833926
vt 0.142087 0.880636
vt 0.144776 0.837498
vt 0.103093 0.857102
vt 0.091034 0.847343
vt 0.097929 0.819685
vt 0.108942 0.824959
vt 0.055148 0.787182
vt 0.057585 0.771598
vt 0.064695 0.775498
vt 0.064897 0.786713
vt 0.056249 0.802586
vt 0.063796 0.797983
vt 0.063024 0.758691
vt 0.070898 0.769601
vt 0.070460 0.747113
vt 0.078531 0.763770
vt 0.528175 0.322569
vt 0.522236 0.345982
vt 0.516972 0.345090
vt 0.523121 0.322098
vt 0.531170 0.294939
vt 0.526483 0.294750
vt 0.536524 0.294514
vt 0.534116 0.322579
vt 0.528596 0.346709
vt 0.514401 0.366527
vt 0.509109 0.364849
vt 0.520886 0.368315
vt 0.511253 0.388022
vt 0.504885 0.385117
vt 0.499733 0.382551
vt 0.504303 0.362663
vt 0.495020 0.379812
vt 0.499384 0.359823
vt 0.490204 0.376540
vt 0.507244 0.341008
vt 0.512161 0.343427
vt 0.437153 0.456910
vt 0.453386 0.445320
vt 0.458195 0.451189
vt 0.441369 0.463284
vt 0.419437 0.467021
vt 0.422976 0.473811
vt 0.416629 0.461465
vt 0.433832 0.451675
vt 0.449592 0.440455
vt 0.400165 0.475523
vt 0.379449 0.482220
vt 0.377838 0.476235
vt 0.397933 0.469714
vt 0.402974 0.482644
vt 0.381490 0.489545
vt 0.395874 0.464261
vt 0.393696 0.458449
vt 0.411352 0.450651
vt 0.414055 0.456235
vt 0.376330 0.470609
vt 0.374716 0.464611
vt 0.430798 0.446712
vt 0.427629 0.441386
vt 0.442562 0.430786
vt 0.446152 0.435806
vt 0.263798 0.482621
vt 0.241121 0.475205
vt 0.243234 0.469406
vt 0.265316 0.476620
vt 0.287237 0.487556
vt 0.288148 0.481421
vt 0.286081 0.494967
vt 0.261910 0.489848
vt 0.238493 0.482189
vt 0.219629 0.465488
vt 0.199692 0.453770
vt 0.202943 0.448527
vt 0.222327 0.459937
vt 0.216300 0.472158
vt 0.195678 0.460074
vt 0.224862 0.454598
vt 0.227575 0.448830
vt 0.247319 0.457728
vt 0.245211 0.463804
vt 0.206014 0.443491
vt 0.209301 0.438098
vt 0.266731 0.470834
vt 0.268205 0.464564
vt 0.289811 0.469155
vt 0.288968 0.475523
vt 0.129122 0.375278
vt 0.139300 0.392960
vt 0.133033 0.397023
vt 0.122472 0.378576
vt 0.120760 0.356970
vt 0.113874 0.359414
vt 0.126331 0.354823
vt 0.134469 0.372445
vt 0.144355 0.389507
vt 0.114169 0.338272
vt 0.109361 0.318999
vt 0.114987 0.318301
vt 0.119834 0.336885
vt 0.107201 0.339785
vt 0.102537 0.319620
vt 0.125103 0.335336
vt 0.131486 0.352635
vt 0.120279 0.317310
vt 0.125840 0.315841
vt 0.130620 0.333380
vt 0.136884 0.350090
vt 0.139432 0.369642
vt 0.144621 0.366520
vt 0.153995 0.382487
vt 0.149067 0.386147
vt 0.196516 0.135406
vt 0.201329 0.140804
vt 0.187499 0.164678
vt 0.182173 0.160524
vt 0.191345 0.130975
vt 0.176335 0.157312
vt 0.212889 0.107297
vt 0.217201 0.112787
vt 0.221254 0.119242
vt 0.174356 0.186287
vt 0.168048 0.184168
vt 0.179855 0.189401
vt 0.176596 0.213627
vt 0.170821 0.211617
vt 0.164036 0.210639
vt 0.220105 0.077965
vt 0.218194 0.075735
vt 0.259662 0.058028
vt 0.261015 0.060302
vt 0.222234 0.079162
vt 0.262375 0.061906
vt 0.186146 0.104207
vt 0.183399 0.103256
vt 0.180983 0.100877
vt 0.303365 0.052783
vt 0.302788 0.050360
vt 0.347181 0.052759
vt 0.346827 0.055206
vt 0.303931 0.054667
vt 0.346553 0.057127
vt 0.243778 0.094569
vt 0.274687 0.082391
vt 0.276643 0.089359
vt 0.246910 0.101475
vt 0.240482 0.088502
vt 0.272657 0.076111
vt 0.390773 0.067389
vt 0.392030 0.065224
vt 0.433969 0.086668
vt 0.431975 0.088466
vt 0.389687 0.069049
vt 0.430193 0.089734
vt 0.467755 0.116699
vt 0.470266 0.115086
vt 0.499541 0.148223
vt 0.496528 0.149909
vt 0.465391 0.117677
vt 0.493582 0.150840
vt 0.441669 0.127651
vt 0.436630 0.133197
vt 0.408827 0.112244
vt 0.412741 0.106170
vt 0.446255 0.123060
vt 0.416434 0.100831
vt 0.468337 0.149999
vt 0.463438 0.153388
vt 0.457965 0.157837
vt 0.517391 0.186054
vt 0.513713 0.187192
vt 0.521253 0.184101
vt 0.536716 0.221058
vt 0.531757 0.223285
vt 0.527192 0.224710
vt 0.461488 0.284566
vt 0.454305 0.301400
vt 0.449908 0.299442
vt 0.456915 0.282934
vt 0.467468 0.264570
vt 0.462579 0.263664
vt 0.472307 0.265152
vt 0.466376 0.286230
vt 0.459242 0.303922
vt 0.446591 0.315900
vt 0.442466 0.313363
vt 0.451423 0.319206
vt 0.443022 0.332516
vt 0.438395 0.328515
vt 0.434564 0.325334
vt 0.437701 0.310034
vt 0.430239 0.321542
vt 0.431150 0.305518
vt 0.424246 0.316674
vt 0.437445 0.292642
vt 0.444646 0.296664
vt 0.451012 0.280818
vt 0.455973 0.262469
vt 0.442981 0.277557
vt 0.447104 0.260177
vt 0.391239 0.374481
vt 0.388921 0.369616
vt 0.399016 0.362332
vt 0.401683 0.366972
vt 0.394288 0.380472
vt 0.405165 0.372709
vt 0.382721 0.387305
vt 0.380155 0.381092
vt 0.378210 0.376023
vt 0.368314 0.386548
vt 0.355782 0.390772
vt 0.354667 0.385412
vt 0.366769 0.381323
vt 0.370367 0.392965
vt 0.357272 0.397357
vt 0.365158 0.375319
vt 0.376177 0.370226
vt 0.353487 0.379212
vt 0.352158 0.370914
vt 0.363404 0.367340
vt 0.373984 0.362702
vt 0.386497 0.364119
vt 0.383807 0.357304
vt 0.392894 0.351034
vt 0.396205 0.357161
vt 0.286234 0.390585
vt 0.284609 0.397194
vt 0.270476 0.392655
vt 0.272709 0.386284
vt 0.287504 0.385086
vt 0.274465 0.380984
vt 0.301094 0.387867
vt 0.300300 0.393477
vt 0.299296 0.400207
vt 0.260052 0.380500
vt 0.257241 0.386542
vt 0.245037 0.379075
vt 0.248374 0.373400
vt 0.262253 0.375526
vt 0.250994 0.368770
vt 0.264685 0.369735
vt 0.276410 0.374784
vt 0.253878 0.363455
vt 0.257311 0.357081
vt 0.267375 0.362562
vt 0.278425 0.366833
vt 0.288906 0.378715
vt 0.301932 0.381416
vt 0.290300 0.370353
vt 0.302728 0.372849
vt 0.204557 0.322807
vt 0.199371 0.326772
vt 0.192995 0.314405
vt 0.198362 0.310823
vt 0.208722 0.319596
vt 0.202679 0.307939
vt 0.215493 0.330879
vt 0.211531 0.334392
vt 0.206580 0.338706
vt 0.192962 0.298562
vt 0.188381 0.285671
vt 0.192858 0.283586
vt 0.197369 0.296043
vt 0.187504 0.301700
vt 0.182895 0.288221
vt 0.202382 0.293187
vt 0.207545 0.304698
vt 0.198029 0.281124
vt 0.204919 0.277575
vt 0.209091 0.289279
vt 0.214076 0.300445
vt 0.213396 0.315988
vt 0.219934 0.326919
vt 0.219694 0.311389
vt 0.225935 0.321986
vt 0.184418 0.192988
vt 0.192085 0.169396
vt 0.197136 0.174130
vt 0.189395 0.196442
vt 0.181229 0.215877
vt 0.186027 0.217846
vt 0.205732 0.146389
vt 0.225167 0.125455
vt 0.229541 0.131630
vt 0.210605 0.151976
vt 0.216820 0.157364
vt 0.203758 0.178323
vt 0.234960 0.137972
vt 0.241382 0.145641
vt 0.224179 0.163708
vt 0.211600 0.183035
vt 0.196071 0.199176
vt 0.203911 0.201959
vt 0.200075 0.219892
vt 0.192483 0.219064
vt 0.249993 0.108035
vt 0.278619 0.096048
vt 0.253451 0.114670
vt 0.280833 0.102967
vt 0.310910 0.106048
vt 0.312309 0.115909
vt 0.286798 0.120168
vt 0.283492 0.110634
vt 0.310007 0.098167
vt 0.340412 0.100224
vt 0.339440 0.107998
vt 0.338840 0.117764
vt 0.257662 0.121803
vt 0.262683 0.130566
vt 0.374064 0.102591
vt 0.376562 0.096311
vt 0.404966 0.118078
vt 0.371469 0.109154
vt 0.400876 0.124074
vt 0.341377 0.093312
vt 0.342326 0.086724
vt 0.431693 0.138497
vt 0.452414 0.162418
vt 0.426439 0.143771
vt 0.446369 0.166908
vt 0.420480 0.149244
vt 0.396311 0.130649
vt 0.439367 0.171096
vt 0.431688 0.175177
vt 0.414223 0.155496
vt 0.391751 0.138750
vt 0.368619 0.116507
vt 0.365986 0.125745
vt 0.465471 0.188071
vt 0.471397 0.214382
vt 0.465016 0.217101
vt 0.458963 0.191856
vt 0.471084 0.184445
vt 0.476681 0.211935
vt 0.471397 0.240553
vt 0.465784 0.241417
vt 0.476363 0.239612
vt 0.458487 0.241526
vt 0.457315 0.218678
vt 0.449077 0.240320
vt 0.447838 0.218870
vt 0.451346 0.194763
vt 0.442499 0.196770
vt 0.116528 0.251882
vt 0.121587 0.250685
vt 0.121042 0.275353
vt 0.115675 0.276408
vt 0.111774 0.252607
vt 0.110625 0.276951
vt 0.116285 0.225577
vt 0.120618 0.224573
vt 0.125193 0.223166
vt 0.161250 0.183516
vt 0.154388 0.184349
vt 0.164310 0.155067
vt 0.170303 0.155403
vt 0.156509 0.211413
vt 0.148972 0.213477
vt 0.481885 0.239384
vt 0.481696 0.211314
vt 0.486971 0.211726
vt 0.487873 0.240444
vt 0.478298 0.265242
vt 0.484878 0.266854
vt 0.476143 0.182024
vt 0.481001 0.180591
vt 0.559506 0.320936
vt 0.555996 0.349647
vt 0.545738 0.348861
vt 0.550088 0.321710
vt 0.558857 0.289284
vt 0.550611 0.291307
vt 0.549222 0.375705
vt 0.538596 0.373258
vt 0.539706 0.399638
vt 0.529062 0.395575
vt 0.529031 0.370666
vt 0.519419 0.391594
vt 0.536504 0.347762
vt 0.541496 0.322266
vt 0.543071 0.293169
vt 0.460916 0.490722
vt 0.439507 0.503311
vt 0.433271 0.492497
vt 0.453565 0.480697
vt 0.480458 0.476211
vt 0.472095 0.467102
vt 0.416204 0.513810
vt 0.391192 0.521981
vt 0.387498 0.510036
vt 0.411199 0.502362
vt 0.406706 0.491757
vt 0.427655 0.482471
vt 0.384206 0.499015
vt 0.446925 0.471364
vt 0.464537 0.458587
vt 0.253263 0.521428
vt 0.226481 0.512571
vt 0.230982 0.501371
vt 0.256504 0.509767
vt 0.280960 0.527410
vt 0.282866 0.515434
vt 0.201047 0.501063
vt 0.177370 0.487189
vt 0.184245 0.477251
vt 0.206776 0.490438
vt 0.211947 0.480609
vt 0.235056 0.491048
vt 0.190463 0.468035
vt 0.259432 0.499046
vt 0.284607 0.504416
vt 0.092592 0.391959
vt 0.083014 0.369042
vt 0.094490 0.365651
vt 0.103709 0.387176
vt 0.104780 0.413849
vt 0.115310 0.407786
vt 0.076196 0.345462
vt 0.072171 0.321314
vt 0.083485 0.320892
vt 0.087732 0.343528
vt 0.098256 0.341582
vt 0.104966 0.362379
vt 0.093777 0.320284
vt 0.113864 0.382621
vt 0.124911 0.402065
vt 0.101878 0.186618
vt 0.121386 0.156650
vt 0.125289 0.161210
vt 0.107201 0.191522
vt 0.087698 0.215875
vt 0.094653 0.220758
vt 0.112198 0.194910
vt 0.129052 0.164327
vt 0.116823 0.196729
vt 0.132741 0.165935
vt 0.106978 0.225799
vt 0.101200 0.224015
vt 0.172215 0.275666
vt 0.175707 0.291687
vt 0.167610 0.295808
vt 0.164232 0.278669
vt 0.170037 0.257177
vt 0.162303 0.258856
vt 0.176814 0.256349
vt 0.179286 0.273398
vt 0.156049 0.282505
vt 0.154191 0.261936
vt 0.159385 0.300233
vt 0.151638 0.304478
vt 0.148302 0.286486
vt 0.146400 0.265578
vt 0.208551 0.356202
vt 0.214722 0.350079
vt 0.223812 0.360708
vt 0.218124 0.367280
vt 0.201503 0.363149
vt 0.211595 0.374753
vt 0.192535 0.350811
vt 0.200013 0.344384
vt 0.228763 0.377456
vt 0.233905 0.370415
vt 0.240529 0.386563
vt 0.222860 0.385428
vt 0.235376 0.395016
vt 0.194188 0.370263
vt 0.187248 0.376915
vt 0.177558 0.363439
vt 0.184878 0.357330
vt 0.204806 0.382432
vt 0.198370 0.389613
vt 0.313724 0.410693
vt 0.314189 0.401814
vt 0.328995 0.401904
vt 0.329373 0.410735
vt 0.313248 0.420691
vt 0.329885 0.420711
vt 0.296513 0.418924
vt 0.297974 0.409017
vt 0.344649 0.409180
vt 0.343431 0.400404
vt 0.359315 0.406048
vt 0.346126 0.419092
vt 0.361731 0.415877
vt 0.312850 0.430832
vt 0.312534 0.440338
vt 0.293789 0.438287
vt 0.295082 0.428924
vt 0.330511 0.430874
vt 0.331173 0.440434
vt 0.420511 0.371150
vt 0.415387 0.364083
vt 0.425053 0.354583
vt 0.430552 0.361171
vt 0.426315 0.379147
vt 0.436742 0.368648
vt 0.415113 0.388679
vt 0.409813 0.380205
vt 0.439996 0.350284
vt 0.434243 0.344182
vt 0.448945 0.338119
vt 0.446452 0.357260
vt 0.455567 0.344593
vt 0.453027 0.364412
vt 0.462297 0.351161
vt 0.468668 0.357384
vt 0.459222 0.371160
vt 0.443061 0.376385
vt 0.448987 0.383661
vt 0.432236 0.387357
vt 0.437818 0.395076
vt 0.425713 0.405435
vt 0.420550 0.397323
vt 0.396192 0.337625
vt 0.389705 0.332850
vt 0.394555 0.324452
vt 0.402674 0.329596
vt 0.401262 0.343742
vt 0.409177 0.335558
vt 0.389239 0.344340
vt 0.386270 0.339177
vt 0.409404 0.320760
vt 0.416877 0.326614
vt 0.400098 0.315285
vt 0.405783 0.305171
vt 0.416023 0.310929
vt 0.315436 0.362767
vt 0.314989 0.349883
vt 0.326965 0.350030
vt 0.327622 0.362891
vt 0.315436 0.374054
vt 0.328082 0.374091
vt 0.303228 0.361722
vt 0.303013 0.349102
vt 0.339437 0.362058
vt 0.338622 0.349334
vt 0.349902 0.347790
vt 0.350836 0.360167
vt 0.340366 0.373110
vt 0.240306 0.326060
vt 0.249344 0.320365
vt 0.255096 0.329777
vt 0.246954 0.335263
vt 0.232823 0.332069
vt 0.240314 0.341453
vt 0.233912 0.316162
vt 0.243480 0.310311
vt 0.253643 0.343525
vt 0.248379 0.349919
vt 0.260306 0.338316
vt 0.264093 0.344598
vt 0.261059 0.350123
vt 0.207379 0.234532
vt 0.216137 0.230160
vt 0.218499 0.242009
vt 0.208701 0.247710
vt 0.198931 0.236321
vt 0.199713 0.251352
vt 0.208103 0.220572
vt 0.214598 0.220818
vt 0.210835 0.260475
vt 0.201766 0.265025
vt 0.221093 0.254247
vt 0.224187 0.266365
vt 0.213843 0.272645
vt 0.232487 0.172172
vt 0.240529 0.182994
vt 0.228434 0.198038
vt 0.220320 0.189383
vt 0.248690 0.155775
vt 0.256020 0.168388
vt 0.314495 0.128865
vt 0.317449 0.144627
vt 0.295530 0.147853
vt 0.290892 0.132644
vt 0.338984 0.130649
vt 0.340138 0.146383
vt 0.268544 0.142085
vt 0.274687 0.156207
vt 0.408090 0.163090
vt 0.404091 0.173654
vt 0.385111 0.162697
vt 0.387625 0.149278
vt 0.423592 0.179355
vt 0.416222 0.182870
vt 0.363999 0.137928
vt 0.363275 0.152979
vt 0.437212 0.237302
vt 0.422935 0.232320
vt 0.422071 0.213725
vt 0.436162 0.217496
vt 0.435777 0.256096
vt 0.422096 0.250421
vt 0.432298 0.197882
vt 0.419815 0.195911
vt 0.451884 0.413738
vt 0.447427 0.408037
vt 0.459193 0.395880
vt 0.463971 0.401177
vt 0.456167 0.418988
vt 0.468593 0.406006
vt 0.438646 0.425157
vt 0.434561 0.419092
vt 0.442792 0.401878
vt 0.454271 0.390083
vt 0.430314 0.412587
vt 0.464765 0.377143
vt 0.474397 0.362989
vt 0.479821 0.368051
vt 0.469969 0.382541
vt 0.475028 0.387471
vt 0.479932 0.391884
vt 0.485082 0.372575
vt 0.312304 0.448814
vt 0.331807 0.448931
vt 0.312110 0.456729
vt 0.332384 0.456802
vt 0.291691 0.454513
vt 0.292687 0.446657
vt 0.170161 0.393138
vt 0.175476 0.388120
vt 0.187597 0.401671
vt 0.182670 0.407165
vt 0.165125 0.397792
vt 0.178019 0.412284
vt 0.159365 0.378338
vt 0.165003 0.373824
vt 0.181100 0.382774
vt 0.192757 0.395890
vt 0.171004 0.368902
vt 0.141336 0.289923
vt 0.134841 0.292781
vt 0.133015 0.271662
vt 0.139463 0.268881
vt 0.144678 0.308125
vt 0.138160 0.311219
vt 0.128569 0.295045
vt 0.122570 0.296760
vt 0.126880 0.273780
vt 0.131872 0.313792
vt 0.033551 0.291056
vt 0.038062 0.259578
vt 0.045110 0.261954
vt 0.041023 0.292324
vt 0.049960 0.293710
vt 0.053452 0.264756
vt 0.062828 0.267829
vt 0.060076 0.295161
vt 0.174717 0.972864
vt 0.155835 0.966034
vt 0.159332 0.957795
vt 0.177432 0.964325
vt 0.022943 0.351450
vt 0.030237 0.381713
vt 0.137428 0.957640
vt 0.141673 0.949768
vt 0.041458 0.411019
vt 0.146869 0.938954
vt 0.163595 0.946481
vt 0.152036 0.919669
vt 0.167703 0.926222
vt 0.180724 0.952586
vt 0.183772 0.931521
vt 0.185736 0.895086
vt 0.170692 0.891242
vt 0.171560 0.842799
vt 0.185886 0.844594
vt 0.156126 0.886435
vt 0.157853 0.840442
vt 0.106402 0.298813
vt 0.105465 0.276993
vt 0.111833 0.298586
vt 0.099878 0.298733
vt 0.099384 0.276502
vt 0.117053 0.297934
vt 0.184718 0.271667
vt 0.182075 0.255718
vt 0.186681 0.254968
vt 0.189268 0.270113
vt 0.194651 0.268116
vt 0.192380 0.253664
vt 0.070989 0.296620
vt 0.072833 0.271000
vt 0.082698 0.273690
vt 0.081752 0.297776
vt 0.091552 0.298423
vt 0.091712 0.275451
vt 0.180326 0.305924
vt 0.185944 0.319131
vt 0.177990 0.324495
vt 0.172253 0.310774
vt 0.192504 0.331978
vt 0.184731 0.337871
vt 0.176751 0.343892
vt 0.169191 0.349526
vt 0.169825 0.330015
vt 0.162130 0.335168
vt 0.164023 0.315763
vt 0.156273 0.320416
vt 0.228028 0.305774
vt 0.222668 0.295037
vt 0.232836 0.288961
vt 0.237955 0.299817
vt 0.217873 0.284078
vt 0.228183 0.277862
vt 0.149336 0.324418
vt 0.155252 0.339624
vt 0.148858 0.343551
vt 0.142854 0.327879
vt 0.136608 0.330869
vt 0.142743 0.347035
vt 0.128819 0.501576
vt 0.106133 0.480572
vt 0.112082 0.475399
vt 0.134055 0.495663
vt 0.086177 0.457728
vt 0.092716 0.453330
vt 0.100592 0.447878
vt 0.119265 0.469085
vt 0.109599 0.441531
vt 0.127485 0.461765
vt 0.140454 0.488542
vt 0.147800 0.480350
vt 0.045349 0.871842
vt 0.034492 0.852259
vt 0.040366 0.849321
vt 0.051317 0.867965
vt 0.176581 0.548077
vt 0.207790 0.561716
vt 0.026219 0.831600
vt 0.032083 0.829660
vt 0.239960 0.572057
vt 0.040553 0.826997
vt 0.048779 0.845299
vt 0.050732 0.822465
vt 0.058878 0.838127
vt 0.059636 0.862679
vt 0.069432 0.853178
vt 0.079661 0.836759
vt 0.069588 0.825821
vt 0.077948 0.808398
vt 0.087457 0.814008
vt 0.061421 0.814940
vt 0.069808 0.803269
vt 0.181625 0.440408
vt 0.165508 0.425675
vt 0.169778 0.421179
vt 0.185396 0.435506
vt 0.176964 0.446282
vt 0.160247 0.431034
vt 0.151419 0.409806
vt 0.156121 0.405797
vt 0.145619 0.414563
vt 0.160513 0.401935
vt 0.173803 0.416870
vt 0.188978 0.430809
vt 0.192752 0.425809
vt 0.237722 0.365089
vt 0.228051 0.355723
vt 0.240733 0.360762
vt 0.231427 0.351655
vt 0.219345 0.345423
vt 0.223038 0.341637
vt 0.227198 0.337333
vt 0.235224 0.347027
vt 0.244091 0.355811
vt 0.155805 0.471310
vt 0.136450 0.453656
vt 0.145345 0.445431
vt 0.163728 0.462169
vt 0.119430 0.434454
vt 0.129202 0.427247
vt 0.138090 0.420486
vt 0.153420 0.437744
vt 0.170906 0.453662
vt 0.282455 0.405774
vt 0.280026 0.415398
vt 0.264142 0.410161
vt 0.267512 0.400916
vt 0.277589 0.425126
vt 0.275331 0.434254
vt 0.257533 0.428378
vt 0.260730 0.419534
vt 0.291319 0.359779
vt 0.280104 0.357229
vt 0.280517 0.346593
vt 0.291371 0.347920
vt 0.269943 0.354347
vt 0.270921 0.345392
vt 0.273371 0.442457
vt 0.271558 0.450152
vt 0.252101 0.443778
vt 0.254701 0.436337
vt 0.269837 0.457554
vt 0.249654 0.450935
vt 0.290729 0.462052
vt 0.372018 0.568322
vt 0.370882 0.560456
vt 0.339628 0.571377
vt 0.339427 0.563529
vt 0.306991 0.571255
vt 0.307532 0.563441
vt 0.308059 0.553744
vt 0.338873 0.553832
vt 0.308579 0.542593
vt 0.338102 0.542684
vt 0.369178 0.550824
vt 0.367067 0.539761
vt 0.040426 0.703421
vt 0.049864 0.684751
vt 0.057264 0.688896
vt 0.047766 0.706822
vt 0.438651 0.564052
vt 0.468327 0.550389
vt 0.060494 0.667530
vt 0.067738 0.672378
vt 0.495372 0.533897
vt 0.076899 0.679051
vt 0.066718 0.694576
vt 0.087167 0.691563
vt 0.077311 0.705224
vt 0.057303 0.711414
vt 0.068049 0.720052
vt 0.078876 0.735502
vt 0.088011 0.724276
vt 0.096310 0.751185
vt 0.087092 0.757497
vt 0.097602 0.713854
vt 0.105924 0.745264
vt 0.357468 0.487096
vt 0.358720 0.494610
vt 0.334525 0.489773
vt 0.334960 0.497380
vt 0.334181 0.483539
vt 0.356483 0.480950
vt 0.310956 0.489907
vt 0.311254 0.483697
vt 0.310589 0.497440
vt 0.311489 0.477758
vt 0.311699 0.471380
vt 0.333413 0.471299
vt 0.333832 0.477626
vt 0.355552 0.475154
vt 0.354530 0.468972
vt 0.342551 0.393715
vt 0.328762 0.395164
vt 0.341905 0.388203
vt 0.328589 0.389535
vt 0.314577 0.395050
vt 0.314888 0.389395
vt 0.315198 0.382807
vt 0.328390 0.382901
vt 0.341201 0.381731
vt 0.364724 0.527622
vt 0.362427 0.515458
vt 0.337200 0.530493
vt 0.336320 0.518280
vt 0.309110 0.530434
vt 0.309627 0.518259
vt 0.310134 0.507051
vt 0.335565 0.507031
vt 0.360381 0.504237
vt 0.373176 0.401413
vt 0.386205 0.395440
vt 0.390225 0.404617
vt 0.376436 0.410934
vt 0.398393 0.388332
vt 0.403098 0.397204
vt 0.379853 0.420631
vt 0.383143 0.429710
vt 0.366754 0.435049
vt 0.364276 0.425760
vt 0.394430 0.414053
vt 0.398447 0.422876
vt 0.381122 0.349309
vt 0.379858 0.340501
vt 0.371935 0.353307
vt 0.370880 0.342728
vt 0.361744 0.357081
vt 0.360782 0.345367
vt 0.386073 0.437733
vt 0.402025 0.430646
vt 0.388768 0.445072
vt 0.405312 0.437741
vt 0.371022 0.450822
vt 0.368973 0.443274
vt 0.424176 0.435429
vt 0.408411 0.444417
vt 0.420547 0.429035
vt 0.391306 0.451980
vt 0.372933 0.457937
vt 0.563839 0.438755
vt 0.548172 0.463307
vt 0.541359 0.459347
vt 0.556674 0.435662
vt 0.529892 0.485552
vt 0.523576 0.480772
vt 0.516028 0.474794
vt 0.533213 0.454324
vt 0.507428 0.467756
vt 0.523956 0.448377
vt 0.548099 0.431702
vt 0.538371 0.426973
vt 0.153388 0.591458
vt 0.156942 0.599669
vt 0.600170 0.384132
vt 0.606587 0.350108
vt 0.175321 0.583970
vt 0.177958 0.592585
vt 0.200282 0.579534
vt 0.201880 0.588464
vt 0.607402 0.312812
vt 0.203941 0.600798
vt 0.181330 0.604505
vt 0.229273 0.600273
vt 0.206526 0.623019
vt 0.185456 0.626112
vt 0.161456 0.611006
vt 0.166877 0.631724
vt 0.173101 0.667921
vt 0.179017 0.718296
vt 0.190328 0.663689
vt 0.195094 0.715750
vt 0.209684 0.661472
vt 0.212932 0.714491
vt 0.493859 0.402207
vt 0.481603 0.417956
vt 0.477017 0.414064
vt 0.488967 0.398919
vt 0.499989 0.406038
vt 0.487384 0.422563
vt 0.468156 0.432322
vt 0.473492 0.437609
vt 0.463935 0.427902
vt 0.460119 0.423634
vt 0.472866 0.410235
vt 0.484513 0.395626
vt 0.429846 0.339622
vt 0.420922 0.349591
vt 0.426300 0.335949
vt 0.417653 0.345542
vt 0.411556 0.358690
vt 0.408579 0.354329
vt 0.405356 0.349453
vt 0.414042 0.340988
vt 0.422342 0.331759
vt 0.527823 0.421622
vt 0.513902 0.441681
vt 0.503970 0.434798
vt 0.517399 0.416061
vt 0.498101 0.459869
vt 0.488867 0.451797
vt 0.480507 0.444226
vt 0.494971 0.428290
vt 0.507963 0.410753
vt 0.457437 0.324299
vt 0.464100 0.330321
vt 0.465357 0.307985
vt 0.472100 0.313120
vt 0.472548 0.288172
vt 0.479338 0.291488
vt 0.485944 0.297207
vt 0.478942 0.318758
vt 0.491269 0.272006
vt 0.497058 0.278211
vt 0.492004 0.303495
vt 0.485346 0.324405
vt 0.470952 0.336319
vt 0.477429 0.342071
vt 0.432412 0.272746
vt 0.427725 0.287334
vt 0.415697 0.281282
vt 0.419500 0.266758
vt 0.422190 0.299920
vt 0.411052 0.293948
vt 0.483279 0.347485
vt 0.488825 0.352350
vt 0.491174 0.329674
vt 0.496712 0.334296
vt 0.497617 0.308508
vt 0.502270 0.282885
vt 0.507327 0.286644
vt 0.503051 0.312628
vt 0.494172 0.356406
vt 0.502045 0.338005
vt 0.311903 0.464277
vt 0.332927 0.464277
vt 0.353374 0.462102
vt 0.352132 0.454787
vt 0.350790 0.447050
vt 0.349333 0.438639
vt 0.347727 0.429175
vt 0.416742 0.422224
vt 0.412619 0.414752
vt 0.407969 0.406265
vt 0.196927 0.420253
vt 0.201342 0.414315
vt 0.216719 0.425734
vt 0.212907 0.432105
vt 0.205967 0.408032
vt 0.211011 0.401255
vt 0.225139 0.411702
vt 0.220754 0.418981
vt 0.216763 0.393596
vt 0.230105 0.403609
vt 0.309316 0.091144
vt 0.308727 0.084435
vt 0.308183 0.077495
vt 0.307565 0.071156
vt 0.344199 0.073694
vt 0.343304 0.079922
vt 0.379077 0.089802
vt 0.381461 0.083897
vt 0.401417 0.035639
vt 0.422101 0.718006
vt 0.150270 0.362914
vt 0.156178 0.358920
vt 0.162414 0.354490
vt 0.230568 0.442400
vt 0.233726 0.435605
vt 0.237068 0.428463
vt 0.240718 0.420807
vt 0.244828 0.412315
vt 0.249196 0.403316
vt 0.253477 0.394444
vt 0.236879 0.084473
vt 0.233568 0.082096
vt 0.268456 0.068386
vt 0.270440 0.071493
vt 0.208176 0.103984
vt 0.203711 0.102407
vt 0.226737 0.080166
vt 0.225648 0.080001
vt 0.264248 0.063832
vt 0.264819 0.064366
vt 0.227591 0.080281
vt 0.265254 0.064764
vt 0.194190 0.103164
vt 0.192711 0.103495
vt 0.190991 0.103846
vt 0.216929 0.072031
vt 0.179418 0.096600
vt 0.258563 0.054827
vt 0.306784 0.066248
vt 0.306062 0.062775
vt 0.345378 0.065374
vt 0.344882 0.068839
vt 0.304803 0.057793
vt 0.304611 0.057098
vt 0.346206 0.059612
vt 0.346100 0.060321
vt 0.304950 0.058325
vt 0.346020 0.060866
vt 0.302320 0.047243
vt 0.347624 0.049672
vt 0.383590 0.079458
vt 0.385269 0.076377
vt 0.422148 0.094948
vt 0.419611 0.097210
vt 0.387925 0.071871
vt 0.388321 0.071241
vt 0.427774 0.091431
vt 0.427024 0.091888
vt 0.387633 0.072355
vt 0.426403 0.092210
vt 0.393380 0.062362
vt 0.436018 0.084040
vt 0.449838 0.120589
vt 0.452711 0.119522
vt 0.475667 0.148556
vt 0.472268 0.148585
vt 0.460456 0.119031
vt 0.461741 0.118849
vt 0.488634 0.151704
vt 0.486720 0.151642
vt 0.459367 0.119086
vt 0.484982 0.151381
vt 0.472724 0.112414
vt 0.502495 0.145310
vt 0.525151 0.180930
vt 0.529114 0.176890
vt 0.541915 0.217838
vt 0.518354 0.321014
vt 0.521944 0.294212
vt 0.513483 0.319110
vt 0.517309 0.292836
vt 0.485750 0.179913
vt 0.492503 0.212207
vt 0.490108 0.180431
vt 0.497710 0.213676
vt 0.147443 0.125784
vt 0.149988 0.130267
vt 0.152973 0.132975
vt 0.156136 0.134170
vt 0.185921 0.128288
vt 0.180657 0.127279
vt 0.169147 0.130326
vt 0.172080 0.129188
vt 0.153467 0.158794
vt 0.149450 0.160672
vt 0.166744 0.131343
vt 0.146062 0.162288
vt 0.195675 0.102823
vt 0.197566 0.102474
vt 0.073066 0.786315
vt 0.080984 0.785960
vt 0.089951 0.785636
vt 0.099661 0.785312
vt 0.109809 0.784991
vt 0.120431 0.784631
vt 0.131571 0.784180
vt 0.143354 0.783631
vt 0.155900 0.782968
vt 0.169260 0.782222
vt 0.183477 0.781445
vt 0.198873 0.780761
vt 0.215768 0.780337
vt 0.234367 0.780223
vt 0.254884 0.780464
vt 0.255689 0.845092
vt 0.276596 0.781098
vt 0.340958 0.785763
vt 0.358853 0.787972
vt 0.320548 0.783698
vt 0.373067 0.789951
vt 0.403970 0.188796
vt 0.405382 0.206607
vt 0.385230 0.179489
vt 0.386552 0.198177
vt 0.406282 0.225202
vt 0.406083 0.243375
vt 0.388401 0.235988
vt 0.387830 0.217323
vt 0.404409 0.259976
vt 0.401611 0.274973
vt 0.386011 0.269086
vt 0.387700 0.253248
vt 0.398003 0.288330
vt 0.393807 0.300363
vt 0.380540 0.296623
vt 0.383546 0.283457
vt 0.381428 0.331270
vt 0.371759 0.331738
vt 0.374022 0.320403
vt 0.384870 0.321570
vt 0.389211 0.311350
vt 0.377155 0.308816
vt 0.364377 0.170842
vt 0.366343 0.190265
vt 0.342575 0.164733
vt 0.345552 0.184543
vt 0.368319 0.210016
vt 0.369736 0.229309
vt 0.350611 0.224426
vt 0.348366 0.204677
vt 0.370067 0.247371
vt 0.369506 0.264166
vt 0.352504 0.260672
vt 0.351938 0.243104
vt 0.368241 0.279655
vt 0.366477 0.294044
vt 0.351923 0.292494
vt 0.352445 0.277086
vt 0.361097 0.333091
vt 0.349776 0.334656
vt 0.350233 0.321001
vt 0.362398 0.320416
vt 0.364354 0.307512
vt 0.351061 0.307036
vt 0.321215 0.162917
vt 0.325170 0.182619
vt 0.300483 0.165540
vt 0.305281 0.184631
vt 0.328705 0.202655
vt 0.331672 0.222382
vt 0.312971 0.223293
vt 0.309417 0.204075
vt 0.333884 0.241189
vt 0.335469 0.259034
vt 0.318465 0.259350
vt 0.315964 0.241730
vt 0.336522 0.275876
vt 0.337164 0.291814
vt 0.322291 0.292073
vt 0.320550 0.276111
vt 0.338095 0.335732
vt 0.326098 0.336314
vt 0.325030 0.321984
vt 0.337764 0.321516
vt 0.337515 0.306953
vt 0.323773 0.307300
vt 0.280613 0.172767
vt 0.286014 0.190728
vt 0.262548 0.183444
vt 0.268226 0.199926
vt 0.290600 0.209077
vt 0.294617 0.227284
vt 0.277287 0.233652
vt 0.273006 0.216824
vt 0.298259 0.244842
vt 0.301575 0.261717
vt 0.285367 0.265682
vt 0.281405 0.249948
vt 0.304609 0.277872
vt 0.307369 0.293332
vt 0.292817 0.295381
vt 0.289175 0.280831
vt 0.313843 0.336383
vt 0.301647 0.336132
vt 0.299330 0.322858
vt 0.312113 0.322413
vt 0.309911 0.308120
vt 0.296295 0.309330
vt 0.247132 0.196364
vt 0.252626 0.211193
vt 0.234531 0.209641
vt 0.239352 0.222913
vt 0.224683 0.221402
vt 0.228344 0.233484
vt 0.219712 0.211503
vt 0.257295 0.226428
vt 0.261594 0.241642
vt 0.247601 0.250312
vt 0.243550 0.236609
vt 0.231740 0.246096
vt 0.235288 0.258734
vt 0.265937 0.256419
vt 0.270306 0.270749
vt 0.256519 0.276551
vt 0.251943 0.263620
vt 0.239448 0.270907
vt 0.244065 0.282712
vt 0.274680 0.284613
vt 0.279007 0.297980
vt 0.266102 0.301268
vt 0.261258 0.289116
vt 0.249026 0.294225
vt 0.254235 0.305368
vt 0.283264 0.310825
vt 0.286999 0.323347
vt 0.275362 0.324348
vt 0.270978 0.312957
vt 0.259623 0.316063
vt 0.264646 0.326304
vt 0.289827 0.335745
vt 0.278748 0.335595
vt 0.268798 0.336055
vt 0.510390 0.187906
vt 0.507399 0.188196
vt 0.490941 0.151432
vt 0.523170 0.225525
vt 0.519507 0.225812
vt 0.147865 0.186610
vt 0.142001 0.189334
vt 0.158558 0.156554
vt 0.142032 0.216288
vt 0.135741 0.219159
vt 0.231209 0.080987
vt 0.229572 0.080601
vt 0.266283 0.065736
vt 0.267142 0.066640
vt 0.200209 0.102120
vt 0.224101 0.079737
vt 0.188720 0.104226
vt 0.263451 0.063049
vt 0.305594 0.060726
vt 0.305297 0.059587
vt 0.345836 0.062157
vt 0.345676 0.063313
vt 0.304337 0.056078
vt 0.346351 0.058569
vt 0.386311 0.074538
vt 0.386916 0.073504
vt 0.425006 0.092983
vt 0.423863 0.093662
vt 0.388885 0.070311
vt 0.428811 0.090717
vt 0.455073 0.119177
vt 0.456933 0.119176
vt 0.481221 0.150419
vt 0.478678 0.149379
vt 0.463373 0.118394
vt 0.159202 0.134045
vt 0.162023 0.133226
vt 0.139750 0.165035
vt 0.136352 0.165969
vt 0.175981 0.127874
vt 0.521628 0.261825
vt 0.525692 0.262081
vt 0.517510 0.260811
vt 0.512728 0.224879
vt 0.516106 0.225639
vt 0.504412 0.251520
vt 0.508762 0.255475
vt 0.499588 0.247281
vt 0.502045 0.217098
vt 0.505672 0.220895
vt 0.106953 0.252832
vt 0.101477 0.252307
vt 0.111857 0.226146
vt 0.228460 0.080396
vt 0.265704 0.065168
vt 0.305098 0.058856
vt 0.345950 0.061412
vt 0.387330 0.072837
vt 0.425793 0.092538
vt 0.458278 0.119142
vt 0.483220 0.151037
vt 0.164445 0.132302
vt 0.142883 0.163763
vt 0.513149 0.258631
vt 0.512379 0.290138
vt 0.509194 0.223404
vt 0.508341 0.316234
vt 0.137112 0.191545
vt 0.132829 0.193356
vt 0.130201 0.221412
vt 0.047559 0.226759
vt 0.053922 0.230292
vt 0.041760 0.223637
vt 0.061302 0.234596
vt 0.069499 0.239306
vt 0.579250 0.239185
vt 0.533110 0.172306
vt 0.550430 0.154306
vt 0.324314 0.602308
vt 0.257311 0.603355
vt 0.035620 0.220267
vt 0.262076 0.977705
vt 0.261126 0.968733
vt 0.259916 0.956383
vt 0.258512 0.934471
vt 0.305559 0.676595
vt 0.301089 0.723841
vt 0.256997 0.896889
vt 0.169468 0.235530
vt 0.175763 0.236190
vt 0.162158 0.235840
vt 0.540151 0.259634
vt 0.546366 0.257293
vt 0.534628 0.261264
vt 0.180709 0.236971
vt 0.185391 0.237473
vt 0.191467 0.237281
vt 0.128858 0.194897
vt 0.125059 0.196123
vt 0.154222 0.237881
vt 0.146450 0.240897
vt 0.078185 0.244066
vt 0.086759 0.248103
vt 0.094659 0.250773
vt 0.212291 0.205533
vt 0.553102 0.254412
vt 0.298788 0.782160
vt 0.529918 0.261986
vt 0.139432 0.244032
vt 0.133012 0.246875
vt 0.504738 0.188048
vt 0.502195 0.187523
vt 0.493794 0.182583
vt 0.496859 0.185110
vt 0.121078 0.196930
vt 0.499583 0.186667
vt 0.127097 0.249055
vt 0.493949 0.243321
vt 0.914979 0.269473
vt 0.911477 0.267840
vt 0.913484 0.260733
vt 0.916544 0.259105
vt 0.918382 0.269379
vt 0.919973 0.256896
vt 0.911210 0.280165
vt 0.907432 0.277276
vt 0.914654 0.281723
vt 0.924062 0.268245
vt 0.921396 0.268853
vt 0.922982 0.254700
vt 0.925653 0.252826
vt 0.920440 0.283065
vt 0.917736 0.282569
vt 0.911887 0.295684
vt 0.914626 0.297114
vt 0.906472 0.310228
vt 0.903736 0.308022
vt 0.908741 0.293773
vt 0.900587 0.305270
vt 0.901291 0.287340
vt 0.905203 0.291091
vt 0.897028 0.301799
vt 0.893075 0.297410
vt 0.899570 0.249352
vt 0.893669 0.241985
vt 0.898700 0.231622
vt 0.904580 0.239459
vt 0.904458 0.256613
vt 0.909128 0.247525
vt 0.893773 0.259323
vt 0.887857 0.252122
vt 0.898947 0.266254
vt 0.908193 0.263165
vt 0.912090 0.255138
vt 0.903432 0.272443
vt 0.896971 0.282206
vt 0.888760 0.291901
vt 0.892215 0.276012
vt 0.884028 0.285500
vt 0.881095 0.261864
vt 0.886933 0.269112
vt 0.878844 0.278457
vt 0.873169 0.271028
vt 0.915929 0.249132
vt 0.913341 0.239431
vt 0.919506 0.244423
vt 0.917113 0.232196
vt 0.903121 0.221216
vt 0.908998 0.229907
vt 0.907015 0.210370
vt 0.912923 0.220509
vt 0.916425 0.211089
vt 0.910436 0.198694
vt 0.913712 0.184211
vt 0.919747 0.203421
vt 0.920433 0.225686
vt 0.923413 0.220504
vt 0.922634 0.240280
vt 0.925391 0.236949
vt 0.860374 0.329054
vt 0.844926 0.336026
vt 0.842284 0.329838
vt 0.857239 0.323202
vt 0.874379 0.320926
vt 0.870833 0.315482
vt 0.863230 0.334227
vt 0.847327 0.341561
vt 0.877582 0.325637
vt 0.886673 0.311788
vt 0.882855 0.306838
vt 0.890115 0.315937
vt 0.893166 0.319392
vt 0.895787 0.322245
vt 0.880417 0.329671
vt 0.882842 0.333043
vt 0.849441 0.346404
vt 0.865737 0.338718
vt 0.867897 0.342511
vt 0.851252 0.350516
vt 0.792547 0.348518
vt 0.773996 0.349413
vt 0.773947 0.342630
vt 0.791807 0.341771
vt 0.810739 0.345898
vt 0.809319 0.339266
vt 0.793216 0.354613
vt 0.774036 0.355547
vt 0.812026 0.351892
vt 0.828297 0.341688
vt 0.826228 0.335239
vt 0.830164 0.347500
vt 0.831812 0.352606
vt 0.833229 0.356946
vt 0.813173 0.357177
vt 0.814139 0.361673
vt 0.774061 0.360954
vt 0.793808 0.359996
vt 0.794312 0.364576
vt 0.774087 0.365562
vt 0.823978 0.328200
vt 0.839400 0.323026
vt 0.807766 0.332049
vt 0.821563 0.320581
vt 0.836290 0.315623
vt 0.806102 0.324256
vt 0.773911 0.335258
vt 0.790992 0.334440
vt 0.773862 0.327307
vt 0.790130 0.326536
vt 0.789201 0.318070
vt 0.773802 0.318795
vt 0.773758 0.309756
vt 0.788222 0.309089
vt 0.804322 0.315913
vt 0.802434 0.307059
vt 0.832959 0.307674
vt 0.818968 0.312414
vt 0.816226 0.303746
vt 0.829429 0.299240
vt 0.878694 0.300966
vt 0.866976 0.309268
vt 0.874156 0.294323
vt 0.862789 0.302370
vt 0.853804 0.316671
vt 0.850102 0.309512
vt 0.846126 0.301802
vt 0.841874 0.293628
vt 0.858274 0.294902
vt 0.853425 0.286995
vt 0.869226 0.287086
vt 0.863905 0.279431
vt 0.719063 0.341545
vt 0.702031 0.335829
vt 0.704590 0.329604
vt 0.721048 0.335068
vt 0.736943 0.345805
vt 0.738290 0.339149
vt 0.717277 0.347375
vt 0.699708 0.341394
vt 0.735733 0.351814
vt 0.755350 0.348471
vt 0.756018 0.341716
vt 0.754758 0.354576
vt 0.754229 0.359965
vt 0.753780 0.364550
vt 0.734661 0.357115
vt 0.733747 0.361624
vt 0.697659 0.346272
vt 0.715688 0.352507
vt 0.714338 0.356868
vt 0.695897 0.350407
vt 0.658841 0.311461
vt 0.648011 0.301439
vt 0.651892 0.296997
vt 0.662576 0.306456
vt 0.671625 0.320635
vt 0.675096 0.315147
vt 0.655451 0.315656
vt 0.644501 0.304964
vt 0.668497 0.325393
vt 0.686113 0.328807
vt 0.689187 0.322917
vt 0.683346 0.334022
vt 0.680888 0.338552
vt 0.678785 0.342373
vt 0.665717 0.329466
vt 0.663334 0.332880
vt 0.641386 0.307760
vt 0.652452 0.319156
vt 0.649864 0.322047
vt 0.638686 0.310013
vt 0.692517 0.316336
vt 0.707379 0.322756
vt 0.678860 0.308881
vt 0.696115 0.309130
vt 0.710395 0.315314
vt 0.682946 0.301929
vt 0.656112 0.291434
vt 0.666644 0.300533
vt 0.660751 0.284978
vt 0.671088 0.293835
vt 0.675903 0.286538
vt 0.665821 0.277876
vt 0.671368 0.270387
vt 0.681111 0.278826
vt 0.687359 0.294406
vt 0.692096 0.286440
vt 0.713609 0.307321
vt 0.699985 0.301371
vt 0.704126 0.293142
vt 0.717051 0.298843
vt 0.756731 0.334375
vt 0.739744 0.331912
vt 0.757513 0.326458
vt 0.741314 0.324098
vt 0.723216 0.327997
vt 0.725537 0.320342
vt 0.728013 0.312144
vt 0.730653 0.303440
vt 0.743002 0.315731
vt 0.744772 0.306848
vt 0.758333 0.317980
vt 0.759208 0.308982
vt 0.663721 0.137395
vt 0.667446 0.126707
vt 0.676002 0.129768
vt 0.672773 0.139344
vt 0.660941 0.148466
vt 0.670429 0.149234
vt 0.655168 0.135676
vt 0.659407 0.123888
vt 0.651847 0.148040
vt 0.658615 0.170887
vt 0.659199 0.159709
vt 0.669019 0.159288
vt 0.668565 0.169355
vt 0.648725 0.173381
vt 0.649589 0.160781
vt 0.640392 0.162663
vt 0.639026 0.177228
vt 0.628877 0.183939
vt 0.632565 0.163995
vt 0.643520 0.147890
vt 0.636464 0.147573
vt 0.652161 0.121334
vt 0.647458 0.134126
vt 0.640908 0.132678
vt 0.646012 0.119075
vt 0.683727 0.098433
vt 0.690988 0.090394
vt 0.697506 0.096668
vt 0.690814 0.104053
vt 0.677409 0.107189
vt 0.685010 0.112069
vt 0.677113 0.093176
vt 0.684901 0.084530
vt 0.670320 0.102625
vt 0.672002 0.116628
vt 0.680075 0.120659
vt 0.664440 0.112866
vt 0.657639 0.109463
vt 0.651853 0.106511
vt 0.663955 0.098506
vt 0.658537 0.094962
vt 0.679455 0.079257
vt 0.671189 0.088444
vt 0.666140 0.084389
vt 0.674803 0.074753
vt 0.688413 0.124870
vt 0.684763 0.133041
vt 0.692881 0.117131
vt 0.697296 0.128906
vt 0.694064 0.136224
vt 0.701309 0.121960
vt 0.704284 0.103176
vt 0.698174 0.109881
vt 0.711550 0.109380
vt 0.706068 0.115436
vt 0.714722 0.120236
vt 0.719517 0.114743
vt 0.728426 0.118733
vt 0.724384 0.123808
vt 0.710545 0.126136
vt 0.720859 0.129241
vt 0.704222 0.139009
vt 0.707031 0.132405
vt 0.717910 0.135012
vt 0.715550 0.141094
vt 0.678832 0.159377
vt 0.678481 0.168400
vt 0.679984 0.150403
vt 0.689020 0.159779
vt 0.688753 0.167881
vt 0.689965 0.151745
vt 0.681965 0.141587
vt 0.691642 0.143863
vt 0.702153 0.145912
vt 0.713840 0.147467
vt 0.700749 0.153035
vt 0.712700 0.154052
vt 0.699760 0.167655
vt 0.699980 0.160308
vt 0.712080 0.160781
vt 0.711911 0.167587
vt 0.718208 0.071036
vt 0.728670 0.066348
vt 0.732195 0.074530
vt 0.722564 0.078845
vt 0.708347 0.076641
vt 0.713505 0.084008
vt 0.714125 0.063726
vt 0.725371 0.058690
vt 0.703547 0.069749
vt 0.699235 0.083112
vt 0.705110 0.089968
vt 0.693755 0.076703
vt 0.688847 0.070943
vt 0.684649 0.066021
vt 0.699217 0.063552
vt 0.695536 0.058259
vt 0.722393 0.051793
vt 0.710457 0.057148
vt 0.707319 0.051531
vt 0.719841 0.045908
vt 0.762336 0.058262
vt 0.773862 0.057678
vt 0.773766 0.066576
vt 0.763169 0.067116
vt 0.750878 0.059923
vt 0.752630 0.068640
vt 0.761560 0.049991
vt 0.773939 0.049374
vt 0.749227 0.051775
vt 0.739612 0.062633
vt 0.742257 0.071119
vt 0.737122 0.054690
vt 0.734877 0.047546
vt 0.732956 0.041446
vt 0.747752 0.044454
vt 0.746485 0.038201
vt 0.774015 0.041916
vt 0.760856 0.042562
vt 0.760244 0.036223
vt 0.774090 0.035553
vt 0.744993 0.079901
vt 0.735832 0.082990
vt 0.754426 0.077666
vt 0.747498 0.088301
vt 0.739347 0.090902
vt 0.756007 0.086513
vt 0.773669 0.075810
vt 0.764026 0.076301
vt 0.773555 0.084934
vt 0.764753 0.085371
vt 0.765171 0.093882
vt 0.773420 0.093496
vt 0.773265 0.101052
vt 0.765134 0.101395
vt 0.757097 0.094677
vt 0.757279 0.101839
vt 0.742449 0.097444
vt 0.749452 0.095637
vt 0.750031 0.101938
vt 0.744718 0.101636
vt 0.711215 0.097075
vt 0.718844 0.091637
vt 0.717746 0.103845
vt 0.724514 0.098869
vt 0.727089 0.086920
vt 0.731694 0.094490
vt 0.736328 0.100777
vt 0.741668 0.105211
vt 0.730622 0.105055
vt 0.737504 0.109590
vt 0.724921 0.109697
vt 0.732940 0.114047
vt 0.807429 0.062459
vt 0.817927 0.066117
vt 0.814248 0.074237
vt 0.804610 0.070896
vt 0.796518 0.059809
vt 0.794587 0.068487
vt 0.810066 0.054568
vt 0.821369 0.058519
vt 0.798325 0.051699
vt 0.785289 0.058205
vt 0.784274 0.067041
vt 0.786236 0.049955
vt 0.787093 0.042541
vt 0.787830 0.036220
vt 0.799945 0.044410
vt 0.801344 0.038188
vt 0.824476 0.051684
vt 0.812452 0.047471
vt 0.814484 0.041415
vt 0.827129 0.045848
vt 0.845809 0.082738
vt 0.853573 0.090004
vt 0.846954 0.096206
vt 0.839823 0.089521
vt 0.837219 0.076306
vt 0.831947 0.083598
vt 0.851398 0.076404
vt 0.859746 0.084213
vt 0.842149 0.069486
vt 0.827884 0.070748
vt 0.823383 0.078489
vt 0.832103 0.063508
vt 0.835890 0.056998
vt 0.839135 0.051437
vt 0.846577 0.063358
vt 0.850357 0.058124
vt 0.865281 0.079005
vt 0.856405 0.070709
vt 0.860681 0.065850
vt 0.870000 0.074554
vt 0.818723 0.086497
vt 0.810435 0.082637
vt 0.826464 0.091157
vt 0.813976 0.094017
vt 0.806775 0.090505
vt 0.820678 0.098337
vt 0.840064 0.102644
vt 0.833601 0.096556
vt 0.832721 0.108796
vt 0.826966 0.103274
vt 0.819749 0.109107
vt 0.824710 0.114143
vt 0.815863 0.118164
vt 0.811761 0.113487
vt 0.814503 0.104500
vt 0.807629 0.109063
vt 0.803506 0.097023
vt 0.809236 0.100281
vt 0.803883 0.104733
vt 0.801142 0.101213
vt 0.783217 0.076207
vt 0.792593 0.077482
vt 0.782285 0.085262
vt 0.790810 0.086297
vt 0.801708 0.079631
vt 0.799013 0.087990
vt 0.796856 0.095300
vt 0.796004 0.101572
vt 0.789476 0.094435
vt 0.788985 0.101574
vt 0.781597 0.093758
vt 0.781309 0.101257
vt 0.871417 0.116339
vt 0.875698 0.126500
vt 0.867105 0.129508
vt 0.863284 0.120314
vt 0.866329 0.106846
vt 0.858666 0.111659
vt 0.879041 0.112638
vt 0.883774 0.123730
vt 0.873494 0.102345
vt 0.860400 0.098054
vt 0.853225 0.103604
vt 0.867087 0.092865
vt 0.873089 0.088192
vt 0.878192 0.084189
vt 0.879927 0.098280
vt 0.885396 0.094788
vt 0.891050 0.121225
vt 0.885887 0.109289
vt 0.891715 0.106384
vt 0.897241 0.119011
vt 0.883444 0.159820
vt 0.883968 0.171123
vt 0.874034 0.169573
vt 0.873637 0.159377
vt 0.881811 0.148463
vt 0.872328 0.149196
vt 0.893038 0.160919
vt 0.893846 0.173636
vt 0.890902 0.148071
vt 0.879205 0.137280
vt 0.870132 0.139186
vt 0.887776 0.135606
vt 0.895515 0.134100
vt 0.902069 0.132693
vt 0.899243 0.147957
vt 0.906316 0.147674
vt 0.903549 0.177496
vt 0.902238 0.162826
vt 0.910062 0.164187
vt 0.860930 0.141390
vt 0.858308 0.132732
vt 0.862765 0.150330
vt 0.851265 0.143635
vt 0.848997 0.135879
vt 0.852815 0.151646
vt 0.864133 0.168605
vt 0.863832 0.159439
vt 0.853908 0.168067
vt 0.853677 0.159820
vt 0.842795 0.160332
vt 0.842972 0.167823
vt 0.830961 0.167730
vt 0.830823 0.160794
vt 0.842094 0.152918
vt 0.830257 0.153933
vt 0.838886 0.138648
vt 0.840807 0.145665
vt 0.829216 0.147228
vt 0.827643 0.140749
vt 0.845778 0.109367
vt 0.850720 0.116661
vt 0.837819 0.114870
vt 0.842250 0.121443
vt 0.854908 0.124470
vt 0.845985 0.128462
vt 0.836274 0.131948
vt 0.825475 0.134578
vt 0.833011 0.125604
vt 0.822768 0.128737
vt 0.829149 0.119654
vt 0.819541 0.123257
vt 0.878953 0.203208
vt 0.875444 0.213199
vt 0.866672 0.208356
vt 0.869758 0.199078
vt 0.881614 0.192850
vt 0.872053 0.189486
vt 0.887776 0.208106
vt 0.883870 0.218609
vt 0.890855 0.197159
vt 0.883325 0.182145
vt 0.873491 0.179630
vt 0.892992 0.185694
vt 0.902326 0.190717
vt 0.899489 0.202790
vt 0.891702 0.224710
vt 0.895941 0.214028
vt 0.860294 0.240461
vt 0.853519 0.248355
vt 0.846487 0.240929
vt 0.852740 0.233624
vt 0.866168 0.231911
vt 0.858176 0.225706
vt 0.867633 0.247483
vt 0.860398 0.255899
vt 0.873891 0.238393
vt 0.871199 0.222794
vt 0.862814 0.217257
vt 0.879272 0.228736
vt 0.886832 0.235122
vt 0.881183 0.245137
vt 0.866981 0.263482
vt 0.874605 0.254635
vt 0.854329 0.212083
vt 0.857807 0.203950
vt 0.850105 0.219798
vt 0.845427 0.207489
vt 0.848524 0.200116
vt 0.841643 0.214472
vt 0.839420 0.233686
vt 0.845134 0.227020
vt 0.832064 0.227056
vt 0.837175 0.221013
vt 0.828588 0.215954
vt 0.824139 0.221452
vt 0.815409 0.217296
vt 0.819103 0.212208
vt 0.832484 0.210019
vt 0.822355 0.206730
vt 0.838478 0.196993
vt 0.835797 0.203686
vt 0.825104 0.200892
vt 0.827326 0.194719
vt 0.863682 0.177714
vt 0.862482 0.186690
vt 0.853542 0.176302
vt 0.852540 0.184442
vt 0.860525 0.195459
vt 0.850876 0.192407
vt 0.840482 0.189979
vt 0.828967 0.188240
vt 0.841871 0.182726
vt 0.830083 0.181530
vt 0.842681 0.175315
vt 0.830735 0.174669
vt 0.827846 0.267360
vt 0.817841 0.271960
vt 0.813867 0.262672
vt 0.822986 0.258459
vt 0.837196 0.261859
vt 0.831519 0.253394
vt 0.832656 0.276277
vt 0.821802 0.281243
vt 0.842790 0.270355
vt 0.845788 0.255507
vt 0.839379 0.247535
vt 0.852078 0.263544
vt 0.858150 0.271552
vt 0.848234 0.278774
vt 0.825683 0.290383
vt 0.837362 0.285077
vt 0.785050 0.279817
vt 0.773579 0.280311
vt 0.773514 0.270208
vt 0.783975 0.269779
vt 0.796337 0.278231
vt 0.794265 0.268359
vt 0.786130 0.289812
vt 0.773633 0.290370
vt 0.798413 0.288067
vt 0.807304 0.275597
vt 0.804262 0.265981
vt 0.810344 0.285194
vt 0.813337 0.294624
vt 0.800454 0.297729
vt 0.773701 0.300231
vt 0.787191 0.299621
vt 0.801248 0.256494
vt 0.809929 0.253519
vt 0.792209 0.258604
vt 0.798554 0.247707
vt 0.806237 0.245225
vt 0.790428 0.249360
vt 0.773436 0.260211
vt 0.782916 0.259847
vt 0.773350 0.250661
vt 0.781987 0.250365
vt 0.781330 0.241666
vt 0.773238 0.241897
vt 0.773104 0.234262
vt 0.781070 0.234088
vt 0.789125 0.241022
vt 0.788674 0.233808
vt 0.803019 0.238509
vt 0.796430 0.240197
vt 0.795625 0.233855
vt 0.800708 0.234257
vt 0.832975 0.239724
vt 0.825865 0.245077
vt 0.826316 0.232547
vt 0.820058 0.237453
vt 0.818160 0.249695
vt 0.813389 0.241741
vt 0.808709 0.235267
vt 0.803447 0.230724
vt 0.813950 0.231059
vt 0.807185 0.226389
vt 0.819180 0.226472
vt 0.811310 0.221968
vt 0.739219 0.275179
vt 0.728270 0.271420
vt 0.732128 0.262096
vt 0.742142 0.265535
vt 0.750514 0.277946
vt 0.752456 0.268056
vt 0.736299 0.284812
vt 0.724431 0.280749
vt 0.748557 0.287810
vt 0.762011 0.279672
vt 0.762956 0.269623
vt 0.761064 0.289682
vt 0.760116 0.299500
vt 0.746641 0.297493
vt 0.720672 0.289936
vt 0.733431 0.294282
vt 0.698890 0.254715
vt 0.690695 0.247533
vt 0.697641 0.240054
vt 0.705190 0.246694
vt 0.707973 0.261130
vt 0.713541 0.252615
vt 0.692720 0.262812
vt 0.683938 0.255136
vt 0.702496 0.269683
vt 0.717811 0.266719
vt 0.722551 0.257771
vt 0.713110 0.275685
vt 0.708526 0.284537
vt 0.697164 0.278161
vt 0.677451 0.262781
vt 0.686759 0.270882
vt 0.727258 0.248973
vt 0.735936 0.252911
vt 0.719088 0.244262
vt 0.731925 0.241001
vt 0.739497 0.244599
vt 0.724799 0.236622
vt 0.704611 0.232775
vt 0.711501 0.238844
vt 0.711921 0.226130
vt 0.718084 0.231651
vt 0.725210 0.225600
vt 0.719831 0.220554
vt 0.728639 0.216476
vt 0.733135 0.221171
vt 0.730869 0.230249
vt 0.737667 0.225644
vt 0.742597 0.237884
vt 0.736533 0.234538
vt 0.741802 0.230052
vt 0.744829 0.233650
vt 0.763886 0.259684
vt 0.754369 0.258282
vt 0.764641 0.250193
vt 0.755989 0.249023
vt 0.745013 0.256018
vt 0.747571 0.247216
vt 0.749528 0.239698
vt 0.750091 0.233341
vt 0.757090 0.240669
vt 0.757271 0.233437
vt 0.765077 0.241484
vt 0.765051 0.233896
vt 0.671994 0.222054
vt 0.667514 0.212532
vt 0.676246 0.207662
vt 0.680327 0.216481
vt 0.677321 0.231116
vt 0.685238 0.224868
vt 0.663986 0.228040
vt 0.659142 0.217976
vt 0.669673 0.237650
vt 0.683528 0.239636
vt 0.690993 0.232754
vt 0.676288 0.246712
vt 0.669414 0.253926
vt 0.663036 0.261216
vt 0.662483 0.244449
vt 0.655910 0.251489
vt 0.651378 0.224118
vt 0.656517 0.234470
vt 0.649784 0.241383
vt 0.644496 0.231072
vt 0.659259 0.181787
vt 0.669102 0.179279
vt 0.661037 0.192378
vt 0.670597 0.189009
vt 0.649579 0.185333
vt 0.651809 0.196698
vt 0.663820 0.202634
vt 0.672986 0.198486
vt 0.655035 0.207553
vt 0.646941 0.213503
vt 0.639854 0.220722
vt 0.643229 0.202346
vt 0.635800 0.209947
vt 0.640278 0.190356
vt 0.632241 0.198351
vt 0.682230 0.194854
vt 0.685082 0.203234
vt 0.680174 0.186210
vt 0.691886 0.191804
vt 0.694378 0.199397
vt 0.690147 0.183970
vt 0.678930 0.177371
vt 0.689109 0.175972
vt 0.700053 0.175004
vt 0.712134 0.174391
vt 0.700894 0.182277
vt 0.712801 0.181125
vt 0.704481 0.196300
vt 0.702358 0.189400
vt 0.713988 0.187716
vt 0.715732 0.194091
vt 0.698539 0.226111
vt 0.693246 0.218926
vt 0.706449 0.220092
vt 0.701683 0.213592
vt 0.688763 0.211278
vt 0.697662 0.206676
vt 0.707324 0.202899
vt 0.718120 0.200179
vt 0.710862 0.209165
vt 0.721085 0.205954
vt 0.715044 0.215061
vt 0.724610 0.211393
vt 0.627498 0.248709
vt 0.631493 0.254684
vt 0.630216 0.260296
vt 0.627096 0.258700
vt 0.623812 0.244044
vt 0.623604 0.256530
vt 0.629907 0.238987
vt 0.634310 0.247042
vt 0.625992 0.231801
vt 0.617795 0.236656
vt 0.620609 0.239945
vt 0.620554 0.254375
vt 0.617852 0.252540
vt 0.619529 0.220206
vt 0.622574 0.225343
vt 0.626387 0.210744
vt 0.622994 0.203130
vt 0.630019 0.220102
vt 0.638725 0.238940
vt 0.634097 0.229439
vt 0.647484 0.281723
vt 0.643258 0.286915
vt 0.640672 0.271960
vt 0.636737 0.276840
vt 0.652138 0.275477
vt 0.645044 0.265722
vt 0.635615 0.262693
vt 0.632410 0.267404
vt 0.639239 0.256096
vt 0.643990 0.248794
vt 0.650116 0.258739
vt 0.657307 0.268523
vt 0.628923 0.269078
vt 0.633012 0.279773
vt 0.625502 0.269024
vt 0.629577 0.281380
vt 0.639395 0.290715
vt 0.635893 0.293443
vt 0.632778 0.295401
vt 0.630042 0.296875
vt 0.626501 0.282271
vt 0.623796 0.282805
vt 0.622470 0.268538
vt 0.619788 0.267972
vt 0.561033 0.594540
vt 0.564572 0.600826
vt 0.562984 0.606342
vt 0.560020 0.604497
vt 0.557768 0.589539
vt 0.556794 0.601997
vt 0.564049 0.585002
vt 0.567847 0.593379
vt 0.560712 0.577488
vt 0.552653 0.581486
vt 0.555009 0.585106
vt 0.554091 0.599489
vt 0.551806 0.597284
vt 0.555345 0.565276
vt 0.557859 0.570715
vt 0.562525 0.556477
vt 0.559761 0.548590
vt 0.566536 0.529931
vt 0.569016 0.544537
vt 0.565443 0.566118
vt 0.571788 0.556384
vt 0.572755 0.585572
vt 0.568829 0.575760
vt 0.575095 0.567432
vt 0.578989 0.578066
vt 0.578797 0.628722
vt 0.586801 0.638703
vt 0.582386 0.643993
vt 0.574372 0.633642
vt 0.572599 0.618668
vt 0.568482 0.623291
vt 0.583746 0.622721
vt 0.591714 0.632484
vt 0.577295 0.612675
vt 0.568145 0.609120
vt 0.564728 0.613610
vt 0.572128 0.602751
vt 0.577320 0.595732
vt 0.583547 0.588658
vt 0.582738 0.605969
vt 0.588957 0.599030
vt 0.597129 0.625628
vt 0.589276 0.616023
vt 0.595396 0.609009
vt 0.603065 0.618414
vt 0.561245 0.614997
vt 0.564720 0.625908
vt 0.558001 0.614595
vt 0.561416 0.627136
vt 0.578448 0.648077
vt 0.570464 0.637106
vt 0.575014 0.651155
vt 0.567068 0.639420
vt 0.564165 0.640897
vt 0.572094 0.653440
vt 0.569646 0.655148
vt 0.561738 0.641856
vt 0.558592 0.627589
vt 0.556226 0.627659
vt 0.555263 0.613719
vt 0.552962 0.612737
vt 0.651177 0.676341
vt 0.648806 0.683129
vt 0.632816 0.677408
vt 0.635806 0.670850
vt 0.653747 0.668940
vt 0.639063 0.663665
vt 0.667340 0.680564
vt 0.665648 0.687534
vt 0.669177 0.672985
vt 0.659486 0.652523
vt 0.656530 0.660986
vt 0.642577 0.655925
vt 0.646321 0.647704
vt 0.673263 0.656179
vt 0.671154 0.664841
vt 0.686278 0.667406
vt 0.687488 0.658592
vt 0.702003 0.659685
vt 0.701716 0.668578
vt 0.685141 0.675690
vt 0.701433 0.676934
vt 0.683112 0.690488
vt 0.684089 0.683399
vt 0.701180 0.684707
vt 0.700957 0.691856
vt 0.643142 0.699290
vt 0.641797 0.703086
vt 0.624012 0.696328
vt 0.625696 0.692763
vt 0.644766 0.694665
vt 0.627735 0.688402
vt 0.661598 0.704257
vt 0.660642 0.708203
vt 0.662769 0.699453
vt 0.646658 0.689257
vt 0.630124 0.683272
vt 0.664122 0.693854
vt 0.682236 0.696927
vt 0.700742 0.698339
vt 0.681461 0.702635
vt 0.700558 0.704083
vt 0.680243 0.711566
vt 0.680793 0.707537
vt 0.700405 0.709014
vt 0.700273 0.713072
vt 0.614762 0.676037
vt 0.617925 0.670511
vt 0.611958 0.680797
vt 0.600845 0.667671
vt 0.604397 0.662556
vt 0.597723 0.671972
vt 0.607597 0.688047
vt 0.609574 0.684798
vt 0.592864 0.678354
vt 0.595059 0.675511
vt 0.582477 0.665017
vt 0.580119 0.667350
vt 0.585322 0.662048
vt 0.592468 0.653674
vt 0.588654 0.658309
vt 0.629471 0.649764
vt 0.633943 0.641801
vt 0.625307 0.657273
vt 0.617410 0.642597
vt 0.622491 0.634896
vt 0.612694 0.649870
vt 0.621459 0.664222
vt 0.608351 0.656573
vt 0.596728 0.648025
vt 0.601430 0.641573
vt 0.612145 0.627071
vt 0.606576 0.634518
vt 0.783433 0.668435
vt 0.786501 0.674897
vt 0.770825 0.681100
vt 0.768299 0.674402
vt 0.780078 0.661281
vt 0.765532 0.667044
vt 0.797407 0.661349
vt 0.800918 0.667541
vt 0.793549 0.654420
vt 0.772510 0.645286
vt 0.776435 0.653536
vt 0.762555 0.659092
vt 0.759347 0.650616
vt 0.784802 0.638886
vt 0.789344 0.646890
vt 0.801099 0.639275
vt 0.796055 0.631517
vt 0.806059 0.623280
vt 0.811472 0.630813
vt 0.805732 0.646598
vt 0.816387 0.637943
vt 0.813806 0.659177
vt 0.809969 0.653293
vt 0.820849 0.644411
vt 0.824867 0.649953
vt 0.793834 0.689599
vt 0.795591 0.692965
vt 0.778298 0.700375
vt 0.776852 0.696725
vt 0.791728 0.685477
vt 0.775119 0.692286
vt 0.809316 0.681059
vt 0.811319 0.684041
vt 0.806901 0.677351
vt 0.789282 0.680577
vt 0.773098 0.687070
vt 0.804100 0.672858
vt 0.817271 0.664056
vt 0.828508 0.654309
vt 0.820343 0.668033
vt 0.831726 0.657656
vt 0.825163 0.673708
vt 0.822973 0.671215
vt 0.834488 0.660175
vt 0.836774 0.662058
vt 0.755872 0.692206
vt 0.754152 0.686010
vt 0.757388 0.697660
vt 0.737867 0.695872
vt 0.736753 0.689514
vt 0.738844 0.701487
vt 0.759777 0.706179
vt 0.758696 0.702327
vt 0.740375 0.710286
vt 0.739683 0.706309
vt 0.720146 0.708571
vt 0.720434 0.712613
vt 0.719796 0.703666
vt 0.718926 0.691498
vt 0.719395 0.697950
vt 0.747928 0.663447
vt 0.745529 0.654783
vt 0.750161 0.671576
vt 0.732752 0.666528
vt 0.731226 0.657718
vt 0.734198 0.674794
vt 0.752234 0.679116
vt 0.735532 0.682471
vt 0.718421 0.684368
vt 0.717864 0.676610
vt 0.716648 0.659371
vt 0.717278 0.668264
vt 0.791800 0.477529
vt 0.800161 0.473484
vt 0.803932 0.482693
vt 0.795189 0.485797
vt 0.782894 0.481390
vt 0.785903 0.488803
vt 0.787590 0.469678
vt 0.795521 0.464778
vt 0.779104 0.474337
vt 0.762272 0.487069
vt 0.773147 0.484696
vt 0.775756 0.491386
vt 0.764454 0.493231
vt 0.759497 0.481209
vt 0.769828 0.478322
vt 0.765845 0.472308
vt 0.756144 0.475671
vt 0.752268 0.470484
vt 0.761231 0.466688
vt 0.774567 0.467686
vt 0.769289 0.461495
vt 0.789997 0.456632
vt 0.782545 0.462299
vt 0.776668 0.455451
vt 0.783566 0.449097
vt 0.822608 0.462846
vt 0.828376 0.460088
vt 0.833729 0.472725
vt 0.827645 0.474801
vt 0.815814 0.466053
vt 0.820455 0.477169
vt 0.816706 0.451761
vt 0.822137 0.448413
vt 0.810311 0.455691
vt 0.808246 0.469629
vt 0.812456 0.479809
vt 0.803175 0.460073
vt 0.797171 0.451178
vt 0.790196 0.442985
vt 0.803862 0.446097
vt 0.796379 0.437290
vt 0.814923 0.437676
vt 0.809842 0.441544
vt 0.801895 0.432190
vt 0.806595 0.427858
vt 0.815840 0.490573
vt 0.806867 0.492350
vt 0.824297 0.489021
vt 0.818307 0.501699
vt 0.808937 0.502308
vt 0.827257 0.501419
vt 0.838341 0.486339
vt 0.831905 0.487634
vt 0.842305 0.501181
vt 0.835421 0.501396
vt 0.838188 0.516129
vt 0.845788 0.517494
vt 0.849169 0.537285
vt 0.839328 0.530639
vt 0.829210 0.514167
vt 0.829850 0.526757
vt 0.810106 0.512408
vt 0.819779 0.512970
vt 0.820149 0.524166
vt 0.810355 0.522500
vt 0.777629 0.498361
vt 0.765985 0.499665
vt 0.788100 0.496524
vt 0.778845 0.505544
vt 0.766952 0.506303
vt 0.789569 0.504466
vt 0.797734 0.494428
vt 0.799475 0.503308
vt 0.800410 0.512333
vt 0.800568 0.521391
vt 0.790315 0.512550
vt 0.790403 0.520686
vt 0.767400 0.513074
vt 0.779433 0.512861
vt 0.779482 0.520241
vt 0.767408 0.519904
vt 0.736830 0.431177
vt 0.739781 0.422495
vt 0.749692 0.426161
vt 0.745860 0.434504
vt 0.734117 0.439500
vt 0.742160 0.442319
vt 0.727507 0.428690
vt 0.729534 0.419738
vt 0.725696 0.437484
vt 0.731231 0.453087
vt 0.731977 0.446791
vt 0.738898 0.448784
vt 0.736532 0.452927
vt 0.724017 0.452797
vt 0.724393 0.445623
vt 0.716376 0.444607
vt 0.716205 0.452139
vt 0.708116 0.451569
vt 0.708170 0.443990
vt 0.717024 0.436098
vt 0.708271 0.435414
vt 0.719099 0.417921
vt 0.717993 0.427057
vt 0.708411 0.426293
vt 0.708577 0.417079
vt 0.747692 0.399309
vt 0.749734 0.393363
vt 0.762606 0.398131
vt 0.759963 0.403857
vt 0.745293 0.406311
vt 0.756857 0.410596
vt 0.735011 0.395881
vt 0.736423 0.389772
vt 0.733358 0.403080
vt 0.742626 0.414123
vt 0.753400 0.418113
vt 0.731508 0.411117
vt 0.720169 0.409135
vt 0.708732 0.408223
vt 0.721167 0.400952
vt 0.708898 0.399978
vt 0.722854 0.387414
vt 0.722071 0.393627
vt 0.709041 0.392599
vt 0.709155 0.386339
vt 0.763671 0.423041
vt 0.759152 0.430708
vt 0.767892 0.415887
vt 0.773323 0.428866
vt 0.768019 0.436082
vt 0.778249 0.422134
vt 0.774880 0.404020
vt 0.771670 0.409472
vt 0.786411 0.410975
vt 0.782669 0.416100
vt 0.792787 0.423692
vt 0.797034 0.418940
vt 0.787794 0.429286
vt 0.776202 0.442228
vt 0.782205 0.435530
vt 0.744901 0.452279
vt 0.739470 0.456585
vt 0.749677 0.446102
vt 0.750462 0.456707
vt 0.743495 0.461089
vt 0.756696 0.450662
vt 0.754450 0.438655
vt 0.762521 0.443568
vt 0.769952 0.449185
vt 0.763285 0.455806
vt 0.747910 0.465670
vt 0.755999 0.461498
vt 0.663287 0.435649
vt 0.658890 0.427508
vt 0.668096 0.423539
vt 0.671636 0.432040
vt 0.667791 0.443316
vt 0.675051 0.440018
vt 0.655465 0.440075
vt 0.650236 0.432354
vt 0.661010 0.447439
vt 0.677526 0.454367
vt 0.672325 0.449740
vt 0.678116 0.446643
vt 0.680350 0.450916
vt 0.673680 0.458601
vt 0.666974 0.453810
vt 0.661637 0.458272
vt 0.669454 0.462918
vt 0.665257 0.467491
vt 0.656574 0.463177
vt 0.654628 0.452199
vt 0.648770 0.457560
vt 0.642250 0.438033
vt 0.648228 0.445262
vt 0.641652 0.451162
vt 0.634993 0.444506
vt 0.647160 0.405774
vt 0.644150 0.400201
vt 0.656245 0.395011
vt 0.658662 0.400836
vt 0.650697 0.412337
vt 0.661515 0.407692
vt 0.636345 0.411780
vt 0.632788 0.406510
vt 0.640535 0.417989
vt 0.654654 0.419660
vt 0.664687 0.415341
vt 0.645215 0.424920
vt 0.636503 0.431084
vt 0.628601 0.438108
vt 0.631145 0.424609
vt 0.622646 0.432154
vt 0.622294 0.413892
vt 0.626359 0.418815
vt 0.617314 0.426829
vt 0.612782 0.422305
vt 0.675232 0.412008
vt 0.677777 0.420492
vt 0.672864 0.404095
vt 0.686156 0.409689
vt 0.687815 0.418385
vt 0.684615 0.401587
vt 0.668931 0.390987
vt 0.670734 0.397006
vt 0.682062 0.388170
vt 0.683241 0.394329
vt 0.696049 0.392845
vt 0.695518 0.386605
vt 0.696671 0.400201
vt 0.698112 0.417240
vt 0.697363 0.408417
vt 0.684783 0.445115
vt 0.685454 0.451429
vt 0.682842 0.437730
vt 0.692152 0.444467
vt 0.692445 0.451639
vt 0.691054 0.436279
vt 0.680407 0.429294
vt 0.689533 0.427417
vt 0.698899 0.426415
vt 0.699570 0.435491
vt 0.700099 0.451546
vt 0.700019 0.444016
vt 0.619949 0.489383
vt 0.610934 0.486865
vt 0.614189 0.477257
vt 0.622786 0.480778
vt 0.629440 0.491959
vt 0.631907 0.484240
vt 0.617871 0.498294
vt 0.608470 0.496825
vt 0.627670 0.499955
vt 0.651200 0.496278
vt 0.639742 0.494343
vt 0.641846 0.487352
vt 0.652944 0.489819
vt 0.649974 0.502981
vt 0.638252 0.501587
vt 0.637332 0.509008
vt 0.649207 0.509853
vt 0.648858 0.516813
vt 0.636921 0.516522
vt 0.626561 0.508133
vt 0.626064 0.516403
vt 0.606851 0.506982
vt 0.616526 0.507399
vt 0.615922 0.516579
vt 0.606102 0.517183
vt 0.586122 0.480947
vt 0.579759 0.479346
vt 0.584832 0.465908
vt 0.590838 0.468261
vt 0.593673 0.482698
vt 0.597922 0.470961
vt 0.582067 0.494604
vt 0.575178 0.494047
vt 0.590232 0.495029
vt 0.602052 0.484652
vt 0.605799 0.473974
vt 0.599155 0.495755
vt 0.597173 0.507055
vt 0.596243 0.518341
vt 0.587703 0.507770
vt 0.586420 0.520425
vt 0.570952 0.510249
vt 0.578624 0.509275
vt 0.576743 0.523808
vt 0.610282 0.463934
vt 0.618205 0.468160
vt 0.602856 0.460016
vt 0.615542 0.454580
vt 0.622994 0.459627
vt 0.608579 0.449882
vt 0.590545 0.453492
vt 0.596199 0.456505
vt 0.597033 0.442096
vt 0.602335 0.445677
vt 0.609338 0.435784
vt 0.604410 0.431703
vt 0.615150 0.440588
vt 0.628585 0.451722
vt 0.621630 0.445954
vt 0.644621 0.480703
vt 0.655265 0.483686
vt 0.635091 0.476889
vt 0.648028 0.474430
vt 0.658113 0.477902
vt 0.638981 0.469958
vt 0.626372 0.472593
vt 0.630723 0.464887
vt 0.635809 0.457725
vt 0.643548 0.463498
vt 0.661463 0.472495
vt 0.652021 0.468577
vt 0.624064 0.560439
vt 0.615399 0.565289
vt 0.611904 0.556262
vt 0.620900 0.552191
vt 0.633112 0.556156
vt 0.630290 0.548685
vt 0.627997 0.568277
vt 0.619708 0.573881
vt 0.636641 0.563253
vt 0.653620 0.550214
vt 0.642854 0.552673
vt 0.640413 0.545895
vt 0.651607 0.543972
vt 0.656175 0.556132
vt 0.645945 0.559104
vt 0.649638 0.565149
vt 0.659248 0.561701
vt 0.662780 0.566890
vt 0.653910 0.570769
vt 0.640880 0.569920
vt 0.645792 0.576102
vt 0.624859 0.581955
vt 0.632707 0.575643
vt 0.638201 0.582466
vt 0.630870 0.589428
vt 0.590680 0.582124
vt 0.586280 0.571516
vt 0.598505 0.576084
vt 0.594352 0.565787
vt 0.595927 0.592345
vt 0.603495 0.585922
vt 0.606812 0.570490
vt 0.602972 0.560750
vt 0.611479 0.579766
vt 0.617042 0.588487
vt 0.623564 0.596571
vt 0.609429 0.595201
vt 0.616399 0.603826
vt 0.602171 0.602057
vt 0.609533 0.611128
vt 0.599902 0.550626
vt 0.609204 0.546877
vt 0.590931 0.555130
vt 0.597699 0.540164
vt 0.607307 0.537192
vt 0.588366 0.544055
vt 0.582560 0.560643
vt 0.579580 0.549245
vt 0.577346 0.537049
vt 0.586760 0.532504
vt 0.606265 0.527275
vt 0.596448 0.529390
vt 0.638654 0.538813
vt 0.650184 0.537435
vt 0.628225 0.540897
vt 0.637522 0.531504
vt 0.649290 0.530677
vt 0.626857 0.532864
vt 0.618519 0.543607
vt 0.616904 0.534761
vt 0.616047 0.525729
vt 0.626149 0.524674
vt 0.648866 0.523777
vt 0.636965 0.524047
vt 0.675802 0.606265
vt 0.672507 0.615574
vt 0.662948 0.612014
vt 0.667166 0.603065
vt 0.678761 0.597634
vt 0.671118 0.594949
vt 0.684825 0.608617
vt 0.682490 0.618215
vt 0.686874 0.599507
vt 0.682096 0.583966
vt 0.681106 0.590244
vt 0.674546 0.588376
vt 0.676987 0.584217
vt 0.689071 0.584113
vt 0.688413 0.591270
vt 0.696223 0.592125
vt 0.696689 0.584606
vt 0.704677 0.584997
vt 0.704338 0.592578
vt 0.695324 0.600738
vt 0.703991 0.601269
vt 0.692797 0.619909
vt 0.694132 0.610110
vt 0.703649 0.610734
vt 0.703304 0.620630
vt 0.662616 0.643610
vt 0.650306 0.639068
vt 0.665868 0.634386
vt 0.654449 0.630152
vt 0.675486 0.647041
vt 0.677787 0.637570
vt 0.669182 0.624993
vt 0.658686 0.621088
vt 0.680140 0.627913
vt 0.691445 0.629802
vt 0.702970 0.630621
vt 0.690095 0.639646
vt 0.702646 0.640558
vt 0.688768 0.649290
vt 0.702314 0.650295
vt 0.648759 0.616238
vt 0.653905 0.607571
vt 0.643670 0.624915
vt 0.639525 0.610501
vt 0.645487 0.602287
vt 0.633645 0.618743
vt 0.638701 0.633476
vt 0.627932 0.626910
vt 0.618166 0.619435
vt 0.624514 0.611693
vt 0.637781 0.596224
vt 0.631088 0.603927
vt 0.668933 0.584989
vt 0.674346 0.580626
vt 0.664044 0.591280
vt 0.663808 0.580649
vt 0.670729 0.576200
vt 0.657486 0.586819
vt 0.659015 0.599028
vt 0.651423 0.594213
vt 0.644461 0.588674
vt 0.651366 0.581748
vt 0.666734 0.571674
vt 0.658712 0.575923
vt 0.750325 0.600810
vt 0.754851 0.609669
vt 0.745124 0.613719
vt 0.741517 0.604503
vt 0.745821 0.592776
vt 0.738136 0.596157
vt 0.758634 0.596333
vt 0.764024 0.604767
vt 0.753069 0.588599
vt 0.736167 0.581642
vt 0.741349 0.586238
vt 0.735187 0.589410
vt 0.733047 0.585142
vt 0.740414 0.577358
vt 0.747122 0.582111
vt 0.752895 0.577620
vt 0.745057 0.573013
vt 0.749659 0.568440
vt 0.758385 0.572718
vt 0.759906 0.583816
vt 0.766192 0.578460
vt 0.772535 0.599069
vt 0.766361 0.591122
vt 0.773388 0.585238
vt 0.780239 0.592628
vt 0.768314 0.636635
vt 0.755947 0.641693
vt 0.763925 0.627721
vt 0.752405 0.632466
vt 0.779912 0.630548
vt 0.774748 0.622000
vt 0.759412 0.618686
vt 0.748775 0.623091
vt 0.769434 0.613364
vt 0.778702 0.607187
vt 0.787071 0.600209
vt 0.784737 0.615367
vt 0.793720 0.607900
vt 0.790559 0.623514
vt 0.800097 0.615616
vt 0.737667 0.626522
vt 0.734970 0.616867
vt 0.740354 0.636166
vt 0.726230 0.628944
vt 0.724533 0.619085
vt 0.727938 0.638775
vt 0.742989 0.645636
vt 0.729606 0.648416
vt 0.715995 0.649987
vt 0.715303 0.640252
vt 0.713935 0.620347
vt 0.714619 0.630323
vt 0.728189 0.591034
vt 0.727777 0.584699
vt 0.729969 0.598546
vt 0.720576 0.591796
vt 0.720576 0.584606
vt 0.721470 0.600119
vt 0.732319 0.607350
vt 0.722862 0.609345
vt 0.713259 0.610475
vt 0.712751 0.601044
vt 0.712762 0.584852
vt 0.712539 0.592392
vt 0.796379 0.547831
vt 0.805510 0.551603
vt 0.802139 0.560726
vt 0.793404 0.556161
vt 0.786825 0.544602
vt 0.784211 0.552152
vt 0.798560 0.539210
vt 0.808018 0.542156
vt 0.788699 0.536790
vt 0.764897 0.540036
vt 0.776448 0.541985
vt 0.774199 0.548844
vt 0.763023 0.546377
vt 0.766218 0.533458
vt 0.778047 0.534878
vt 0.779031 0.527605
vt 0.767032 0.526724
vt 0.789883 0.528794
vt 0.809650 0.532434
vt 0.799952 0.530374
vt 0.831239 0.566828
vt 0.838240 0.574026
vt 0.833566 0.584365
vt 0.826749 0.577410
vt 0.823240 0.560856
vt 0.819061 0.571231
vt 0.834983 0.555692
vt 0.842290 0.563245
vt 0.826539 0.550030
vt 0.814565 0.555863
vt 0.810777 0.565709
vt 0.817447 0.545641
vt 0.819346 0.535067
vt 0.828858 0.538689
vt 0.845832 0.551650
vt 0.837973 0.543729
vt 0.806194 0.575151
vt 0.797949 0.569466
vt 0.814125 0.581219
vt 0.800750 0.584106
vt 0.792920 0.577747
vt 0.808318 0.590726
vt 0.828202 0.594638
vt 0.821528 0.587705
vt 0.821940 0.604666
vt 0.815436 0.597587
vt 0.808339 0.606933
vt 0.814625 0.614274
vt 0.801550 0.599652
vt 0.787030 0.585495
vt 0.794402 0.592485
vt 0.771235 0.555384
vt 0.760515 0.552411
vt 0.780809 0.559363
vt 0.767581 0.561566
vt 0.757437 0.558117
vt 0.776671 0.566183
vt 0.789608 0.564131
vt 0.785006 0.571676
vt 0.779591 0.578734
vt 0.771787 0.572565
vt 0.753797 0.563465
vt 0.763285 0.567354
vt 0.848638 0.622221
vt 0.845244 0.620604
vt 0.847555 0.613478
vt 0.850664 0.611833
vt 0.851916 0.622052
vt 0.854079 0.609563
vt 0.844270 0.632901
vt 0.840694 0.630030
vt 0.847490 0.634375
vt 0.857020 0.620575
vt 0.854693 0.621384
vt 0.856940 0.607254
vt 0.859352 0.605220
vt 0.852571 0.635293
vt 0.850260 0.635049
vt 0.843552 0.648049
vt 0.845871 0.649186
vt 0.840774 0.646338
vt 0.833864 0.640024
vt 0.837528 0.643758
vt 0.833934 0.602051
vt 0.839282 0.592213
vt 0.838613 0.609345
vt 0.843637 0.600277
vt 0.827655 0.611939
vt 0.832636 0.618932
vt 0.842142 0.615922
vt 0.846371 0.607889
vt 0.836893 0.625167
vt 0.829804 0.634849
vt 0.825293 0.628595
vt 0.820250 0.621614
vt 0.850390 0.601855
vt 0.848058 0.592174
vt 0.854017 0.597090
vt 0.851929 0.584912
vt 0.843930 0.582686
vt 0.847977 0.573306
vt 0.851532 0.563906
vt 0.854787 0.556233
vt 0.855232 0.578356
vt 0.858098 0.573107
vt 0.857077 0.592861
vt 0.859668 0.589420
vt 0.930201 0.267962
vt 0.931966 0.250585
vt 0.933602 0.250699
vt 0.931761 0.268294
vt 0.926429 0.284609
vt 0.927891 0.285175
vt 0.928441 0.267830
vt 0.930118 0.250850
vt 0.924744 0.284077
vt 0.912014 0.314737
vt 0.920417 0.300265
vt 0.921759 0.301049
vt 0.913213 0.315700
vt 0.910563 0.313554
vt 0.918847 0.299383
vt 0.916941 0.298339
vt 0.908736 0.312066
vt 0.922769 0.283569
vt 0.928023 0.251569
vt 0.926403 0.267915
vt 0.928475 0.196394
vt 0.925466 0.178505
vt 0.927335 0.178064
vt 0.930331 0.196054
vt 0.930759 0.214560
vt 0.932550 0.214342
vt 0.926175 0.197406
vt 0.922961 0.179523
vt 0.928685 0.215458
vt 0.932034 0.232708
vt 0.933757 0.232637
vt 0.930089 0.233336
vt 0.927883 0.234693
vt 0.926203 0.217265
vt 0.919368 0.181252
vt 0.923135 0.199301
vt 0.935411 0.232954
vt 0.935159 0.251120
vt 0.934315 0.214549
vt 0.937184 0.233845
vt 0.936724 0.251948
vt 0.936348 0.215414
vt 0.929196 0.178041
vt 0.932158 0.196145
vt 0.931764 0.178391
vt 0.934497 0.196814
vt 0.556804 0.544200
vt 0.561297 0.526617
vt 0.552967 0.561758
vt 0.554122 0.542019
vt 0.558045 0.524635
vt 0.550837 0.559656
vt 0.549801 0.595685
vt 0.550557 0.578929
vt 0.548018 0.594618
vt 0.548684 0.577255
vt 0.923023 0.301805
vt 0.914353 0.316599
vt 0.929251 0.285798
vt 0.924358 0.302604
vt 0.915636 0.317554
vt 0.930619 0.286538
vt 0.933217 0.268816
vt 0.934655 0.269579
vt 0.550972 0.612022
vt 0.554216 0.627734
vt 0.549215 0.611551
vt 0.552480 0.627838
vt 0.567650 0.656516
vt 0.559709 0.642631
vt 0.566034 0.657592
vt 0.558025 0.643255
vt 0.835885 0.365152
vt 0.854682 0.358314
vt 0.855297 0.359729
vt 0.836344 0.366624
vt 0.815964 0.370149
vt 0.816276 0.371660
vt 0.835239 0.363161
vt 0.853848 0.356411
vt 0.815525 0.368098
vt 0.774142 0.374250
vt 0.795257 0.373215
vt 0.795412 0.374749
vt 0.774142 0.375792
vt 0.774126 0.372145
vt 0.795034 0.371122
vt 0.794719 0.368267
vt 0.774113 0.369277
vt 0.814915 0.365295
vt 0.852719 0.353839
vt 0.834364 0.360453
vt 0.900995 0.327862
vt 0.902046 0.328986
vt 0.887561 0.339564
vt 0.888475 0.340816
vt 0.899666 0.326432
vt 0.886385 0.337939
vt 0.872017 0.349750
vt 0.872783 0.351087
vt 0.871010 0.347972
vt 0.869642 0.345584
vt 0.884822 0.335787
vt 0.897947 0.324581
vt 0.873486 0.352346
vt 0.855847 0.361043
vt 0.889324 0.341968
vt 0.874335 0.353831
vt 0.856517 0.362649
vt 0.890346 0.343310
vt 0.903051 0.330019
vt 0.904219 0.331174
vt 0.578217 0.669207
vt 0.591115 0.680603
vt 0.576706 0.670645
vt 0.589752 0.682326
vt 0.622693 0.699121
vt 0.606050 0.690605
vt 0.621701 0.701228
vt 0.604853 0.692550
vt 0.795550 0.376164
vt 0.774142 0.377212
vt 0.816548 0.373064
vt 0.795711 0.377913
vt 0.774131 0.378978
vt 0.816867 0.374790
vt 0.836760 0.367989
vt 0.837248 0.369671
vt 0.640753 0.706047
vt 0.659898 0.711279
vt 0.639970 0.708278
vt 0.659331 0.713595
vt 0.700161 0.716246
vt 0.679811 0.714712
vt 0.700083 0.718635
vt 0.679479 0.717078
vt 0.674759 0.349667
vt 0.692561 0.358247
vt 0.691967 0.359669
vt 0.674019 0.351015
vt 0.658714 0.339468
vt 0.657828 0.340735
vt 0.675756 0.347879
vt 0.693376 0.356336
vt 0.659866 0.337825
vt 0.633206 0.314615
vt 0.644758 0.327753
vt 0.643725 0.328898
vt 0.632033 0.315607
vt 0.634647 0.313398
vt 0.646061 0.326299
vt 0.647746 0.324420
vt 0.636451 0.311879
vt 0.661395 0.335652
vt 0.694474 0.353751
vt 0.677082 0.345470
vt 0.752928 0.373202
vt 0.752786 0.374736
vt 0.732019 0.370120
vt 0.731723 0.371634
vt 0.753136 0.371104
vt 0.732431 0.368064
vt 0.711779 0.365105
vt 0.711327 0.366580
vt 0.712399 0.363099
vt 0.713243 0.360388
vt 0.733013 0.365253
vt 0.753424 0.368249
vt 0.710919 0.367950
vt 0.691422 0.360985
vt 0.731442 0.373038
vt 0.710418 0.369651
vt 0.690754 0.362613
vt 0.731105 0.374780
vt 0.752640 0.376151
vt 0.752469 0.377913
vt 0.720649 0.715787
vt 0.740919 0.713419
vt 0.720823 0.718181
vt 0.741341 0.715790
vt 0.779441 0.703267
vt 0.760629 0.709224
vt 0.780311 0.705467
vt 0.761277 0.711530
vt 0.642746 0.329957
vt 0.630917 0.316531
vt 0.656995 0.341898
vt 0.641622 0.331128
vt 0.629684 0.317515
vt 0.656003 0.343256
vt 0.673326 0.352279
vt 0.672498 0.353797
vt 0.796977 0.695631
vt 0.812912 0.686399
vt 0.798045 0.697663
vt 0.814164 0.688213
vt 0.838631 0.663541
vt 0.826909 0.675675
vt 0.840129 0.664699
vt 0.828298 0.677198
vt 0.641726 0.100993
vt 0.635314 0.114476
vt 0.633798 0.113757
vt 0.640324 0.100203
vt 0.649000 0.088571
vt 0.647738 0.087704
vt 0.643966 0.102265
vt 0.637682 0.115592
vt 0.651115 0.090007
vt 0.666667 0.066800
vt 0.657283 0.077183
vt 0.656136 0.076241
vt 0.665637 0.065769
vt 0.668438 0.068552
vt 0.659230 0.078780
vt 0.662161 0.081170
vt 0.671137 0.071187
vt 0.654259 0.092130
vt 0.641209 0.117139
vt 0.647310 0.104105
vt 0.620692 0.161048
vt 0.617159 0.178280
vt 0.615292 0.177841
vt 0.618869 0.160524
vt 0.624869 0.144596
vt 0.623127 0.144001
vt 0.623272 0.162001
vt 0.619672 0.179295
vt 0.627407 0.145501
vt 0.629720 0.129038
vt 0.628085 0.128384
vt 0.632202 0.130017
vt 0.635872 0.131266
vt 0.631169 0.146633
vt 0.623238 0.181011
vt 0.627033 0.163384
vt 0.626452 0.127933
vt 0.632300 0.113173
vt 0.621377 0.143692
vt 0.624020 0.127234
vt 0.629982 0.112272
vt 0.618854 0.143264
vt 0.613436 0.177818
vt 0.617052 0.160363
vt 0.610882 0.178168
vt 0.614449 0.160308
vt 0.851115 0.516890
vt 0.854559 0.534287
vt 0.847441 0.500323
vt 0.854683 0.515504
vt 0.857888 0.532494
vt 0.851045 0.499253
vt 0.838463 0.470961
vt 0.843262 0.485064
vt 0.841906 0.469564
vt 0.846822 0.483927
vt 0.655040 0.075327
vt 0.664692 0.064780
vt 0.646500 0.086894
vt 0.653197 0.073801
vt 0.663064 0.063069
vt 0.644467 0.085568
vt 0.638951 0.099495
vt 0.636765 0.098386
vt 0.832882 0.457871
vt 0.826407 0.445768
vt 0.836180 0.456197
vt 0.829521 0.443817
vt 0.810272 0.424461
vt 0.818908 0.434639
vt 0.812956 0.421979
vt 0.821818 0.432416
vt 0.729623 0.030777
vt 0.715405 0.035605
vt 0.714886 0.034349
vt 0.729223 0.029476
vt 0.744281 0.027262
vt 0.744017 0.025941
vt 0.730339 0.033095
vt 0.716360 0.037845
vt 0.744759 0.029640
vt 0.774204 0.024427
vt 0.759203 0.025136
vt 0.759086 0.023791
vt 0.774209 0.023072
vt 0.774181 0.026844
vt 0.759429 0.027542
vt 0.759781 0.031223
vt 0.774137 0.030535
vt 0.745486 0.033269
vt 0.717837 0.041261
vt 0.731453 0.036633
vt 0.677303 0.057371
vt 0.676397 0.056279
vt 0.689067 0.048976
vt 0.688294 0.047824
vt 0.678902 0.059269
vt 0.690474 0.051004
vt 0.701828 0.041700
vt 0.701182 0.040483
vt 0.703017 0.043839
vt 0.704842 0.047102
vt 0.692613 0.054082
vt 0.681331 0.062135
vt 0.700616 0.039325
vt 0.714432 0.033144
vt 0.687611 0.046700
vt 0.699643 0.037220
vt 0.713650 0.030987
vt 0.686430 0.044688
vt 0.675584 0.055204
vt 0.674185 0.053322
vt 0.800366 0.415216
vt 0.789352 0.406961
vt 0.802778 0.412501
vt 0.791481 0.404038
vt 0.764669 0.393651
vt 0.777394 0.399752
vt 0.766169 0.390391
vt 0.779220 0.396648
vt 0.758959 0.022537
vt 0.774212 0.021810
vt 0.743791 0.024697
vt 0.758746 0.020266
vt 0.774199 0.019531
vt 0.743388 0.022449
vt 0.728888 0.028246
vt 0.728293 0.026037
vt 0.751320 0.388709
vt 0.737530 0.384991
vt 0.752480 0.385330
vt 0.738328 0.381516
vt 0.709258 0.381441
vt 0.723447 0.382548
vt 0.709326 0.377881
vt 0.723893 0.379014
vt 0.844794 0.041700
vt 0.831776 0.035636
vt 0.832321 0.034382
vt 0.845464 0.040496
vt 0.856971 0.048943
vt 0.857766 0.047795
vt 0.843569 0.043818
vt 0.830768 0.037858
vt 0.855538 0.050947
vt 0.878263 0.066691
vt 0.868175 0.057296
vt 0.869094 0.056216
vt 0.879298 0.065686
vt 0.876456 0.068420
vt 0.866547 0.059168
vt 0.864063 0.062008
vt 0.873715 0.071031
vt 0.853340 0.053992
vt 0.829224 0.041243
vt 0.841692 0.047050
vt 0.789107 0.025162
vt 0.789250 0.023822
vt 0.803777 0.027303
vt 0.804052 0.025985
vt 0.788835 0.027563
vt 0.803255 0.029671
vt 0.818046 0.030816
vt 0.818454 0.029531
vt 0.817275 0.033118
vt 0.816096 0.036636
vt 0.802445 0.033282
vt 0.788411 0.031231
vt 0.818804 0.028305
vt 0.832780 0.033191
vt 0.804288 0.024744
vt 0.819393 0.026091
vt 0.833575 0.031034
vt 0.804682 0.022493
vt 0.789369 0.022556
vt 0.789564 0.020287
vt 0.695103 0.381724
vt 0.681140 0.383351
vt 0.694805 0.378174
vt 0.680477 0.379848
vt 0.654356 0.390453
vt 0.667513 0.386276
vt 0.652978 0.387139
vt 0.666493 0.382851
vt 0.869932 0.055178
vt 0.880282 0.064720
vt 0.858477 0.046692
vt 0.871391 0.053340
vt 0.881975 0.063056
vt 0.859707 0.044717
vt 0.846045 0.039348
vt 0.847052 0.037266
vt 0.641800 0.395837
vt 0.630010 0.402382
vt 0.640095 0.392663
vt 0.627981 0.399377
vt 0.609237 0.418761
vt 0.619097 0.410037
vt 0.606646 0.416175
vt 0.616775 0.407228
vt 0.913323 0.129129
vt 0.908001 0.114496
vt 0.909533 0.113801
vt 0.914963 0.128493
vt 0.917946 0.144751
vt 0.919698 0.144172
vt 0.910825 0.130087
vt 0.905618 0.115592
vt 0.915386 0.145644
vt 0.921975 0.161251
vt 0.923805 0.160734
vt 0.919392 0.162198
vt 0.915604 0.163582
vt 0.911612 0.146760
vt 0.902064 0.117110
vt 0.907134 0.131313
vt 0.887161 0.077074
vt 0.888329 0.076140
vt 0.895011 0.088483
vt 0.896301 0.087632
vt 0.885199 0.078650
vt 0.892885 0.089895
vt 0.901919 0.100948
vt 0.903331 0.100177
vt 0.899663 0.102200
vt 0.896291 0.104012
vt 0.889705 0.091990
vt 0.882219 0.081010
vt 0.904728 0.099513
vt 0.911049 0.113253
vt 0.897566 0.086858
vt 0.906958 0.098482
vt 0.913403 0.112422
vt 0.899653 0.085612
vt 0.889446 0.075273
vt 0.891351 0.073824
vt 0.600537 0.428501
vt 0.592880 0.439269
vt 0.597694 0.426158
vt 0.589833 0.437189
vt 0.580181 0.463928
vt 0.586130 0.451074
vt 0.576789 0.462374
vt 0.582902 0.449260
vt 0.925635 0.160584
vt 0.921458 0.143887
vt 0.928246 0.160558
vt 0.923999 0.143503
vt 0.916606 0.128075
vt 0.919067 0.127439
vt 0.574885 0.477838
vt 0.570094 0.492936
vt 0.571382 0.476534
vt 0.566536 0.491687
vt 0.565648 0.509363
vt 0.562137 0.507788
vt 0.611108 0.232508
vt 0.611494 0.250404
vt 0.609862 0.250549
vt 0.609381 0.232463
vt 0.612123 0.214344
vt 0.610331 0.214144
vt 0.613057 0.233110
vt 0.613348 0.250635
vt 0.614215 0.215219
vt 0.614238 0.196170
vt 0.612382 0.195841
vt 0.616538 0.197165
vt 0.619588 0.199039
vt 0.616699 0.217000
vt 0.615456 0.251320
vt 0.615282 0.234434
vt 0.624310 0.300130
vt 0.622986 0.300945
vt 0.617834 0.284462
vt 0.616395 0.285053
vt 0.625865 0.299217
vt 0.619508 0.283898
vt 0.613634 0.267799
vt 0.612084 0.268165
vt 0.615401 0.267630
vt 0.617439 0.267679
vt 0.621476 0.283348
vt 0.627758 0.298142
vt 0.610640 0.268723
vt 0.608312 0.251003
vt 0.615053 0.285721
vt 0.609244 0.269520
vt 0.606775 0.251870
vt 0.613724 0.286492
vt 0.621753 0.301729
vt 0.620466 0.302560
vt 0.847760 0.650083
vt 0.854497 0.635505
vt 0.849351 0.650805
vt 0.856160 0.635720
vt 0.861435 0.603769
vt 0.859005 0.620003
vt 0.863280 0.602829
vt 0.860757 0.619655
vt 0.610557 0.195945
vt 0.608574 0.214378
vt 0.608229 0.196635
vt 0.606542 0.215274
vt 0.607731 0.232811
vt 0.605981 0.233741
vt 0.861920 0.587010
vt 0.860700 0.569756
vt 0.863889 0.585469
vt 0.862938 0.567795
vt 0.857989 0.552044
vt 0.860793 0.550030
vt 0.802486 0.219505
vt 0.805607 0.215006
vt 0.799454 0.223926
vt 0.792928 0.218479
vt 0.794984 0.214038
vt 0.790968 0.222978
vt 0.796900 0.228570
vt 0.789424 0.227941
vt 0.781343 0.227970
vt 0.772919 0.228097
vt 0.781982 0.222859
vt 0.772709 0.222947
vt 0.783804 0.213841
vt 0.782856 0.218298
vt 0.772501 0.218355
vt 0.772314 0.213877
vt 0.762074 0.218056
vt 0.760742 0.213594
vt 0.763366 0.222630
vt 0.751846 0.218017
vt 0.749393 0.213558
vt 0.754224 0.222542
vt 0.764423 0.227760
vt 0.756173 0.227536
vt 0.748495 0.228009
vt 0.745556 0.223313
vt 0.738591 0.214331
vt 0.742106 0.218851
vt 0.813046 0.199327
vt 0.814752 0.193440
vt 0.810928 0.204898
vt 0.799948 0.198634
vt 0.801082 0.192863
vt 0.798530 0.204098
vt 0.808436 0.210129
vt 0.796869 0.209238
vt 0.784681 0.209041
vt 0.772153 0.209054
vt 0.785457 0.203909
vt 0.772013 0.203909
vt 0.786664 0.192708
vt 0.786125 0.198460
vt 0.771912 0.198447
vt 0.771834 0.192689
vt 0.757627 0.198245
vt 0.756944 0.192518
vt 0.758502 0.203673
vt 0.743651 0.198219
vt 0.742361 0.192497
vt 0.745270 0.203644
vt 0.759540 0.208794
vt 0.747197 0.208763
vt 0.735437 0.209461
vt 0.732680 0.204259
vt 0.728501 0.192923
vt 0.730349 0.198740
vt 0.817317 0.174285
vt 0.817472 0.167655
vt 0.816836 0.180842
vt 0.802777 0.174093
vt 0.802886 0.167595
vt 0.802463 0.180517
vt 0.815995 0.187251
vt 0.801907 0.186799
vt 0.787051 0.186670
vt 0.771793 0.186646
vt 0.787319 0.180413
vt 0.771764 0.180388
vt 0.787531 0.167551
vt 0.787467 0.174017
vt 0.771746 0.173989
vt 0.771754 0.167522
vt 0.755955 0.173934
vt 0.755906 0.167509
vt 0.756124 0.180292
vt 0.740481 0.173932
vt 0.740375 0.167515
vt 0.740816 0.180284
vt 0.756451 0.186511
vt 0.741439 0.186496
vt 0.727149 0.186820
vt 0.726240 0.180510
vt 0.725576 0.167538
vt 0.725739 0.174059
vt 0.816187 0.148069
vt 0.814996 0.141891
vt 0.816969 0.154473
vt 0.802048 0.148406
vt 0.801261 0.142355
vt 0.802559 0.154678
vt 0.817384 0.161025
vt 0.802824 0.161098
vt 0.787498 0.161087
vt 0.771761 0.161059
vt 0.787381 0.154696
vt 0.771793 0.154668
vt 0.786781 0.142428
vt 0.787142 0.148453
vt 0.771837 0.148425
vt 0.771891 0.142394
vt 0.756448 0.148528
vt 0.756942 0.142537
vt 0.756121 0.154735
vt 0.741390 0.148549
vt 0.742301 0.142560
vt 0.740782 0.154753
vt 0.755953 0.161085
vt 0.740463 0.161095
vt 0.725705 0.161020
vt 0.726173 0.154574
vt 0.728379 0.142179
vt 0.727053 0.148269
vt 0.808779 0.125217
vt 0.805960 0.120345
vt 0.811247 0.130445
vt 0.797126 0.126019
vt 0.795254 0.121233
vt 0.798769 0.131146
vt 0.813332 0.136008
vt 0.800160 0.136598
vt 0.786265 0.136694
vt 0.771982 0.136655
vt 0.785616 0.131263
vt 0.772096 0.131216
vt 0.783991 0.121368
vt 0.784858 0.126149
vt 0.772247 0.126090
vt 0.772421 0.121292
vt 0.759553 0.126321
vt 0.760768 0.121547
vt 0.758507 0.131422
vt 0.747134 0.126349
vt 0.749341 0.121573
vt 0.745203 0.131447
vt 0.757630 0.136829
vt 0.743583 0.136857
vt 0.730212 0.136372
vt 0.732538 0.130866
vt 0.738461 0.120822
vt 0.735297 0.125677
vt 0.783054 0.116929
vt 0.772618 0.116833
vt 0.782187 0.112394
vt 0.772839 0.112272
vt 0.793203 0.116799
vt 0.791249 0.112321
vt 0.781561 0.107319
vt 0.773062 0.107160
vt 0.789715 0.107389
vt 0.797261 0.106815
vt 0.799813 0.111438
vt 0.802842 0.115851
vt 0.741995 0.116321
vt 0.745468 0.111885
vt 0.751810 0.117136
vt 0.754206 0.112640
vt 0.748424 0.107220
vt 0.756173 0.107685
vt 0.764493 0.107474
vt 0.763421 0.112560
vt 0.762113 0.117103
vt 0.695337 0.568818
vt 0.694513 0.564341
vt 0.706012 0.564691
vt 0.705703 0.569160
vt 0.696085 0.573394
vt 0.705372 0.573736
vt 0.685247 0.568722
vt 0.683317 0.564224
vt 0.687079 0.573265
vt 0.696583 0.578509
vt 0.705025 0.578866
vt 0.688483 0.578255
vt 0.680972 0.578670
vt 0.678549 0.573969
vt 0.672659 0.564893
vt 0.675647 0.569471
vt 0.736125 0.570469
vt 0.739748 0.566048
vt 0.732565 0.574830
vt 0.726393 0.569383
vt 0.728956 0.564994
vt 0.723901 0.573837
vt 0.729508 0.579436
vt 0.721823 0.578766
vt 0.713549 0.578763
vt 0.714741 0.573677
vt 0.717599 0.564724
vt 0.716153 0.569147
vt 0.692626 0.548895
vt 0.692248 0.543125
vt 0.707056 0.543514
vt 0.706825 0.549274
vt 0.693139 0.554365
vt 0.706577 0.554733
vt 0.678813 0.548685
vt 0.677852 0.542879
vt 0.680065 0.554192
vt 0.693769 0.559519
vt 0.706302 0.559876
vt 0.681575 0.559376
vt 0.669980 0.559941
vt 0.667651 0.554637
vt 0.664192 0.543063
vt 0.665710 0.549004
vt 0.748337 0.550673
vt 0.750312 0.544895
vt 0.745884 0.556132
vt 0.735063 0.549805
vt 0.736488 0.544115
vt 0.733317 0.555194
vt 0.743013 0.561265
vt 0.731267 0.560257
vt 0.718923 0.559959
vt 0.720092 0.554868
vt 0.721929 0.543747
vt 0.721100 0.549458
vt 0.691976 0.524381
vt 0.692092 0.517896
vt 0.707815 0.518305
vt 0.707647 0.524785
vt 0.691945 0.530797
vt 0.707458 0.531196
vt 0.676720 0.524024
vt 0.676800 0.517507
vt 0.676844 0.530475
vt 0.692033 0.537070
vt 0.707261 0.537464
vt 0.677209 0.536782
vt 0.663145 0.536831
vt 0.662507 0.530385
vt 0.662277 0.517142
vt 0.662230 0.523796
vt 0.753493 0.526065
vt 0.753812 0.519531
vt 0.752846 0.532520
vt 0.738812 0.525565
vt 0.739077 0.519132
vt 0.738323 0.531921
vt 0.751796 0.538821
vt 0.737550 0.538127
vt 0.722574 0.537746
vt 0.723056 0.531527
vt 0.723605 0.518720
vt 0.723390 0.525159
vt 0.693010 0.498747
vt 0.693533 0.492710
vt 0.708357 0.493091
vt 0.708248 0.499144
vt 0.692600 0.505005
vt 0.708124 0.505409
vt 0.678178 0.498276
vt 0.679127 0.492223
vt 0.677494 0.504557
vt 0.692305 0.511413
vt 0.707981 0.511820
vt 0.677046 0.510990
vt 0.662562 0.510493
vt 0.663166 0.503927
vt 0.665482 0.491350
vt 0.664124 0.497522
vt 0.752828 0.500162
vt 0.751667 0.494016
vt 0.753540 0.506508
vt 0.738556 0.500085
vt 0.737807 0.494052
vt 0.738996 0.506321
vt 0.753843 0.512988
vt 0.739152 0.512695
vt 0.723727 0.512276
vt 0.723724 0.505902
vt 0.723235 0.493641
vt 0.723566 0.499665
vt 0.695889 0.476428
vt 0.696881 0.471653
vt 0.708403 0.471901
vt 0.708445 0.476723
vt 0.694997 0.481540
vt 0.708455 0.481867
vt 0.683682 0.475943
vt 0.685672 0.471194
vt 0.681912 0.481043
vt 0.694204 0.486971
vt 0.708422 0.487329
vt 0.680381 0.486474
vt 0.667296 0.485494
vt 0.669516 0.479967
vt 0.675043 0.469984
vt 0.672113 0.474793
vt 0.745241 0.477286
vt 0.742227 0.472334
vt 0.747840 0.482561
vt 0.733441 0.477659
vt 0.731376 0.472811
vt 0.735221 0.482823
vt 0.750001 0.488142
vt 0.736685 0.488292
vt 0.722706 0.487896
vt 0.721978 0.482444
vt 0.719998 0.472477
vt 0.721076 0.477301
vt 0.678261 0.465564
vt 0.681394 0.461223
vt 0.687833 0.466805
vt 0.689898 0.462364
vt 0.684058 0.456655
vt 0.691556 0.457456
vt 0.699679 0.457622
vt 0.708149 0.457705
vt 0.698918 0.462700
vt 0.708232 0.462840
vt 0.697933 0.467227
vt 0.708328 0.467424
vt 0.718783 0.467986
vt 0.717604 0.463392
vt 0.729041 0.468295
vt 0.726782 0.463719
vt 0.716679 0.458257
vt 0.724961 0.458692
vt 0.732690 0.458430
vt 0.735504 0.463187
vt 0.738836 0.467730
s 1
usemtl pet_bed_Mat
f 1/1/1 2/2/2 3/3/3 4/4/4
f 5/5/5 1/1/1 4/4/4 6/6/6
f 1/1/1 5/5/5 7/7/7 8/8/8
f 2/2/2 1/1/1 8/8/8 9/9/9
f 10/10/10 11/11/11 3/3/3 2/2/2
f 12/12/12 10/10/10 2/2/2 9/9/9
f 10/10/10 12/12/12 13/13/13 14/14/14
f 11/11/11 10/10/10 14/14/14 15/15/15
f 16/16/16 11/11/11 15/15/15 17/17/17
f 18/18/18 16/16/16 17/17/17 19/19/19
f 16/16/16 18/18/18 20/20/20 21/21/21
f 11/11/11 16/16/16 21/21/21 3/3/3
f 22/22/22 23/23/23 6/6/6 4/4/4
f 21/21/21 22/22/22 4/4/4 3/3/3
f 22/22/22 21/21/21 20/20/20 24/24/24
f 23/23/23 22/22/22 24/24/24 25/25/25
f 26/26/26 27/27/27 28/28/28 29/29/29
f 30/30/30 26/26/26 29/29/29 31/31/31
f 26/26/26 30/30/30 32/32/32 33/33/33
f 27/27/27 26/26/26 33/33/33 34/34/34
f 35/35/35 36/36/36 37/37/37 38/38/38
f 27/27/27 35/35/35 38/38/38 28/28/28
f 35/35/35 27/27/27 34/34/34 39/39/39
f 36/36/36 35/35/35 39/39/39 40/40/40
f 41/41/41 42/42/42 28/28/28 38/38/38
f 43/43/43 41/41/41 38/38/38 37/37/37
f 41/41/41 43/43/43 44/44/44 45/45/45
f 42/42/42 41/41/41 45/45/45 46/46/46
f 47/47/47 48/48/48 31/31/31 29/29/29
f 42/42/42 47/47/47 29/29/29 28/28/28
f 47/47/47 42/42/42 46/46/46 49/49/49
f 48/48/48 47/47/47 49/49/49 50/50/50
f 51/51/51 52/52/52 53/53/53 54/54/54
f 55/55/55 51/51/51 54/54/54 56/56/56
f 51/51/51 55/55/55 57/57/57 58/58/58
f 52/52/52 51/51/51 58/58/58 59/59/59
f 60/60/60 61/61/61 62/62/62 63/63/63
f 52/52/52 60/60/60 63/63/63 53/53/53
f 60/60/60 52/52/52 59/59/59 64/64/64
f 61/61/61 60/60/60 64/64/64 65/65/65
f 66/66/66 67/67/67 53/53/53 63/63/63
f 68/68/68 66/66/66 63/63/63 62/62/62
f 66/66/66 68/68/68 69/69/69 70/70/70
f 67/67/67 66/66/66 70/70/70 71/71/71
f 72/72/72 73/73/73 56/56/56 54/54/54
f 67/67/67 72/72/72 54/54/54 53/53/53
f 72/72/72 67/67/67 71/71/71 74/74/74
f 73/73/73 72/72/72 74/74/74 75/75/75
f 76/76/76 77/77/77 78/78/78 79/79/79
f 80/80/80 76/76/76 79/79/79 81/81/81
f 76/76/76 80/80/80 82/82/82 83/83/83
f 77/77/77 76/76/76 83/83/83 84/84/84
f 85/85/85 86/86/86 87/87/87 88/88/88
f 77/77/77 85/85/85 88/88/88 78/78/78
f 85/85/85 77/77/77 84/84/84 89/89/89
f 86/86/86 85/85/85 89/89/89 90/90/90
f 91/91/91 92/92/92 78/78/78 88/88/88
f 93/93/93 91/91/91 88/88/88 87/87/87
f 91/91/91 93/93/93 94/94/94 95/95/95
f 92/92/92 91/91/91 95/95/95 96/96/96
f 97/97/97 98/98/98 81/81/81 79/79/79
f 92/92/92 97/97/97 79/79/79 78/78/78
f 97/97/97 92/92/92 96/96/96 99/99/99
f 98/98/98 97/97/97 99/99/99 100/100/100
f 101/101/101 102/102/102 103/103/103 104/104/104
f 105/105/105 101/101/101 104/104/104 106/106/106
f 101/101/101 105/105/105 107/107/107 108/108/108
f 102/102/102 101/101/101 108/108/108 109/109/109
f 110/110/110 111/111/111 112/112/112 113/113/113
f 102/102/102 110/110/110 113/113/113 103/103/103
f 110/110/110 102/102/102 109/109/109 114/114/114
f 111/111/111 110/110/110 114/114/114 115/115/115
f 116/116/116 117/117/117 103/103/103 113/113/113
f 118/118/118 116/116/116 113/113/113 112/112/112
f 116/116/116 118/118/118 119/119/119 120/120/120
f 117/117/117 116/116/116 120/120/120 121/121/121
f 122/122/122 104/104/104 103/103/103 117/117/117
f 123/123/123 122/122/122 117/117/117 121/121/121
f 122/122/122 123/123/123 124/124/124 125/125/125
f 104/104/104 122/122/122 125/125/125 106/106/106
f 126/126/126 127/127/127 128/128/128 129/129/129
f 130/130/130 126/126/126 129/129/129 131/131/131
f 126/126/126 130/130/130 112/112/112 111/111/111
f 127/127/127 126/126/126 111/111/111 115/115/115
f 132/132/132 129/129/129 128/128/128 133/133/133
f 134/134/134 132/132/132 133/133/133 135/135/135
f 132/132/132 134/134/134 136/136/136 137/137/137
f 129/129/129 132/132/132 137/137/137 131/131/131
f 138/138/138 139/139/139 140/140/140 141/141/141
f 137/137/137 138/138/138 141/141/141 131/131/131
f 138/138/138 137/137/137 136/136/136 142/142/142
f 139/139/139 138/138/138 142/142/142 143/143/143
f 144/144/144 141/141/141 140/140/140 145/145/145
f 118/118/118 144/144/144 145/145/145 119/119/119
f 144/144/144 118/118/118 112/112/112 130/130/130
f 141/141/141 144/144/144 130/130/130 131/131/131
f 146/146/146 147/147/147 148/148/148 149/149/149
f 150/150/150 146/146/146 149/149/149 151/151/151
f 146/146/146 150/150/150 136/136/136 134/134/134
f 147/147/147 146/146/146 134/134/134 135/135/135
f 152/152/152 149/149/149 148/148/148 153/153/153
f 154/154/154 152/152/152 153/153/153 155/155/155
f 152/152/152 154/154/154 156/156/156 157/157/157
f 149/149/149 152/152/152 157/157/157 151/151/151
f 158/158/158 159/159/159 160/160/160 161/161/161
f 157/157/157 158/158/158 161/161/161 151/151/151
f 158/158/158 157/157/157 156/156/156 162/162/162
f 159/159/159 158/158/158 162/162/162 163/163/163
f 164/164/164 161/161/161 160/160/160 165/165/165
f 142/142/142 164/164/164 165/165/165 143/143/143
f 164/164/164 142/142/142 136/136/136 150/150/150
f 161/161/161 164/164/164 150/150/150 151/151/151
f 166/166/166 167/167/167 156/156/156 154/154/154
f 168/168/168 166/166/166 154/154/154 155/155/155
f 166/166/166 168/168/168 169/169/169 170/170/170
f 167/167/167 166/166/166 170/170/170 171/171/171
f 172/172/172 173/173/173 6/6/6 23/23/23
f 174/174/174 172/172/172 23/23/23 25/25/25
f 172/172/172 174/174/174 175/175/175 176/176/176
f 173/173/173 172/172/172 176/176/176 171/171/171
f 177/177/177 178/178/178 179/179/179 180/180/180
f 181/181/181 177/177/177 180/180/180 182/182/182
f 177/183/177 181/184/181 32/32/32 183/185/183
f 178/186/178 177/183/177 183/185/183 184/187/184
f 185/188/185 186/189/186 187/190/187 188/191/188
f 178/178/178 185/188/185 188/191/188 179/179/179
f 185/192/185 178/186/178 184/187/184 189/193/189
f 186/194/186 185/192/185 189/193/189 13/13/13
f 190/195/190 191/196/191 179/179/179 188/191/188
f 192/197/192 190/195/190 188/191/188 187/190/187
f 190/195/190 192/197/192 193/198/193 194/199/194
f 191/196/191 190/195/190 194/199/194 195/200/195
f 196/201/196 197/202/197 182/182/182 180/180/180
f 191/196/191 196/201/196 180/180/180 179/179/179
f 196/201/196 191/196/191 195/200/195 198/203/198
f 197/202/197 196/201/196 198/203/198 199/204/199
f 200/205/200 201/206/201 202/207/202 203/208/203
f 204/209/204 200/210/200 203/211/203 7/7/7
f 200/210/200 204/209/204 169/169/169 205/212/205
f 201/206/201 200/205/200 205/213/205 206/214/206
f 207/215/207 208/216/208 209/217/209 210/218/210
f 211/219/211 207/215/207 210/218/210 212/220/212
f 207/215/207 211/219/211 213/221/213 214/222/214
f 208/216/208 207/215/207 214/222/214 206/214/206
f 215/223/215 216/224/216 217/225/217 218/226/218
f 219/227/219 215/223/215 218/226/218 209/217/209
f 215/228/215 219/229/219 155/155/155 153/153/153
f 216/230/216 215/228/215 153/153/153 148/148/148
f 220/231/220 221/232/221 222/233/222 223/234/223
f 224/235/224 220/231/220 223/234/223 225/236/225
f 220/231/220 224/235/224 217/225/217 226/237/226
f 221/232/221 220/231/220 226/237/226 227/238/227
f 228/239/228 210/218/210 209/217/209 218/226/218
f 224/235/224 228/239/228 218/226/218 217/225/217
f 228/239/228 224/235/224 225/236/225 229/240/229
f 210/218/210 228/239/228 229/240/229 212/220/212
f 230/241/230 133/133/133 128/128/128 231/242/231
f 232/243/232 230/244/230 231/245/231 233/246/233
f 230/244/230 232/243/232 227/238/227 234/247/234
f 133/133/133 230/241/230 234/248/234 135/135/135
f 235/249/235 127/127/127 115/115/115 236/250/236
f 237/251/237 235/252/235 236/253/236 238/254/238
f 235/252/235 237/251/237 233/246/233 231/245/231
f 127/127/127 235/249/235 231/242/231 128/128/128
f 239/255/239 240/256/240 241/257/241 242/258/242
f 237/251/237 239/255/239 242/258/242 233/246/233
f 239/255/239 237/251/237 238/254/238 243/259/243
f 240/256/240 239/255/239 243/259/243 244/260/244
f 245/261/245 246/262/246 222/233/222 221/232/221
f 232/243/232 245/261/245 221/232/221 227/238/227
f 245/261/245 232/243/232 233/246/233 242/258/242
f 246/262/246 245/261/245 242/258/242 241/257/241
f 247/263/247 248/264/248 249/265/249 250/266/250
f 236/253/236 247/263/247 250/266/250 238/254/238
f 247/267/247 236/250/236 115/115/115 114/114/114
f 248/268/248 247/267/247 114/114/114 109/109/109
f 251/269/251 252/270/252 249/265/249 248/264/248
f 108/108/108 251/271/251 248/268/248 109/109/109
f 251/271/251 108/108/108 107/107/107 253/272/253
f 252/270/252 251/269/251 253/273/253 254/274/254
f 255/275/255 256/276/256 249/265/249 252/270/252
f 257/277/257 255/275/255 252/270/252 254/274/254
f 255/275/255 257/277/257 258/278/258 259/279/259
f 256/276/256 255/275/255 259/279/259 260/280/260
f 261/281/261 243/259/243 238/254/238 250/266/250
f 256/276/256 261/281/261 250/266/250 249/265/249
f 261/281/261 256/276/256 260/280/260 262/282/262
f 243/259/243 261/281/261 262/282/262 244/260/244
f 263/283/263 264/284/264 265/285/265 266/286/266
f 267/287/267 263/283/263 266/286/266 268/288/268
f 263/289/263 267/290/267 269/291/269 270/292/270
f 264/293/264 263/289/263 270/292/270 90/90/90
f 271/294/271 272/295/272 268/288/268 266/286/266
f 273/296/273 271/294/271 266/286/266 265/285/265
f 271/294/271 273/296/273 274/297/274 275/298/275
f 272/295/272 271/294/271 275/298/275 276/299/276
f 277/300/277 278/301/278 279/302/279 280/303/280
f 281/304/281 277/300/277 280/303/280 282/305/282
f 277/306/277 281/307/281 82/82/82 283/308/283
f 278/309/278 277/306/277 283/308/283 284/310/284
f 285/311/285 286/312/286 287/313/287 288/314/288
f 278/301/278 285/311/285 288/314/288 279/302/279
f 285/315/285 278/309/278 284/310/284 289/316/289
f 286/317/286 285/315/285 289/316/289 65/65/65
f 290/318/290 291/319/291 279/302/279 288/314/288
f 292/320/292 290/318/290 288/314/288 287/313/287
f 290/318/290 292/320/292 293/321/293 294/322/294
f 291/319/291 290/318/290 294/322/294 295/323/295
f 296/324/296 297/325/297 282/305/282 280/303/280
f 291/319/291 296/324/296 280/303/280 279/302/279
f 296/324/296 291/319/291 295/323/295 298/326/298
f 297/325/297 296/324/296 298/326/298 299/327/299
f 300/328/300 301/329/301 302/330/302 303/331/303
f 304/332/304 300/328/300 303/331/303 305/333/305
f 300/334/300 304/335/304 57/57/57 306/336/306
f 301/337/301 300/334/300 306/336/306 307/338/307
f 308/339/308 309/340/309 302/330/302 301/329/301
f 310/341/310 308/342/308 301/337/301 307/338/307
f 308/342/308 310/341/310 40/40/40 311/343/311
f 309/340/309 308/339/308 311/344/311 312/345/312
f 313/346/313 309/340/309 312/345/312 314/347/314
f 315/348/315 313/346/313 314/347/314 316/349/316
f 313/346/313 315/348/315 317/350/317 318/351/318
f 309/340/309 313/346/313 318/351/318 302/330/302
f 319/352/319 320/353/320 305/333/305 303/331/303
f 318/351/318 319/352/319 303/331/303 302/330/302
f 319/352/319 318/351/318 317/350/317 321/354/321
f 320/353/320 319/352/319 321/354/321 322/355/322
f 323/356/323 324/357/324 325/358/325 326/359/326
f 327/360/327 323/356/323 326/359/326 328/361/328
f 323/356/323 327/360/327 199/204/199 198/203/198
f 324/357/324 323/356/323 198/203/198 195/200/195
f 329/362/329 330/363/330 331/364/331 332/365/332
f 324/357/324 329/362/329 332/365/332 325/358/325
f 329/362/329 324/357/324 195/200/195 194/199/194
f 330/363/330 329/362/329 194/199/194 193/198/193
f 333/366/333 334/367/334 335/368/335 336/369/336
f 337/370/337 333/366/333 336/369/336 338/371/338
f 333/366/333 337/370/337 213/221/213 339/372/339
f 334/367/334 333/366/333 339/372/339 340/373/340
f 341/374/341 342/375/342 343/376/343 344/377/344
f 345/378/345 341/374/341 344/377/344 346/379/346
f 341/374/341 345/378/345 212/220/212 229/240/229
f 342/375/342 341/374/341 229/240/229 225/236/225
f 347/380/347 348/381/348 349/382/349 350/383/350
f 342/375/342 347/380/347 350/383/350 343/376/343
f 347/380/347 342/375/342 225/236/225 223/234/223
f 348/381/348 347/380/347 223/234/223 222/233/222
f 351/384/351 246/262/246 241/257/241 352/385/352
f 353/386/353 351/384/351 352/385/352 354/387/354
f 351/384/351 353/386/353 349/382/349 348/381/348
f 246/262/246 351/384/351 348/381/348 222/233/222
f 355/388/355 240/256/240 244/260/244 356/389/356
f 357/390/357 355/388/355 356/389/356 358/391/358
f 355/388/355 357/390/357 354/387/354 352/385/352
f 240/256/240 355/388/355 352/385/352 241/257/241
f 359/392/359 360/393/360 361/394/361 362/395/362
f 356/389/356 359/392/359 362/395/362 358/391/358
f 359/392/359 356/389/356 244/260/244 262/282/262
f 360/393/360 359/392/359 262/282/262 260/280/260
f 363/396/363 364/397/364 361/394/361 360/393/360
f 259/279/259 363/396/363 360/393/360 260/280/260
f 363/396/363 259/279/259 258/278/258 365/398/365
f 364/397/364 363/396/363 365/398/365 366/399/366
f 367/400/367 368/401/368 369/402/369 370/403/370
f 371/404/371 367/400/367 370/403/370 372/405/372
f 367/400/367 371/404/371 276/299/276 275/298/275
f 368/401/368 367/400/367 275/298/275 274/297/274
f 373/406/373 374/407/374 375/408/375 376/409/376
f 377/410/377 373/406/373 376/409/376 378/411/378
f 373/406/373 377/410/377 299/327/299 298/326/298
f 374/407/374 373/406/373 298/326/298 295/323/295
f 379/412/379 380/413/380 381/414/381 382/415/382
f 374/407/374 379/412/379 382/415/382 375/408/375
f 379/412/379 374/407/374 295/323/295 294/322/294
f 380/413/380 379/412/379 294/322/294 293/321/293
f 383/416/383 384/417/384 385/418/385 386/419/386
f 387/420/387 383/416/383 386/419/386 388/421/388
f 383/416/383 387/420/387 322/355/322 321/354/321
f 384/417/384 383/416/383 321/354/321 317/350/317
f 389/422/389 390/423/390 385/418/385 384/417/384
f 315/348/315 389/422/389 384/417/384 317/350/317
f 389/422/389 315/348/315 316/349/316 391/424/391
f 390/423/390 389/422/389 391/424/391 392/425/392
f 393/426/393 394/427/394 395/428/395 396/429/396
f 397/430/397 393/426/393 396/429/396 398/431/398
f 393/426/393 397/430/397 399/432/399 400/433/400
f 394/427/394 393/426/393 400/433/400 401/434/401
f 402/435/402 403/436/403 395/428/395 394/427/394
f 404/437/404 402/435/402 394/427/394 401/434/401
f 402/435/402 404/437/404 405/438/405 406/439/406
f 403/436/403 402/435/402 406/439/406 407/440/407
f 408/441/408 403/436/403 407/440/407 409/442/409
f 410/443/410 408/441/408 409/442/409 411/444/411
f 408/441/408 410/443/410 412/445/412 413/446/413
f 403/436/403 408/441/408 413/446/413 395/428/395
f 414/447/414 415/448/415 416/449/416 417/450/417
f 418/451/418 414/447/414 417/450/417 419/452/419
f 414/447/414 418/451/418 420/453/420 421/454/421
f 415/448/415 414/447/414 421/454/421 422/455/422
f 423/456/423 424/457/424 425/458/425 426/459/426
f 418/451/418 423/456/423 426/459/426 420/453/420
f 423/456/423 418/451/418 419/452/419 427/460/427
f 424/457/424 423/456/423 427/460/427 428/461/428
f 429/462/429 430/463/430 431/464/431 432/465/432
f 426/459/426 429/462/429 432/465/432 420/453/420
f 429/462/429 426/459/426 425/458/425 433/466/433
f 430/463/430 429/462/429 433/466/433 434/467/434
f 435/468/435 436/469/436 437/470/437 438/471/438
f 421/454/421 435/468/435 438/471/438 422/455/422
f 435/468/435 421/454/421 420/453/420 432/465/432
f 436/469/436 435/468/435 432/465/432 431/464/431
f 439/472/439 440/473/440 441/474/441 442/475/442
f 443/476/443 439/472/439 442/475/442 444/477/444
f 439/472/439 443/476/443 445/478/445 446/479/446
f 440/473/440 439/472/439 446/479/446 447/480/447
f 448/481/448 449/482/449 450/483/450 451/484/451
f 440/473/440 448/481/448 451/484/451 441/474/441
f 448/481/448 440/473/440 447/480/447 452/485/452
f 449/482/449 448/481/448 452/485/452 453/486/453
f 454/487/454 455/488/455 456/489/456 457/490/457
f 451/484/451 454/487/454 457/490/457 441/474/441
f 454/487/454 451/484/451 450/483/450 458/491/458
f 455/488/455 454/487/454 458/491/458 459/492/459
f 460/493/460 461/494/461 462/495/462 463/496/463
f 442/475/442 460/493/460 463/496/463 444/477/444
f 460/493/460 442/475/442 441/474/441 457/490/457
f 461/494/461 460/493/460 457/490/457 456/489/456
f 464/497/464 465/498/465 466/499/466 467/500/467
f 468/501/468 464/497/464 467/500/467 469/502/469
f 464/497/464 468/501/468 470/503/470 471/504/471
f 465/498/465 464/497/464 471/504/471 472/505/472
f 473/506/473 474/507/474 475/508/475 476/509/476
f 468/501/468 473/506/473 476/509/476 470/503/470
f 473/506/473 468/501/468 469/502/469 477/510/477
f 474/507/474 473/506/473 477/510/477 478/511/478
f 479/512/479 480/513/480 470/503/470 476/509/476
f 481/514/481 479/512/479 476/509/476 475/508/475
f 479/512/479 481/514/481 482/515/482 483/516/483
f 480/513/480 479/512/479 483/516/483 484/517/484
f 485/518/485 486/519/486 487/520/487 488/521/488
f 471/504/471 485/518/485 488/521/488 472/505/472
f 485/518/485 471/504/471 470/503/470 480/513/480
f 486/519/486 485/518/485 480/513/480 484/517/484
f 489/522/489 490/523/490 491/524/491 492/525/492
f 493/526/493 489/522/489 492/525/492 494/527/494
f 489/522/489 493/526/493 495/528/495 496/529/496
f 490/523/490 489/522/489 496/529/496 497/530/497
f 498/531/498 499/532/499 494/527/494 492/525/492
f 500/533/500 498/531/498 492/525/492 491/524/491
f 498/531/498 500/533/500 501/534/501 502/535/502
f 499/532/499 498/531/498 502/535/502 503/536/503
f 504/537/504 505/538/505 506/539/506 507/540/507
f 508/541/508 504/537/504 507/540/507 509/542/509
f 504/537/504 508/541/508 510/543/510 511/544/511
f 505/538/505 504/537/504 511/544/511 512/545/512
f 513/546/513 514/547/514 515/548/515 516/549/516
f 517/550/517 513/546/513 516/549/516 518/551/518
f 513/546/513 517/550/517 509/542/509 507/540/507
f 514/547/514 513/546/513 507/540/507 506/539/506
f 519/552/519 520/553/520 521/554/521 522/555/522
f 496/529/496 519/552/519 522/555/522 497/530/497
f 519/552/519 496/529/496 495/528/495 523/556/523
f 520/553/520 519/552/519 523/556/523 524/557/524
f 525/558/525 526/559/526 527/560/527 528/561/528
f 529/562/529 525/558/525 528/561/528 530/563/530
f 525/558/525 529/562/529 518/551/518 516/549/516
f 526/559/526 525/558/525 516/549/516 515/548/515
f 531/564/531 532/565/532 533/566/533 534/567/534
f 535/568/535 531/564/531 534/567/534 536/569/536
f 531/564/531 535/568/535 530/563/530 528/561/528
f 532/565/532 531/564/531 528/561/528 527/560/527
f 537/570/537 538/571/538 539/572/539 540/573/540
f 541/574/541 537/570/537 540/573/540 542/575/542
f 537/570/537 541/574/541 543/576/543 544/577/544
f 538/571/538 537/570/537 544/577/544 545/578/545
f 546/579/546 547/580/547 536/569/536 534/567/534
f 548/581/548 546/579/546 534/567/534 533/566/533
f 546/579/546 548/581/548 549/582/549 550/583/550
f 547/580/547 546/579/546 550/583/550 551/584/551
f 552/585/552 553/586/553 554/587/554 555/588/555
f 556/589/556 552/585/552 555/588/555 557/590/557
f 552/585/552 556/589/556 558/591/558 559/592/559
f 553/586/553 552/585/552 559/592/559 560/593/560
f 561/594/561 562/595/562 554/587/554 553/586/553
f 563/596/563 561/594/561 553/586/553 560/593/560
f 561/594/561 563/596/563 564/597/564 565/598/565
f 562/595/562 561/594/561 565/598/565 566/599/566
f 567/600/567 562/595/562 566/599/566 568/601/568
f 569/602/569 567/600/567 568/601/568 570/603/570
f 567/600/567 569/602/569 571/604/571 572/605/572
f 562/595/562 567/600/567 572/605/572 554/587/554
f 573/606/573 574/607/574 557/590/557 555/588/555
f 572/605/572 573/606/573 555/588/555 554/587/554
f 573/606/573 572/605/572 571/604/571 575/608/575
f 574/607/574 573/606/573 575/608/575 576/609/576
f 577/610/577 578/611/578 579/612/579 580/613/580
f 581/614/581 577/610/577 580/613/580 582/615/582
f 577/610/577 581/614/581 583/616/583 584/617/584
f 578/611/578 577/610/577 584/617/584 585/618/585
f 586/619/586 587/620/587 588/621/588 589/622/589
f 584/617/584 586/619/586 589/622/589 585/618/585
f 586/619/586 584/617/584 583/616/583 590/623/590
f 587/620/587 586/619/586 590/623/590 591/624/591
f 592/625/592 593/626/593 585/618/585 589/622/589
f 594/627/594 592/625/592 589/622/589 588/621/588
f 592/625/592 594/627/594 595/628/595 596/629/596
f 593/626/593 592/625/592 596/629/596 597/630/597
f 598/631/598 578/611/578 585/618/585 593/626/593
f 599/632/599 598/631/598 593/626/593 597/630/597
f 598/631/598 599/632/599 600/633/600 601/634/601
f 578/611/578 598/631/598 601/634/601 579/612/579
f 602/635/602 603/636/603 604/637/604 605/638/605
f 606/639/606 602/635/602 605/638/605 607/640/607
f 602/635/602 606/639/606 608/641/608 609/642/609
f 603/636/603 602/635/602 609/642/609 610/643/610
f 611/644/611 612/645/612 613/646/613 614/647/614
f 615/648/615 611/644/611 614/647/614 616/649/616
f 611/644/611 615/648/615 607/640/607 605/638/605
f 612/645/612 611/644/611 605/638/605 604/637/604
f 617/650/617 618/651/618 607/640/607 615/648/615
f 619/652/619 617/650/617 615/648/615 616/649/616
f 617/650/617 619/652/619 620/653/620 621/654/621
f 618/651/618 617/650/617 621/654/621 622/655/622
f 623/656/623 624/657/624 608/641/608 606/639/606
f 618/651/618 623/656/623 606/639/606 607/640/607
f 623/656/623 618/651/618 622/655/622 625/658/625
f 624/657/624 623/656/623 625/658/625 626/659/626
f 627/660/627 628/661/628 629/662/629 630/663/630
f 631/664/631 627/660/627 630/663/630 632/665/632
f 627/660/627 631/664/631 633/666/633 634/667/634
f 628/661/628 627/660/627 634/667/634 635/668/635
f 636/669/636 637/670/637 638/671/638 639/672/639
f 630/663/630 636/669/636 639/672/639 632/665/632
f 636/669/636 630/663/630 629/662/629 640/673/640
f 637/670/637 636/669/636 640/673/640 641/674/641
f 642/675/642 643/676/643 632/665/632 639/672/639
f 644/677/644 642/675/642 639/672/639 638/671/638
f 642/675/642 644/677/644 645/678/645 646/679/646
f 643/676/643 642/675/642 646/679/646 647/680/647
f 648/681/648 649/682/649 633/666/633 631/664/631
f 643/676/643 648/681/648 631/664/631 632/665/632
f 648/681/648 643/676/643 647/680/647 650/683/650
f 649/682/649 648/681/648 650/683/650 651/684/651
f 652/685/652 653/686/653 654/687/654 655/688/655
f 656/689/656 652/685/652 655/688/655 657/690/657
f 652/685/652 656/689/656 501/534/501 500/533/500
f 653/686/653 652/685/652 500/533/500 491/524/491
f 658/691/658 659/692/659 660/693/660 661/694/661
f 653/686/653 658/691/658 661/694/661 654/687/654
f 658/691/658 653/686/653 491/524/491 490/523/490
f 659/692/659 658/691/658 490/523/490 497/530/497
f 662/695/662 663/696/663 654/687/654 661/694/661
f 664/697/664 662/695/662 661/694/661 660/693/660
f 662/695/662 664/697/664 665/698/665 666/699/666
f 663/696/663 662/695/662 666/699/666 667/700/667
f 668/701/668 655/688/655 654/687/654 663/696/663
f 669/702/669 668/701/668 663/696/663 667/700/667
f 668/701/668 669/702/669 670/703/670 671/704/671
f 655/688/655 668/701/668 671/704/671 657/690/657
f 672/705/672 522/555/522 521/554/521 673/706/673
f 674/707/674 672/705/672 673/706/673 675/708/675
f 672/705/672 674/707/674 660/693/660 659/692/659
f 522/555/522 672/705/672 659/692/659 497/530/497
f 676/709/676 677/710/677 678/711/678 679/712/679
f 680/713/680 676/709/676 679/712/679 675/708/675
f 676/709/676 680/713/680 681/714/681 682/715/682
f 677/710/677 676/709/676 682/715/682 683/716/683
f 684/717/684 664/697/664 660/693/660 674/707/674
f 679/712/679 684/717/684 674/707/674 675/708/675
f 684/717/684 679/712/679 678/711/678 685/718/685
f 664/697/664 684/717/684 685/718/685 665/698/665
f 686/719/686 687/720/687 539/572/539 688/721/688
f 689/722/689 686/719/686 688/721/688 690/723/690
f 686/719/686 689/722/689 681/714/681 691/724/691
f 687/720/687 686/719/686 691/724/691 692/725/692
f 693/726/693 538/571/538 545/578/545 694/727/694
f 695/728/695 693/726/693 694/727/694 696/729/696
f 693/726/693 695/728/695 690/723/690 688/721/688
f 538/571/538 693/726/693 688/721/688 539/572/539
f 697/730/697 698/731/698 690/723/690 695/728/695
f 699/732/699 697/730/697 695/728/695 696/729/696
f 697/730/697 699/732/699 700/733/700 701/734/701
f 698/731/698 697/730/697 701/734/701 702/735/702
f 703/736/703 698/731/698 702/735/702 704/737/704
f 682/715/682 703/736/703 704/737/704 683/716/683
f 703/736/703 682/715/682 681/714/681 689/722/689
f 698/731/698 703/736/703 689/722/689 690/723/690
f 705/738/705 706/739/706 707/740/707 708/741/708
f 694/727/694 705/738/705 708/741/708 696/729/696
f 705/738/705 694/727/694 545/578/545 709/742/709
f 706/739/706 705/738/705 709/742/709 710/743/710
f 711/744/711 556/589/556 557/590/557 712/745/712
f 706/739/706 711/744/711 712/745/712 707/740/707
f 711/744/711 706/739/706 710/743/710 713/746/713
f 556/589/556 711/744/711 713/746/713 558/591/558
f 714/747/714 715/748/715 707/740/707 712/745/712
f 574/607/574 714/747/714 712/745/712 557/590/557
f 714/747/714 574/607/574 576/609/576 716/749/716
f 715/748/715 714/747/714 716/749/716 717/750/717
f 718/751/718 699/732/699 696/729/696 708/741/708
f 715/748/715 718/751/718 708/741/708 707/740/707
f 718/751/718 715/748/715 717/750/717 719/752/719
f 699/732/699 718/751/718 719/752/719 700/733/700
f 720/753/720 721/754/721 722/755/722 723/756/723
f 724/757/724 720/753/720 723/756/723 725/758/725
f 720/753/720 724/757/724 726/759/726 727/760/727
f 721/754/721 720/753/720 727/760/727 728/761/728
f 729/762/729 730/763/730 731/764/731 732/765/732
f 499/532/499 729/762/729 732/765/732 494/527/494
f 729/762/729 499/532/499 503/536/503 733/766/733
f 730/763/730 729/762/729 733/766/733 734/767/734
f 735/768/735 736/769/736 737/770/737 738/771/738
f 739/772/739 735/768/735 738/771/738 740/773/740
f 735/768/735 739/772/739 558/591/558 713/746/713
f 736/769/736 735/768/735 713/746/713 710/743/710
f 741/774/741 544/577/544 543/576/543 742/775/742
f 736/769/736 741/774/741 742/775/742 737/770/737
f 741/774/741 736/769/736 710/743/710 709/742/709
f 544/577/544 741/774/741 709/742/709 545/578/545
f 743/776/743 744/777/744 745/778/745 746/779/746
f 747/780/747 743/776/743 746/779/746 748/781/748
f 743/776/743 747/780/747 25/25/25 24/24/24
f 744/777/744 743/776/743 24/24/24 20/20/20
f 749/782/749 750/783/750 745/778/745 744/777/744
f 18/18/18 749/782/749 744/777/744 20/20/20
f 749/782/749 18/18/18 19/19/19 751/784/751
f 750/783/750 749/782/749 751/784/751 752/785/752
f 753/786/753 750/783/750 752/785/752 754/787/754
f 404/437/404 753/786/753 754/787/754 405/438/405
f 753/786/753 404/437/404 401/434/401 755/788/755
f 750/783/750 753/786/753 755/788/755 745/778/745
f 756/789/756 757/790/757 748/781/748 746/779/746
f 755/788/755 756/789/756 746/779/746 745/778/745
f 756/789/756 755/788/755 401/434/401 400/433/400
f 757/790/757 756/789/756 400/433/400 399/432/399
f 758/791/758 759/792/759 760/793/760 761/794/761
f 762/795/762 758/791/758 761/794/761 763/796/763
f 758/791/758 762/795/762 50/50/50 49/49/49
f 759/792/759 758/791/758 49/49/49 46/46/46
f 764/797/764 765/798/765 766/799/766 767/800/767
f 759/792/759 764/797/764 767/800/767 760/793/760
f 764/797/764 759/792/759 46/46/46 45/45/45
f 765/798/765 764/797/764 45/45/45 44/44/44
f 768/801/768 769/802/769 760/793/760 767/800/767
f 770/803/770 768/801/768 767/800/767 766/799/766
f 768/801/768 770/803/770 428/461/428 427/460/427
f 769/802/769 768/801/768 427/460/427 419/452/419
f 771/804/771 772/805/772 763/796/763 761/794/761
f 769/802/769 771/804/771 761/794/761 760/793/760
f 771/804/771 769/802/769 419/452/419 417/450/417
f 772/805/772 771/804/771 417/450/417 416/449/416
f 773/806/773 774/807/774 775/808/775 776/809/776
f 777/810/777 773/806/773 776/809/776 778/811/778
f 773/806/773 777/810/777 75/75/75 74/74/74
f 774/807/774 773/806/773 74/74/74 71/71/71
f 779/812/779 780/813/780 781/814/781 782/815/782
f 774/807/774 779/812/779 782/815/782 775/808/775
f 779/812/779 774/807/774 71/71/71 70/70/70
f 780/813/780 779/812/779 70/70/70 69/69/69
f 783/816/783 784/817/784 775/808/775 782/815/782
f 785/818/785 783/816/783 782/815/782 781/814/781
f 783/816/783 785/818/785 453/486/453 452/485/452
f 784/817/784 783/816/783 452/485/452 447/480/447
f 786/819/786 787/820/787 778/811/778 776/809/776
f 784/817/784 786/819/786 776/809/776 775/808/775
f 786/819/786 784/817/784 447/480/447 446/479/446
f 787/820/787 786/819/786 446/479/446 445/478/445
f 788/821/788 789/822/789 790/823/790 791/824/791
f 792/825/792 788/821/788 791/824/791 793/826/793
f 788/821/788 792/825/792 100/100/100 99/99/99
f 789/822/789 788/821/788 99/99/99 96/96/96
f 794/827/794 795/828/795 796/829/796 797/830/797
f 789/822/789 794/827/794 797/830/797 790/823/790
f 794/827/794 789/822/789 96/96/96 95/95/95
f 795/828/795 794/827/794 95/95/95 94/94/94
f 798/831/798 799/832/799 790/823/790 797/830/797
f 800/833/800 798/831/798 797/830/797 796/829/796
f 798/831/798 800/833/800 478/511/478 477/510/477
f 799/832/799 798/831/798 477/510/477 469/502/469
f 801/834/801 802/835/802 793/826/793 791/824/791
f 799/832/799 801/834/801 791/824/791 790/823/790
f 801/834/801 799/832/799 469/502/469 467/500/467
f 802/835/802 801/834/801 467/500/467 466/499/466
f 803/836/803 804/837/804 805/838/805 806/839/806
f 807/840/807 803/836/803 806/839/806 808/841/808
f 803/836/803 807/840/807 124/124/124 123/123/123
f 804/837/804 803/836/803 123/123/123 121/121/121
f 809/842/809 806/839/806 805/838/805 810/843/810
f 811/844/811 809/842/809 810/843/810 812/845/812
f 809/842/809 811/844/811 813/846/813 814/847/814
f 806/839/806 809/842/809 814/847/814 808/841/808
f 815/848/815 816/849/816 817/850/817 818/851/818
f 819/852/819 815/848/815 818/851/818 820/853/820
f 815/848/815 819/852/819 821/854/821 822/855/822
f 816/849/816 815/848/815 822/855/822 641/674/641
f 823/856/823 824/857/824 820/853/820 818/851/818
f 825/858/825 823/856/823 818/851/818 817/850/817
f 823/856/823 825/858/825 826/859/826 827/860/827
f 824/857/824 823/856/823 827/860/827 828/861/828
f 829/862/829 830/863/830 831/864/831 832/865/832
f 833/866/833 829/862/829 832/865/832 834/867/834
f 829/862/829 833/866/833 835/868/835 836/869/836
f 830/863/830 829/862/829 836/869/836 635/668/635
f 837/870/837 838/871/838 613/646/613 839/872/839
f 840/873/840 837/870/837 839/872/839 841/874/841
f 837/870/837 840/873/840 834/867/834 832/865/832
f 838/871/838 837/870/837 832/865/832 831/864/831
f 842/875/842 843/876/843 844/877/844 845/878/845
f 833/866/833 842/875/842 845/878/845 835/868/835
f 842/875/842 833/866/833 834/867/834 846/879/846
f 843/876/843 842/875/842 846/879/846 847/880/847
f 848/881/848 849/882/849 850/883/850 851/884/851
f 852/885/852 848/881/848 851/884/851 853/886/853
f 848/881/848 852/885/852 854/887/854 855/888/855
f 849/882/849 848/881/848 855/888/855 610/643/610
f 856/889/856 857/890/857 591/624/591 858/891/858
f 859/892/859 856/889/856 858/891/858 860/893/860
f 856/889/856 859/892/859 853/886/853 851/884/851
f 857/890/857 856/889/856 851/884/851 850/883/850
f 861/894/861 862/895/862 863/896/863 864/897/864
f 852/885/852 861/894/861 864/897/864 854/887/854
f 861/894/861 852/885/852 853/886/853 865/898/865
f 862/895/862 861/894/861 865/898/865 866/899/866
f 867/900/867 868/901/868 869/902/869 870/903/870
f 871/904/871 867/900/867 870/903/870 872/905/872
f 867/900/867 871/904/871 873/906/873 874/907/874
f 868/901/868 867/900/867 874/907/874 582/615/582
f 875/908/875 876/909/876 564/597/564 877/910/877
f 878/911/878 875/908/875 877/910/877 879/912/879
f 875/908/875 878/911/878 872/905/872 870/903/870
f 876/909/876 875/908/875 870/903/870 869/902/869
f 880/913/880 881/914/881 882/915/882 883/916/883
f 884/917/884 880/913/880 883/916/883 885/918/885
f 880/913/880 884/917/884 872/905/872 878/911/878
f 881/914/881 880/913/880 878/911/878 879/912/879
f 886/919/886 887/920/887 888/921/888 889/922/889
f 871/904/871 886/919/886 889/922/889 873/906/873
f 886/919/886 871/904/871 872/905/872 884/917/884
f 887/920/887 886/919/886 884/917/884 885/918/885
f 890/923/890 891/924/891 892/925/892 893/926/893
f 894/927/894 890/923/890 893/926/893 895/928/895
f 890/923/890 894/927/894 600/633/600 896/929/896
f 891/924/891 890/923/890 896/929/896 897/930/897
f 898/931/898 899/932/899 895/928/895 893/926/893
f 900/933/900 898/931/898 893/926/893 892/925/892
f 898/931/898 900/933/900 901/934/901 902/935/902
f 899/932/899 898/931/898 902/935/902 570/603/570
f 903/936/903 904/937/904 905/938/905 906/939/906
f 907/940/907 903/936/903 906/939/906 908/941/908
f 903/936/903 907/940/907 626/659/626 909/942/909
f 904/937/904 903/936/903 909/942/909 910/943/910
f 911/944/911 912/945/912 913/946/913 914/947/914
f 915/948/915 911/944/911 914/947/914 595/628/595
f 911/944/911 915/948/915 908/941/908 906/939/906
f 912/945/912 911/944/911 906/939/906 905/938/905
f 916/949/916 917/950/917 918/951/918 919/952/919
f 920/953/920 916/949/916 919/952/919 921/954/921
f 916/949/916 920/953/920 651/684/651 922/955/922
f 917/950/917 916/949/916 922/955/922 923/956/923
f 924/957/924 925/958/925 921/954/921 919/952/919
f 926/959/926 924/957/924 919/952/919 918/951/918
f 924/957/924 926/959/926 927/960/927 928/961/928
f 925/958/925 924/957/924 928/961/928 620/653/620
f 929/962/929 930/963/930 931/964/931 932/965/932
f 933/966/933 929/962/929 932/965/932 934/967/934
f 929/962/929 933/966/933 670/703/670 935/968/935
f 930/963/930 929/962/929 935/968/935 936/969/936
f 937/970/937 938/971/938 934/967/934 932/965/932
f 939/972/939 937/970/937 932/965/932 931/964/931
f 937/970/937 939/972/939 940/973/940 941/974/941
f 938/971/938 937/970/937 941/974/941 645/678/645
f 942/975/942 943/976/943 944/977/944 945/978/945
f 666/699/666 942/975/942 945/978/945 667/700/667
f 942/975/942 666/699/666 665/698/665 946/979/946
f 943/976/943 942/975/942 946/979/946 947/980/947
f 948/981/948 949/982/949 950/983/950 951/984/951
f 677/710/677 948/981/948 951/984/951 678/711/678
f 948/981/948 677/710/677 683/716/683 952/985/952
f 949/982/949 948/981/948 952/985/952 953/986/953
f 954/987/954 685/718/685 678/711/678 951/984/951
f 955/988/955 954/987/954 951/984/951 950/983/950
f 954/987/954 955/988/955 947/980/947 946/979/946
f 685/718/685 954/987/954 946/979/946 665/698/665
f 956/989/956 957/990/957 958/991/958 959/992/959
f 701/734/701 956/989/956 959/992/959 702/735/702
f 956/989/956 701/734/701 700/733/700 960/993/960
f 957/990/957 956/989/956 960/993/960 961/994/961
f 962/995/962 704/737/704 702/735/702 959/992/959
f 963/996/963 962/995/962 959/992/959 958/991/958
f 962/995/962 963/996/963 953/986/953 952/985/952
f 704/737/704 962/995/962 952/985/952 683/716/683
f 964/997/964 965/998/965 966/999/966 967/1000/967
f 716/749/716 964/997/964 967/1000/967 717/750/717
f 964/997/964 716/749/716 576/609/576 968/1001/968
f 965/998/965 964/997/964 968/1001/968 969/1002/969
f 970/1003/970 719/752/719 717/750/717 967/1000/967
f 971/1004/971 970/1003/970 967/1000/967 966/999/966
f 970/1003/970 971/1004/971 961/994/961 960/993/960
f 719/752/719 970/1003/970 960/993/960 700/733/700
f 972/1005/972 973/1006/973 974/1007/974 975/1008/975
f 976/1009/976 972/1005/972 975/1008/975 977/1010/977
f 972/1005/972 976/1009/976 437/470/437 978/1011/978
f 973/1006/973 972/1005/972 978/1011/978 979/1012/979
f 980/1013/980 887/920/887 885/918/885 981/1014/981
f 973/1006/973 980/1013/980 981/1014/981 974/1007/974
f 980/1013/980 973/1006/973 979/1012/979 982/1015/982
f 887/920/887 980/1013/980 982/1015/982 888/921/888
f 983/1016/983 984/1017/984 985/1018/985 986/1019/986
f 981/1014/981 983/1016/983 986/1019/986 974/1007/974
f 983/1016/983 981/1014/981 885/918/885 883/916/883
f 984/1017/984 983/1016/983 883/916/883 882/915/882
f 987/1020/987 988/1021/988 977/1010/977 975/1008/975
f 986/1019/986 987/1020/987 975/1008/975 974/1007/974
f 987/1020/987 986/1019/986 985/1018/985 989/1022/989
f 988/1021/988 987/1020/987 989/1022/989 411/444/411
f 990/1023/990 862/895/862 866/899/866 991/1024/991
f 992/1025/992 990/1023/990 991/1024/991 993/1026/993
f 990/1023/990 992/1025/992 994/1027/994 995/1028/995
f 862/895/862 990/1023/990 995/1028/995 863/896/863
f 996/1029/996 997/1030/997 998/1031/998 999/1032/999
f 1000/1033/1000 996/1029/996 999/1032/999 1001/1034/1001
f 996/1029/996 1000/1033/1000 487/520/487 1002/1035/1002
f 997/1030/997 996/1029/996 1002/1035/1002 1003/1036/1003
f 1004/1037/1004 843/876/843 847/880/847 1005/1038/1005
f 997/1030/997 1004/1037/1004 1005/1038/1005 998/1031/998
f 1004/1037/1004 997/1030/997 1003/1036/1003 1006/1039/1006
f 843/876/843 1004/1037/1004 1006/1039/1006 844/877/844
f 1007/1040/1007 1008/1041/1008 1009/1042/1009 1010/1043/1010
f 827/860/827 1007/1040/1007 1010/1043/1010 828/861/828
f 1007/1040/1007 827/860/827 826/859/826 1011/1044/1011
f 1008/1041/1008 1007/1040/1007 1011/1044/1011 1012/1045/1012
f 1013/1046/1013 1014/1047/1014 722/755/722 1015/1048/1015
f 1008/1041/1008 1013/1046/1013 1015/1048/1015 1009/1042/1009
f 1013/1046/1013 1008/1041/1008 1012/1045/1012 1016/1049/1016
f 1014/1047/1014 1013/1046/1013 1016/1049/1016 482/515/482
f 1017/1050/1017 1018/1051/1018 1019/1052/1019 1020/1053/1020
f 86/86/86 1017/1050/1017 1020/1053/1020 87/87/87
f 1017/1050/1017 86/86/86 90/90/90 270/292/270
f 1018/1051/1018 1017/1050/1017 270/292/270 269/291/269
f 1021/1054/1021 93/93/93 87/87/87 1020/1053/1020
f 1022/1055/1022 1021/1054/1021 1020/1053/1020 1019/1052/1019
f 1021/1054/1021 1022/1055/1022 1023/1056/1023 1024/1057/1024
f 93/93/93 1021/1054/1021 1024/1057/1024 94/94/94
f 1025/1058/1025 1026/1059/1026 1027/1060/1027 1028/1061/1028
f 264/284/264 1025/1058/1025 1028/1061/1028 265/285/265
f 1025/1062/1025 264/293/264 90/90/90 89/89/89
f 1026/1063/1026 1025/1062/1025 89/89/89 84/84/84
f 1029/1064/1029 281/304/281 282/305/282 1030/1065/1030
f 1026/1059/1026 1029/1064/1029 1030/1065/1030 1027/1060/1027
f 1029/1066/1029 1026/1063/1026 84/84/84 83/83/83
f 281/307/281 1029/1066/1029 83/83/83 82/82/82
f 1031/1067/1031 1032/1068/1032 1027/1060/1027 1030/1065/1030
f 297/325/297 1031/1067/1031 1030/1065/1030 282/305/282
f 1031/1067/1031 297/325/297 299/327/299 1033/1069/1033
f 1032/1068/1032 1031/1067/1031 1033/1069/1033 1034/1070/1034
f 1035/1071/1035 273/296/273 265/285/265 1028/1061/1028
f 1032/1068/1032 1035/1071/1035 1028/1061/1028 1027/1060/1027
f 1035/1071/1035 1032/1068/1032 1034/1070/1034 1036/1072/1036
f 273/296/273 1035/1071/1035 1036/1072/1036 274/297/274
f 1037/1073/1037 1038/1074/1038 1039/1075/1039 1040/1076/1040
f 368/401/368 1037/1073/1037 1040/1076/1040 369/402/369
f 1037/1073/1037 368/401/368 274/297/274 1036/1072/1036
f 1038/1074/1038 1037/1073/1037 1036/1072/1036 1034/1070/1034
f 1041/1077/1041 377/410/377 378/411/378 1042/1078/1042
f 1038/1074/1038 1041/1077/1041 1042/1078/1042 1039/1075/1039
f 1041/1077/1041 1038/1074/1038 1034/1070/1034 1033/1069/1033
f 377/410/377 1041/1077/1041 1033/1069/1033 299/327/299
f 1043/1079/1043 1044/1080/1044 725/758/725 1045/1081/1045
f 474/507/474 1043/1079/1043 1045/1081/1045 475/508/475
f 1043/1079/1043 474/507/474 478/511/478 1046/1082/1046
f 1044/1080/1044 1043/1079/1043 1046/1082/1046 1047/1083/1047
f 1048/1084/1048 481/514/481 475/508/475 1045/1081/1045
f 723/756/723 1048/1084/1048 1045/1081/1045 725/758/725
f 1048/1084/1048 723/756/723 722/755/722 1014/1047/1014
f 481/514/481 1048/1084/1048 1014/1047/1014 482/515/482
f 1049/1085/1049 1050/1086/1050 1051/1087/1051 1052/1088/1052
f 637/670/637 1049/1085/1049 1052/1088/1052 638/671/638
f 1049/1085/1049 637/670/637 641/674/641 822/855/822
f 1050/1086/1050 1049/1085/1049 822/855/822 821/854/821
f 1053/1089/1053 644/677/644 638/671/638 1052/1088/1052
f 1054/1090/1054 1053/1089/1053 1052/1088/1052 1051/1087/1051
f 1053/1089/1053 1054/1090/1054 934/967/934 938/971/938
f 644/677/644 1053/1089/1053 938/971/938 645/678/645
f 1055/1091/1055 1056/1092/1056 1057/1093/1057 1058/1094/1058
f 795/828/795 1055/1091/1055 1058/1094/1058 796/829/796
f 1055/1091/1055 795/828/795 94/94/94 1024/1057/1024
f 1056/1092/1056 1055/1091/1055 1024/1057/1024 1023/1056/1023
f 1059/1095/1059 800/833/800 796/829/796 1058/1094/1058
f 1060/1096/1060 1059/1095/1059 1058/1094/1058 1057/1093/1057
f 1059/1095/1059 1060/1096/1060 1047/1083/1047 1046/1082/1046
f 800/833/800 1059/1095/1059 1046/1082/1046 478/511/478
f 1061/1097/1061 1062/1098/1062 1063/1099/1063 1064/1100/1064
f 816/849/816 1061/1097/1061 1064/1100/1064 817/850/817
f 1061/1097/1061 816/849/816 641/674/641 640/673/640
f 1062/1098/1062 1061/1097/1061 640/673/640 629/662/629
f 1065/1101/1065 628/661/628 635/668/635 836/869/836
f 1066/1102/1066 1065/1101/1065 836/869/836 835/868/835
f 1065/1101/1065 1066/1102/1066 1063/1099/1063 1062/1098/1062
f 628/661/628 1065/1101/1065 1062/1098/1062 629/662/629
f 1067/1103/1067 845/878/845 844/877/844 1068/1104/1068
f 1069/1105/1069 1067/1103/1067 1068/1104/1068 1070/1106/1070
f 1067/1103/1067 1069/1105/1069 1063/1099/1063 1066/1102/1066
f 845/878/845 1067/1103/1067 1066/1102/1066 835/868/835
f 1071/1107/1071 825/858/825 817/850/817 1064/1100/1064
f 1069/1105/1069 1071/1107/1071 1064/1100/1064 1063/1099/1063
f 1071/1107/1071 1069/1105/1069 1070/1106/1070 1072/1108/1072
f 825/858/825 1071/1107/1071 1072/1108/1072 826/859/826
f 1073/1109/1073 1074/1110/1074 1075/1111/1075 1076/1112/1076
f 922/955/922 1073/1109/1073 1076/1112/1076 923/956/923
f 1073/1109/1073 922/955/922 651/684/651 650/683/650
f 1074/1110/1074 1073/1109/1073 650/683/650 647/680/647
f 1077/1113/1077 941/974/941 940/973/940 1078/1114/1078
f 1074/1110/1074 1077/1113/1077 1078/1114/1078 1075/1111/1075
f 1077/1113/1077 1074/1110/1074 647/680/647 646/679/646
f 941/974/941 1077/1113/1077 646/679/646 645/678/645
f 1079/1115/1079 1080/1116/1080 1081/1117/1081 1082/1118/1082
f 1011/1044/1011 1079/1115/1079 1082/1118/1082 1012/1045/1012
f 1079/1115/1079 1011/1044/1011 826/859/826 1072/1108/1072
f 1080/1116/1080 1079/1115/1079 1072/1108/1072 1070/1106/1070
f 1083/1119/1083 1016/1049/1016 1012/1045/1012 1082/1118/1082
f 1084/1120/1084 1083/1119/1083 1082/1118/1082 1081/1117/1081
f 1083/1119/1083 1084/1120/1084 484/517/484 483/516/483
f 1016/1049/1016 1083/1119/1083 483/516/483 482/515/482
f 1085/1121/1085 1086/1122/1086 1087/1123/1087 1088/1124/1088
f 61/61/61 1085/1121/1085 1088/1124/1088 62/62/62
f 1085/1121/1085 61/61/61 65/65/65 289/316/289
f 1086/1122/1086 1085/1121/1085 289/316/289 284/310/284
f 1089/1125/1089 80/80/80 81/81/81 1090/1126/1090
f 1086/1122/1086 1089/1125/1089 1090/1126/1090 1087/1123/1087
f 1089/1125/1089 1086/1122/1086 284/310/284 283/308/283
f 80/80/80 1089/1125/1089 283/308/283 82/82/82
f 1091/1127/1091 1092/1128/1092 1087/1123/1087 1090/1126/1090
f 98/98/98 1091/1127/1091 1090/1126/1090 81/81/81
f 1091/1127/1091 98/98/98 100/100/100 1093/1129/1093
f 1092/1128/1092 1091/1127/1091 1093/1129/1093 1094/1130/1094
f 1095/1131/1095 68/68/68 62/62/62 1088/1124/1088
f 1092/1128/1092 1095/1131/1095 1088/1124/1088 1087/1123/1087
f 1095/1131/1095 1092/1128/1092 1094/1130/1094 1096/1132/1096
f 68/68/68 1095/1131/1095 1096/1132/1096 69/69/69
f 1097/1133/1097 1098/1134/1098 1099/1135/1099 1100/1136/1100
f 286/312/286 1097/1133/1097 1100/1136/1100 287/313/287
f 1097/1137/1097 286/317/286 65/65/65 64/64/64
f 1098/1138/1098 1097/1137/1097 64/64/64 59/59/59
f 1101/1139/1101 304/332/304 305/333/305 1102/1140/1102
f 1098/1134/1098 1101/1139/1101 1102/1140/1102 1099/1135/1099
f 1101/1141/1101 1098/1138/1098 59/59/59 58/58/58
f 304/335/304 1101/1141/1101 58/58/58 57/57/57
f 1103/1142/1103 1104/1143/1104 1099/1135/1099 1102/1140/1102
f 320/353/320 1103/1142/1103 1102/1140/1102 305/333/305
f 1103/1142/1103 320/353/320 322/355/322 1105/1144/1105
f 1104/1143/1104 1103/1142/1103 1105/1144/1105 1106/1145/1106
f 1107/1146/1107 292/320/292 287/313/287 1100/1136/1100
f 1104/1143/1104 1107/1146/1107 1100/1136/1100 1099/1135/1099
f 1107/1146/1107 1104/1143/1104 1106/1145/1106 1108/1147/1108
f 292/320/292 1107/1146/1107 1108/1147/1108 293/321/293
f 1109/1148/1109 1110/1149/1110 1111/1150/1111 1112/1151/1112
f 380/413/380 1109/1148/1109 1112/1151/1112 381/414/381
f 1109/1148/1109 380/413/380 293/321/293 1108/1147/1108
f 1110/1149/1110 1109/1148/1109 1108/1147/1108 1106/1145/1106
f 1113/1152/1113 387/420/387 388/421/388 1114/1153/1114
f 1110/1149/1110 1113/1152/1113 1114/1153/1114 1111/1150/1111
f 1113/1152/1113 1110/1149/1110 1106/1145/1106 1105/1144/1105
f 387/420/387 1113/1152/1113 1105/1144/1105 322/355/322
f 1115/1154/1115 1116/1155/1116 1117/1156/1117 1118/1157/1118
f 449/482/449 1115/1154/1115 1118/1157/1118 450/483/450
f 1115/1154/1115 449/482/449 453/486/453 1119/1158/1119
f 1116/1155/1116 1115/1154/1115 1119/1158/1119 1120/1159/1120
f 1121/1160/1121 465/498/465 472/505/472 1122/1161/1122
f 1116/1155/1116 1121/1160/1121 1122/1161/1122 1117/1156/1117
f 1121/1160/1121 1116/1155/1116 1120/1159/1120 1123/1162/1123
f 465/498/465 1121/1160/1121 1123/1162/1123 466/499/466
f 1124/1163/1124 1000/1033/1000 1001/1034/1001 1125/1164/1125
f 1122/1161/1122 1124/1163/1124 1125/1164/1125 1117/1156/1117
f 1124/1163/1124 1122/1161/1122 472/505/472 488/521/488
f 1000/1033/1000 1124/1163/1124 488/521/488 487/520/487
f 1126/1165/1126 1127/1166/1127 459/492/459 458/491/458
f 1118/1157/1118 1126/1165/1126 458/491/458 450/483/450
f 1126/1165/1126 1118/1157/1118 1117/1156/1117 1125/1164/1125
f 1127/1166/1127 1126/1165/1126 1125/1164/1125 1001/1034/1001
f 1128/1167/1128 838/871/838 831/864/831 1129/1168/1129
f 1130/1169/1130 1128/1167/1128 1129/1168/1129 1131/1170/1131
f 1128/1167/1128 1130/1169/1130 616/649/616 614/647/614
f 838/871/838 1128/1167/1128 614/647/614 613/646/613
f 1132/1171/1132 830/863/830 635/668/635 634/667/634
f 1133/1172/1133 1132/1171/1132 634/667/634 633/666/633
f 1132/1171/1132 1133/1172/1133 1131/1170/1131 1129/1168/1129
f 830/863/830 1132/1171/1132 1129/1168/1129 831/864/831
f 1134/1173/1134 1135/1174/1135 1131/1170/1131 1133/1172/1133
f 649/682/649 1134/1173/1134 1133/1172/1133 633/666/633
f 1134/1173/1134 649/682/649 651/684/651 920/953/920
f 1135/1174/1135 1134/1173/1134 920/953/920 921/954/921
f 1136/1175/1136 619/652/619 616/649/616 1130/1169/1130
f 1135/1174/1135 1136/1175/1136 1130/1169/1130 1131/1170/1131
f 1136/1175/1136 1135/1174/1135 921/954/921 925/958/925
f 619/652/619 1136/1175/1136 925/958/925 620/653/620
f 1137/1176/1137 1138/1177/1138 1139/1178/1139 1140/1179/1140
f 780/813/780 1137/1176/1137 1140/1179/1140 781/814/781
f 1137/1176/1137 780/813/780 69/69/69 1096/1132/1096
f 1138/1177/1138 1137/1176/1137 1096/1132/1096 1094/1130/1094
f 1141/1180/1141 792/825/792 793/826/793 1142/1181/1142
f 1138/1177/1138 1141/1180/1141 1142/1181/1142 1139/1178/1139
f 1141/1180/1141 1138/1177/1138 1094/1130/1094 1093/1129/1093
f 792/825/792 1141/1180/1141 1093/1129/1093 100/100/100
f 1143/1182/1143 1144/1183/1144 1139/1178/1139 1142/1181/1142
f 802/835/802 1143/1182/1143 1142/1181/1142 793/826/793
f 1143/1182/1143 802/835/802 466/499/466 1123/1162/1123
f 1144/1183/1144 1143/1182/1143 1123/1162/1123 1120/1159/1120
f 1145/1184/1145 785/818/785 781/814/781 1140/1179/1140
f 1144/1183/1144 1145/1184/1145 1140/1179/1140 1139/1178/1139
f 1145/1184/1145 1144/1183/1144 1120/1159/1120 1119/1158/1119
f 785/818/785 1145/1184/1145 1119/1158/1119 453/486/453
f 1146/1185/1146 603/636/603 610/643/610 855/888/855
f 1147/1186/1147 1146/1185/1146 855/888/855 854/887/854
f 1146/1185/1146 1147/1186/1147 1148/1187/1148 1149/1188/1149
f 603/636/603 1146/1185/1146 1149/1188/1149 604/637/604
f 1150/1189/1150 1151/1190/1151 1152/1191/1152 1153/1192/1153
f 1147/1186/1147 1150/1189/1150 1153/1192/1153 1148/1187/1148
f 1150/1189/1150 1147/1186/1147 854/887/854 864/897/864
f 1151/1190/1151 1150/1189/1150 864/897/864 863/896/863
f 1154/1193/1154 1155/1194/1155 1156/1195/1156 1157/1196/1157
f 909/942/909 1154/1193/1154 1157/1196/1157 910/943/910
f 1154/1193/1154 909/942/909 626/659/626 625/658/625
f 1155/1194/1155 1154/1193/1154 625/658/625 622/655/622
f 1158/1197/1158 928/961/928 927/960/927 1159/1198/1159
f 1155/1194/1155 1158/1197/1158 1159/1198/1159 1156/1195/1156
f 1158/1197/1158 1155/1194/1155 622/655/622 621/654/621
f 928/961/928 1158/1197/1158 621/654/621 620/653/620
f 1160/1199/1160 1151/1190/1151 863/896/863 995/1028/995
f 1161/1200/1161 1160/1199/1160 995/1028/995 994/1027/994
f 1160/1199/1160 1161/1200/1161 1162/1201/1162 1163/1202/1163
f 1151/1190/1151 1160/1199/1160 1163/1202/1163 1152/1191/1152
f 1164/1203/1164 461/494/461 456/489/456 1165/1204/1165
f 1161/1200/1161 1164/1203/1164 1165/1204/1165 1162/1201/1162
f 1164/1203/1164 1161/1200/1161 994/1027/994 1166/1205/1166
f 461/494/461 1164/1203/1164 1166/1205/1166 462/495/462
f 1167/1206/1167 1168/1207/1168 37/37/37 36/36/36
f 310/341/310 1167/1206/1167 36/36/36 40/40/40
f 1167/1206/1167 310/341/310 307/338/307 1169/1208/1169
f 1168/1207/1168 1167/1206/1167 1169/1208/1169 1170/1209/1170
f 1171/1210/1171 55/55/55 56/56/56 1172/1211/1172
f 1169/1208/1169 1171/1210/1171 1172/1211/1172 1170/1209/1170
f 1171/1210/1171 1169/1208/1169 307/338/307 306/336/306
f 55/55/55 1171/1210/1171 306/336/306 57/57/57
f 1173/1212/1173 1174/1213/1174 1170/1209/1170 1172/1211/1172
f 73/73/73 1173/1212/1173 1172/1211/1172 56/56/56
f 1173/1212/1173 73/73/73 75/75/75 1175/1214/1175
f 1174/1213/1174 1173/1212/1173 1175/1214/1175 1176/1215/1176
f 1177/1216/1177 1168/1207/1168 1170/1209/1170 1174/1213/1174
f 1178/1217/1178 1177/1216/1177 1174/1213/1174 1176/1215/1176
f 1177/1216/1177 1178/1217/1178 44/44/44 43/43/43
f 1168/1207/1168 1177/1216/1177 43/43/43 37/37/37
f 1179/1218/1179 1180/1219/1180 1181/1220/1181 1182/1221/1182
f 311/344/311 1179/1218/1179 1182/1221/1182 312/345/312
f 1179/1222/1179 311/343/311 40/40/40 39/39/39
f 1180/1223/1180 1179/1222/1179 39/39/39 34/34/34
f 1183/1224/1183 181/181/181 182/182/182 1184/1225/1184
f 1180/1219/1180 1183/1224/1183 1184/1225/1184 1181/1220/1181
f 1183/1226/1183 1180/1223/1180 34/34/34 33/33/33
f 181/184/181 1183/1226/1183 33/33/33 32/32/32
f 1185/1227/1185 1186/1228/1186 1181/1220/1181 1184/1225/1184
f 197/202/197 1185/1227/1185 1184/1225/1184 182/182/182
f 1185/1227/1185 197/202/197 199/204/199 1187/1229/1187
f 1186/1228/1186 1185/1227/1185 1187/1229/1187 1188/1230/1188
f 1189/1231/1189 314/347/314 312/345/312 1182/1221/1182
f 1186/1228/1186 1189/1231/1189 1182/1221/1182 1181/1220/1181
f 1189/1231/1189 1186/1228/1186 1188/1230/1188 1190/1232/1190
f 314/347/314 1189/1231/1189 1190/1232/1190 316/349/316
f 1191/1233/1191 1192/1234/1192 1193/1235/1193 1194/1236/1194
f 391/424/391 1191/1233/1191 1194/1236/1194 392/425/392
f 1191/1233/1191 391/424/391 316/349/316 1190/1232/1190
f 1192/1234/1192 1191/1233/1191 1190/1232/1190 1188/1230/1188
f 1195/1237/1195 327/360/327 328/361/328 1196/1238/1196
f 1192/1234/1192 1195/1237/1195 1196/1238/1196 1193/1235/1193
f 1195/1237/1195 1192/1234/1192 1188/1230/1188 1187/1229/1187
f 327/360/327 1195/1237/1195 1187/1229/1187 199/204/199
f 1197/1239/1197 424/457/424 428/461/428 1198/1240/1198
f 1199/1241/1199 1197/1239/1197 1198/1240/1198 1200/1242/1200
f 1197/1239/1197 1199/1241/1199 1201/1243/1201 1202/1244/1202
f 424/457/424 1197/1239/1197 1202/1244/1202 425/458/425
f 1203/1245/1203 443/476/443 444/477/444 1204/1246/1204
f 1199/1241/1199 1203/1245/1203 1204/1246/1204 1201/1243/1201
f 1203/1245/1203 1199/1241/1199 1200/1242/1200 1205/1247/1205
f 443/476/443 1203/1245/1203 1205/1247/1205 445/478/445
f 1206/1248/1206 1207/1249/1207 1208/1250/1208 1209/1251/1209
f 1204/1246/1204 1206/1248/1206 1209/1251/1209 1201/1243/1201
f 1206/1248/1206 1204/1246/1204 444/477/444 463/496/463
f 1207/1249/1207 1206/1248/1206 463/496/463 462/495/462
f 1210/1252/1210 1211/1253/1211 434/467/434 433/466/433
f 1202/1244/1202 1210/1252/1210 433/466/433 425/458/425
f 1210/1252/1210 1202/1244/1202 1201/1243/1201 1209/1251/1209
f 1211/1253/1211 1210/1252/1210 1209/1251/1209 1208/1250/1208
f 1212/1254/1212 857/890/857 850/883/850 1213/1255/1213
f 1214/1256/1214 1212/1254/1212 1213/1255/1213 1215/1257/1215
f 1212/1254/1212 1214/1256/1214 588/621/588 587/620/587
f 857/890/857 1212/1254/1212 587/620/587 591/624/591
f 1216/1258/1216 849/882/849 610/643/610 609/642/609
f 1217/1259/1217 1216/1258/1216 609/642/609 608/641/608
f 1216/1258/1216 1217/1259/1217 1215/1257/1215 1213/1255/1213
f 849/882/849 1216/1258/1216 1213/1255/1213 850/883/850
f 1218/1260/1218 1219/1261/1219 1215/1257/1215 1217/1259/1217
f 624/657/624 1218/1260/1218 1217/1259/1217 608/641/608
f 1218/1260/1218 624/657/624 626/659/626 907/940/907
f 1219/1261/1219 1218/1260/1218 907/940/907 908/941/908
f 1220/1262/1220 1214/1256/1214 1215/1257/1215 1219/1261/1219
f 915/948/915 1220/1262/1220 1219/1261/1219 908/941/908
f 1220/1262/1220 915/948/915 595/628/595 594/627/594
f 1214/1256/1214 1220/1262/1220 594/627/594 588/621/588
f 1221/1263/1221 1222/1264/1222 766/799/766 765/798/765
f 1178/1217/1178 1221/1263/1221 765/798/765 44/44/44
f 1221/1263/1221 1178/1217/1178 1176/1215/1176 1223/1265/1223
f 1222/1264/1222 1221/1263/1221 1223/1265/1223 1224/1266/1224
f 1225/1267/1225 777/810/777 778/811/778 1226/1268/1226
f 1223/1265/1223 1225/1267/1225 1226/1268/1226 1224/1266/1224
f 1225/1267/1225 1223/1265/1223 1176/1215/1176 1175/1214/1175
f 777/810/777 1225/1267/1225 1175/1214/1175 75/75/75
f 1227/1269/1227 1228/1270/1228 1224/1266/1224 1226/1268/1226
f 787/820/787 1227/1269/1227 1226/1268/1226 778/811/778
f 1227/1269/1227 787/820/787 445/478/445 1205/1247/1205
f 1228/1270/1228 1227/1269/1227 1205/1247/1205 1200/1242/1200
f 1229/1271/1229 1222/1264/1222 1224/1266/1224 1228/1270/1228
f 1198/1240/1198 1229/1271/1229 1228/1270/1228 1200/1242/1200
f 1229/1271/1229 1198/1240/1198 428/461/428 770/803/770
f 1222/1264/1222 1229/1271/1229 770/803/770 766/799/766
f 1230/1272/1230 858/891/858 591/624/591 590/623/590
f 1231/1273/1231 1230/1272/1230 590/623/590 583/616/583
f 1230/1272/1230 1231/1273/1231 1232/1274/1232 1233/1275/1233
f 858/891/858 1230/1272/1230 1233/1275/1233 860/893/860
f 1234/1276/1234 581/614/581 582/615/582 874/907/874
f 1235/1277/1235 1234/1276/1234 874/907/874 873/906/873
f 1234/1276/1234 1235/1277/1235 1232/1274/1232 1231/1273/1231
f 581/614/581 1234/1276/1234 1231/1273/1231 583/616/583
f 1236/1278/1236 1237/1279/1237 1238/1280/1238 1239/1281/1239
f 1233/1275/1233 1236/1278/1236 1239/1281/1239 860/893/860
f 1236/1278/1236 1233/1275/1233 1232/1274/1232 1240/1282/1240
f 1237/1279/1237 1236/1278/1236 1240/1282/1240 1241/1283/1241
f 1242/1284/1242 1243/1285/1243 897/930/897 896/929/896
f 599/632/599 1242/1284/1242 896/929/896 600/633/600
f 1242/1284/1242 599/632/599 597/630/597 1244/1286/1244
f 1243/1285/1243 1242/1284/1242 1244/1286/1244 1245/1287/1245
f 1246/1288/1246 914/947/914 913/946/913 1247/1289/1247
f 1244/1286/1244 1246/1288/1246 1247/1289/1247 1245/1287/1245
f 1246/1288/1246 1244/1286/1244 597/630/597 596/629/596
f 914/947/914 1246/1288/1246 596/629/596 595/628/595
f 1248/1290/1248 1237/1279/1237 1241/1283/1241 1249/1291/1249
f 1250/1292/1250 1248/1290/1248 1249/1291/1249 1251/1293/1251
f 1248/1290/1248 1250/1292/1250 1252/1294/1252 1253/1295/1253
f 1237/1279/1237 1248/1290/1248 1253/1295/1253 1238/1280/1238
f 1254/1296/1254 978/1011/978 437/470/437 436/469/436
f 1255/1297/1255 1254/1296/1254 436/469/436 431/464/431
f 1254/1296/1254 1255/1297/1255 1251/1293/1251 1256/1298/1256
f 978/1011/978 1254/1296/1254 1256/1298/1256 979/1012/979
f 1257/1299/1257 430/463/430 434/467/434 1258/1300/1258
f 1250/1292/1250 1257/1299/1257 1258/1300/1258 1252/1294/1252
f 1257/1299/1257 1250/1292/1250 1251/1293/1251 1255/1297/1255
f 430/463/430 1257/1299/1257 1255/1297/1255 431/464/431
f 1259/1301/1259 1260/1302/1260 1261/1303/1261 1262/1304/1262
f 14/14/14 1259/1301/1259 1262/1304/1262 15/15/15
f 1259/1301/1259 14/14/14 13/13/13 189/193/189
f 1260/1302/1260 1259/1301/1259 189/193/189 184/187/184
f 1263/1305/1263 30/30/30 31/31/31 1264/1306/1264
f 1260/1302/1260 1263/1305/1263 1264/1306/1264 1261/1303/1261
f 1263/1305/1263 1260/1302/1260 184/187/184 183/185/183
f 30/30/30 1263/1305/1263 183/185/183 32/32/32
f 1265/1307/1265 1266/1308/1266 1261/1303/1261 1264/1306/1264
f 48/48/48 1265/1307/1265 1264/1306/1264 31/31/31
f 1265/1307/1265 48/48/48 50/50/50 1267/1309/1267
f 1266/1308/1266 1265/1307/1265 1267/1309/1267 1268/1310/1268
f 1269/1311/1269 17/17/17 15/15/15 1262/1304/1262
f 1266/1308/1266 1269/1311/1269 1262/1304/1262 1261/1303/1261
f 1269/1311/1269 1266/1308/1266 1268/1310/1268 1270/1312/1270
f 17/17/17 1269/1311/1269 1270/1312/1270 19/19/19
f 1271/1313/1271 1272/1314/1272 187/190/187 186/189/186
f 12/12/12 1271/1315/1271 186/194/186 13/13/13
f 1271/1315/1271 12/12/12 9/9/9 1273/1316/1273
f 1272/1314/1272 1271/1313/1271 1273/1317/1273 1274/1318/1274
f 1275/1319/1275 203/208/203 202/207/202 1276/1320/1276
f 1273/1317/1273 1275/1319/1275 1276/1320/1276 1274/1318/1274
f 1275/1321/1275 1273/1316/1273 9/9/9 8/8/8
f 203/211/203 1275/1321/1275 8/8/8 7/7/7
f 1277/1322/1277 1278/1323/1278 1274/1318/1274 1276/1320/1276
f 1279/1324/1279 1277/1322/1277 1276/1320/1276 202/207/202
f 1277/1322/1277 1279/1324/1279 338/371/338 1280/1325/1280
f 1278/1323/1278 1277/1322/1277 1280/1325/1280 1281/1326/1281
f 1282/1327/1282 1272/1314/1272 1274/1318/1274 1278/1323/1278
f 1283/1328/1283 1282/1327/1282 1278/1323/1278 1281/1326/1281
f 1282/1327/1282 1283/1328/1283 193/198/193 192/197/192
f 1272/1314/1272 1282/1327/1282 192/197/192 187/190/187
f 1284/1329/1284 1285/1330/1285 331/364/331 330/363/330
f 1283/1328/1283 1284/1329/1284 330/363/330 193/198/193
f 1284/1329/1284 1283/1328/1283 1281/1326/1281 1286/1331/1286
f 1285/1330/1285 1284/1329/1284 1286/1331/1286 1287/1332/1287
f 1288/1333/1288 336/369/336 335/368/335 1289/1334/1289
f 1286/1331/1286 1288/1333/1288 1289/1334/1289 1287/1332/1287
f 1288/1333/1288 1286/1331/1286 1281/1326/1281 1280/1325/1280
f 336/369/336 1288/1333/1288 1280/1325/1280 338/371/338
f 1290/1335/1290 1291/1336/1291 1292/1337/1292 1293/1338/1293
f 406/439/406 1290/1335/1290 1293/1338/1293 407/440/407
f 1290/1335/1290 406/439/406 405/438/405 1294/1339/1294
f 1291/1336/1291 1290/1335/1290 1294/1339/1294 1295/1340/1295
f 1296/1341/1296 1291/1336/1291 1295/1340/1295 1297/1342/1297
f 415/448/415 1296/1341/1296 1297/1342/1297 416/449/416
f 1296/1341/1296 415/448/415 422/455/422 1298/1343/1298
f 1291/1336/1291 1296/1341/1296 1298/1343/1298 1292/1337/1292
f 1299/1344/1299 976/1009/976 977/1010/977 1300/1345/1300
f 1298/1343/1298 1299/1344/1299 1300/1345/1300 1292/1337/1292
f 1299/1344/1299 1298/1343/1298 422/455/422 438/471/438
f 976/1009/976 1299/1344/1299 438/471/438 437/470/437
f 1301/1346/1301 409/442/409 407/440/407 1293/1338/1293
f 1300/1345/1300 1301/1346/1301 1293/1338/1293 1292/1337/1292
f 1301/1346/1301 1300/1345/1300 977/1010/977 988/1021/988
f 409/442/409 1301/1346/1301 988/1021/988 411/444/411
f 1302/1347/1302 876/909/876 869/902/869 1303/1348/1303
f 1304/1349/1304 1302/1347/1302 1303/1348/1303 1305/1350/1305
f 1302/1347/1302 1304/1349/1304 566/599/566 565/598/565
f 876/909/876 1302/1347/1302 565/598/565 564/597/564
f 1306/1351/1306 580/613/580 579/612/579 1307/1352/1307
f 1303/1348/1303 1306/1351/1306 1307/1352/1307 1305/1350/1305
f 1306/1351/1306 1303/1348/1303 869/902/869 868/901/868
f 580/613/580 1306/1351/1306 868/901/868 582/615/582
f 1308/1353/1308 1309/1354/1309 1305/1350/1305 1307/1352/1307
f 601/634/601 1308/1353/1308 1307/1352/1307 579/612/579
f 1308/1353/1308 601/634/601 600/633/600 894/927/894
f 1309/1354/1309 1308/1353/1308 894/927/894 895/928/895
f 1310/1355/1310 568/601/568 566/599/566 1304/1349/1304
f 1309/1354/1309 1310/1355/1310 1304/1349/1304 1305/1350/1305
f 1310/1355/1310 1309/1354/1309 895/928/895 899/932/899
f 568/601/568 1310/1355/1310 899/932/899 570/603/570
f 1311/1356/1311 1312/1357/1312 1313/1358/1313 1314/1359/1314
f 751/784/751 1311/1356/1311 1314/1359/1314 752/785/752
f 1311/1356/1311 751/784/751 19/19/19 1270/1312/1270
f 1312/1357/1312 1311/1356/1311 1270/1312/1270 1268/1310/1268
f 1315/1360/1315 762/795/762 763/796/763 1316/1361/1316
f 1312/1357/1312 1315/1360/1315 1316/1361/1316 1313/1358/1313
f 1315/1360/1315 1312/1357/1312 1268/1310/1268 1267/1309/1267
f 762/795/762 1315/1360/1315 1267/1309/1267 50/50/50
f 1317/1362/1317 1318/1363/1318 1313/1358/1313 1316/1361/1316
f 772/805/772 1317/1362/1317 1316/1361/1316 763/796/763
f 1317/1362/1317 772/805/772 416/449/416 1297/1342/1297
f 1318/1363/1318 1317/1362/1317 1297/1342/1297 1295/1340/1295
f 1319/1364/1319 754/787/754 752/785/752 1314/1359/1314
f 1318/1363/1318 1319/1364/1319 1314/1359/1314 1313/1358/1313
f 1319/1364/1319 1318/1363/1318 1295/1340/1295 1294/1339/1294
f 754/787/754 1319/1364/1319 1294/1339/1294 405/438/405
f 1320/1365/1320 1321/1366/1321 879/912/879 877/910/877
f 563/596/563 1320/1365/1320 877/910/877 564/597/564
f 1320/1365/1320 563/596/563 560/593/560 1322/1367/1322
f 1321/1366/1321 1320/1365/1320 1322/1367/1322 1323/1368/1323
f 1324/1369/1324 739/772/739 740/773/740 1325/1370/1325
f 1322/1367/1322 1324/1369/1324 1325/1370/1325 1323/1368/1323
f 1324/1369/1324 1322/1367/1322 560/593/560 559/592/559
f 739/772/739 1324/1369/1324 559/592/559 558/591/558
f 1326/1371/1326 1327/1372/1327 1323/1368/1323 1325/1370/1325
f 1328/1373/1328 1326/1371/1326 1325/1370/1325 740/773/740
f 1326/1371/1326 1328/1373/1328 1329/1374/1329 1330/1375/1330
f 1327/1372/1327 1326/1371/1326 1330/1375/1330 1331/1376/1331
f 1332/1377/1332 1321/1366/1321 1323/1368/1323 1327/1372/1327
f 1333/1378/1333 1332/1377/1332 1327/1372/1327 1331/1376/1331
f 1332/1377/1332 1333/1378/1333 882/915/882 881/914/881
f 1321/1366/1321 1332/1377/1332 881/914/881 879/912/879
f 1334/1379/1334 1335/1380/1335 1336/1381/1336 1337/1382/1337
f 968/1001/968 1334/1379/1334 1337/1382/1337 969/1002/969
f 1334/1379/1334 968/1001/968 576/609/576 575/608/575
f 1335/1380/1335 1334/1379/1334 575/608/575 571/604/571
f 1338/1383/1338 1339/1384/1339 1336/1381/1336 1335/1380/1335
f 569/602/569 1338/1383/1338 1335/1380/1335 571/604/571
f 1338/1383/1338 569/602/569 570/603/570 902/935/902
f 1339/1384/1339 1338/1383/1338 902/935/902 901/934/901
f 1340/1385/1340 1341/1386/1341 985/1018/985 984/1017/984
f 1333/1378/1333 1340/1385/1340 984/1017/984 882/915/882
f 1340/1385/1340 1333/1378/1333 1331/1376/1331 1342/1387/1342
f 1341/1386/1341 1340/1385/1340 1342/1387/1342 1343/1388/1343
f 1344/1389/1344 1345/1390/1345 1346/1391/1346 1347/1392/1347
f 1342/1387/1342 1344/1389/1344 1347/1392/1347 1343/1388/1343
f 1344/1389/1344 1342/1387/1342 1331/1376/1331 1330/1375/1330
f 1345/1390/1345 1344/1389/1344 1330/1375/1330 1329/1374/1329
f 1348/1393/1348 1341/1386/1341 1343/1388/1343 1349/1394/1349
f 410/443/410 1348/1393/1348 1349/1394/1349 412/445/412
f 1348/1393/1348 410/443/410 411/444/411 989/1022/989
f 1341/1386/1341 1348/1393/1348 989/1022/989 985/1018/985
f 1350/1395/1350 1207/1249/1207 462/495/462 1166/1205/1166
f 992/1025/992 1350/1395/1350 1166/1205/1166 994/1027/994
f 1350/1395/1350 992/1025/992 993/1026/993 1351/1396/1351
f 1207/1249/1207 1350/1395/1350 1351/1396/1351 1208/1250/1208
f 1352/1397/1352 1211/1253/1211 1208/1250/1208 1351/1396/1351
f 1353/1398/1353 1352/1397/1352 1351/1396/1351 993/1026/993
f 1352/1397/1352 1353/1398/1353 1252/1294/1252 1258/1300/1258
f 1211/1253/1211 1352/1397/1352 1258/1300/1258 434/467/434
f 1354/1399/1354 1353/1398/1353 993/1026/993 991/1024/991
f 1355/1400/1355 1354/1399/1354 991/1024/991 866/899/866
f 1354/1399/1354 1355/1400/1355 1238/1280/1238 1253/1295/1253
f 1353/1398/1353 1354/1399/1354 1253/1295/1253 1252/1294/1252
f 1356/1401/1356 1355/1400/1355 866/899/866 865/898/865
f 859/892/859 1356/1401/1356 865/898/865 853/886/853
f 1356/1401/1356 859/892/859 860/893/860 1239/1281/1239
f 1355/1400/1355 1356/1401/1356 1239/1281/1239 1238/1280/1238
f 1357/1402/1357 1256/1298/1256 1251/1293/1251 1249/1291/1249
f 1358/1403/1358 1357/1402/1357 1249/1291/1249 1241/1283/1241
f 1357/1402/1357 1358/1403/1358 888/921/888 982/1015/982
f 1256/1298/1256 1357/1402/1357 982/1015/982 979/1012/979
f 1359/1404/1359 1358/1403/1358 1241/1283/1241 1240/1282/1240
f 1235/1277/1235 1359/1404/1359 1240/1282/1240 1232/1274/1232
f 1359/1404/1359 1235/1277/1235 873/906/873 889/922/889
f 1358/1403/1358 1359/1404/1359 889/922/889 888/921/888
f 1360/1405/1360 1127/1166/1127 1001/1034/1001 999/1032/999
f 1361/1406/1361 1360/1405/1360 999/1032/999 998/1031/998
f 1360/1405/1360 1361/1406/1361 1362/1407/1362 1363/1408/1363
f 1127/1166/1127 1360/1405/1360 1363/1408/1363 459/492/459
f 1364/1409/1364 1361/1406/1361 998/1031/998 1005/1038/1005
f 1365/1410/1365 1364/1409/1364 1005/1038/1005 847/880/847
f 1364/1409/1364 1365/1410/1365 1366/1411/1366 1367/1412/1367
f 1361/1406/1361 1364/1409/1364 1367/1412/1367 1362/1407/1362
f 1368/1413/1368 1365/1410/1365 847/880/847 846/879/846
f 840/873/840 1368/1413/1368 846/879/846 834/867/834
f 1368/1413/1368 840/873/840 841/874/841 1369/1414/1369
f 1365/1410/1365 1368/1413/1368 1369/1414/1369 1366/1411/1366
f 1370/1415/1370 680/713/680 675/708/675 673/706/673
f 1371/1416/1371 1370/1415/1370 673/706/673 521/554/521
f 1370/1415/1370 1371/1416/1371 692/725/692 691/724/691
f 680/713/680 1370/1415/1370 691/724/691 681/714/681
f 1372/1417/1372 1371/1416/1371 521/554/521 520/553/520
f 1373/1418/1373 1372/1417/1372 520/553/520 524/557/524
f 1372/1417/1372 1373/1418/1373 1374/1419/1374 1375/1420/1375
f 1371/1416/1371 1372/1417/1372 1375/1420/1375 692/725/692
f 1376/1421/1376 687/720/687 692/725/692 1375/1420/1375
f 1377/1422/1377 1376/1421/1376 1375/1420/1375 1374/1419/1374
f 1376/1421/1376 1377/1422/1377 542/575/542 540/573/540
f 687/720/687 1376/1421/1376 540/573/540 539/572/539
f 1378/1423/1378 147/147/147 135/135/135 234/248/234
f 226/237/226 1378/1424/1378 234/247/234 227/238/227
f 1378/1424/1378 226/237/226 217/225/217 216/224/216
f 147/147/147 1378/1423/1378 216/230/216 148/148/148
f 1379/1425/1379 486/519/486 484/517/484 1084/1120/1084
f 1380/1426/1380 1379/1425/1379 1084/1120/1084 1081/1117/1081
f 1379/1425/1379 1380/1426/1380 1003/1036/1003 1002/1035/1002
f 486/519/486 1379/1425/1379 1002/1035/1002 487/520/487
f 1381/1427/1381 1380/1426/1380 1081/1117/1081 1080/1116/1080
f 1068/1104/1068 1381/1427/1381 1080/1116/1080 1070/1106/1070
f 1381/1427/1381 1068/1104/1068 844/877/844 1006/1039/1006
f 1380/1426/1380 1381/1427/1381 1006/1039/1006 1003/1036/1003
f 1382/1428/1382 455/488/455 459/492/459 1363/1408/1363
f 1383/1429/1383 1382/1428/1382 1363/1408/1363 1362/1407/1362
f 1382/1428/1382 1383/1429/1383 1162/1201/1162 1165/1204/1165
f 455/488/455 1382/1428/1382 1165/1204/1165 456/489/456
f 1384/1430/1384 1383/1429/1383 1362/1407/1362 1367/1412/1367
f 1385/1431/1385 1384/1430/1384 1367/1412/1367 1366/1411/1366
f 1384/1430/1384 1385/1431/1385 1152/1191/1152 1163/1202/1163
f 1383/1429/1383 1384/1430/1384 1163/1202/1163 1162/1201/1162
f 1386/1432/1386 1385/1431/1385 1366/1411/1366 1369/1414/1369
f 1387/1433/1387 1386/1432/1386 1369/1414/1369 841/874/841
f 1386/1432/1386 1387/1433/1387 1148/1187/1148 1153/1192/1153
f 1385/1431/1385 1386/1432/1386 1153/1192/1153 1152/1191/1152
f 1388/1434/1388 1387/1433/1387 841/874/841 839/872/839
f 612/645/612 1388/1434/1388 839/872/839 613/646/613
f 1388/1434/1388 612/645/612 604/637/604 1149/1188/1149
f 1387/1433/1387 1388/1434/1388 1149/1188/1149 1148/1187/1148
f 1389/1435/1389 1390/1436/1390 1391/1437/1391 1392/1438/1392
f 523/556/523 1389/1435/1389 1392/1438/1392 524/557/524
f 1389/1435/1389 523/556/523 495/528/495 1393/1439/1393
f 1390/1436/1390 1389/1435/1389 1393/1439/1393 1394/1440/1394
f 1395/1441/1395 1396/1442/1396 1397/1443/1397 1398/1444/1398
f 1399/1445/1399 1395/1441/1395 1398/1444/1398 1400/1446/1400
f 1395/1441/1395 1399/1445/1399 1401/1447/1401 1402/1448/1402
f 1396/1442/1396 1395/1441/1395 1402/1448/1402 1403/1449/1403
f 1404/1450/1404 505/538/505 512/545/512 1405/1451/1405
f 145/145/145 1404/1450/1404 1405/1451/1405 119/119/119
f 1404/1450/1404 145/145/145 140/140/140 1406/1452/1406
f 505/538/505 1404/1450/1404 1406/1452/1406 506/539/506
f 1407/1453/1407 1408/1454/1408 1409/1455/1409 1410/1456/1410
f 1373/1418/1373 1407/1453/1407 1410/1456/1410 1374/1419/1374
f 1407/1453/1407 1373/1418/1373 524/557/524 1392/1438/1392
f 1408/1454/1408 1407/1453/1407 1392/1438/1392 1391/1437/1391
f 1411/1457/1411 1412/1458/1412 1413/1459/1413 1414/1460/1414
f 1415/1461/1415 1411/1457/1411 1414/1460/1414 1416/1462/1416
f 1411/1457/1411 1415/1461/1415 1400/1446/1400 1398/1444/1398
f 1412/1458/1412 1411/1457/1411 1398/1444/1398 1397/1443/1397
f 1417/1463/1417 514/547/514 506/539/506 1406/1452/1406
f 139/139/139 1417/1463/1417 1406/1452/1406 140/140/140
f 1417/1463/1417 139/139/139 143/143/143 1418/1464/1418
f 514/547/514 1417/1463/1417 1418/1464/1418 515/548/515
f 1419/1465/1419 1420/1466/1420 1421/1467/1421 1422/1468/1422
f 1377/1422/1377 1419/1465/1419 1422/1468/1422 542/575/542
f 1419/1465/1419 1377/1422/1377 1374/1419/1374 1410/1456/1410
f 1420/1466/1420 1419/1465/1419 1410/1456/1410 1409/1455/1409
f 1423/1469/1423 1424/1470/1424 1425/1471/1425 1426/1472/1426
f 1427/1473/1427 1423/1469/1423 1426/1472/1426 1428/1474/1428
f 1423/1469/1423 1427/1473/1427 1416/1462/1416 1414/1460/1414
f 1424/1470/1424 1423/1469/1423 1414/1460/1414 1413/1459/1413
f 1429/1475/1429 526/559/526 515/548/515 1418/1464/1418
f 165/165/165 1429/1475/1429 1418/1464/1418 143/143/143
f 1429/1475/1429 165/165/165 160/160/160 1430/1476/1430
f 526/559/526 1429/1475/1429 1430/1476/1430 527/560/527
f 1431/1477/1431 1432/1478/1432 1433/1479/1433 1434/1480/1434
f 541/574/541 1431/1477/1431 1434/1480/1434 543/576/543
f 1431/1477/1431 541/574/541 542/575/542 1422/1468/1422
f 1432/1478/1432 1431/1477/1431 1422/1468/1422 1421/1467/1421
f 1435/1481/1435 1436/1482/1436 1437/1483/1437 1438/1484/1438
f 1439/1485/1439 1435/1481/1435 1438/1484/1438 1440/1486/1440
f 1435/1481/1435 1439/1485/1439 1428/1474/1428 1426/1472/1426
f 1436/1482/1436 1435/1481/1435 1426/1472/1426 1425/1471/1425
f 1441/1487/1441 532/565/532 527/560/527 1430/1476/1430
f 159/159/159 1441/1487/1441 1430/1476/1430 160/160/160
f 1441/1487/1441 159/159/159 163/163/163 1442/1488/1442
f 532/565/532 1441/1487/1441 1442/1488/1442 533/566/533
f 1443/1489/1443 548/581/548 533/566/533 1442/1488/1442
f 1444/1490/1444 1443/1489/1443 1442/1488/1442 163/163/163
f 1443/1489/1443 1444/1490/1444 175/175/175 1445/1491/1445
f 548/581/548 1443/1489/1443 1445/1491/1445 549/582/549
f 1446/1492/1446 1447/1493/1447 398/431/398 396/429/396
f 413/446/413 1446/1492/1446 396/429/396 395/428/395
f 1446/1492/1446 413/446/413 412/445/412 1448/1494/1448
f 1447/1493/1447 1446/1492/1446 1448/1494/1448 1449/1495/1449
f 1450/1496/1450 1451/1497/1451 737/770/737 742/775/742
f 1434/1480/1434 1450/1496/1450 742/775/742 543/576/543
f 1450/1496/1450 1434/1480/1434 1433/1479/1433 1452/1498/1452
f 1451/1497/1451 1450/1496/1450 1452/1498/1452 1453/1499/1453
f 1454/1500/1454 1455/1501/1455 805/838/805 804/837/804
f 120/120/120 1454/1500/1454 804/837/804 121/121/121
f 1454/1500/1454 120/120/120 119/119/119 1405/1451/1405
f 1455/1501/1455 1454/1500/1454 1405/1451/1405 512/545/512
f 1456/1502/1456 1457/1503/1457 812/845/812 810/843/810
f 1455/1501/1455 1456/1502/1456 810/843/810 805/838/805
f 1456/1502/1456 1455/1501/1455 512/545/512 511/544/511
f 1457/1503/1457 1456/1502/1456 511/544/511 510/543/510
f 1458/1504/1458 1459/1505/1459 1394/1440/1394 1393/1439/1393
f 493/526/493 1458/1504/1458 1393/1439/1393 495/528/495
f 1458/1504/1458 493/526/493 494/527/494 732/765/732
f 1459/1505/1459 1458/1504/1458 732/765/732 731/764/731
f 1460/1506/1460 1461/1507/1461 1462/1508/1462 1463/1509/1463
f 1464/1510/1464 1460/1506/1460 1463/1509/1463 1465/1511/1465
f 1460/1506/1460 1464/1510/1464 1401/1447/1401 1466/1512/1466
f 1461/1507/1461 1460/1506/1460 1466/1512/1466 1467/1513/1467
f 1468/1514/1468 1469/1515/1469 1111/1150/1111 1114/1153/1114
f 386/419/386 1468/1514/1468 1114/1153/1114 388/421/388
f 1468/1514/1468 386/419/386 385/418/385 390/423/390
f 1469/1515/1469 1468/1514/1468 390/423/390 392/425/392
f 1470/1516/1470 1471/1517/1471 381/414/381 1112/1151/1112
f 1469/1515/1469 1470/1516/1470 1112/1151/1112 1111/1150/1111
f 1470/1516/1470 1469/1515/1469 392/425/392 1194/1236/1194
f 1471/1517/1471 1470/1516/1470 1194/1236/1194 1193/1235/1193
f 1472/1518/1472 1473/1519/1473 375/408/375 382/415/382
f 1471/1517/1471 1472/1518/1472 382/415/382 381/414/381
f 1472/1518/1472 1471/1517/1471 1193/1235/1193 1196/1238/1196
f 1473/1519/1473 1472/1518/1472 1196/1238/1196 328/361/328
f 1474/1520/1474 1475/1521/1475 378/411/378 376/409/376
f 1473/1519/1473 1474/1520/1474 376/409/376 375/408/375
f 1474/1520/1474 1473/1519/1473 328/361/328 326/359/326
f 1475/1521/1475 1474/1520/1474 326/359/326 325/358/325
f 1476/1522/1476 1477/1523/1477 1039/1075/1039 1042/1078/1042
f 1475/1521/1475 1476/1522/1476 1042/1078/1042 378/411/378
f 1476/1522/1476 1475/1521/1475 325/358/325 332/365/332
f 1477/1523/1477 1476/1522/1476 332/365/332 331/364/331
f 1478/1524/1478 1479/1525/1479 369/402/369 1040/1076/1040
f 1477/1523/1477 1478/1524/1478 1040/1076/1040 1039/1075/1039
f 1478/1524/1478 1477/1523/1477 331/364/331 1285/1330/1285
f 1479/1525/1479 1478/1524/1478 1285/1330/1285 1287/1332/1287
f 1480/1526/1480 1481/1527/1481 372/405/372 370/403/370
f 1479/1525/1479 1480/1526/1480 370/403/370 369/402/369
f 1480/1526/1480 1479/1525/1479 1287/1332/1287 1289/1334/1289
f 1481/1527/1481 1480/1526/1480 1289/1334/1289 335/368/335
f 1482/1528/1482 1483/1529/1483 372/405/372 1481/1527/1481
f 334/367/334 1482/1528/1482 1481/1527/1481 335/368/335
f 1482/1528/1482 334/367/334 340/373/340 1484/1530/1484
f 1483/1529/1483 1482/1528/1482 1484/1530/1484 366/399/366
f 1485/1531/1485 1486/1532/1486 358/391/358 362/395/362
f 1487/1533/1487 1485/1531/1485 362/395/362 361/394/361
f 1485/1531/1485 1487/1533/1487 346/379/346 344/377/344
f 1486/1532/1486 1485/1531/1485 344/377/344 343/376/343
f 1488/1534/1488 353/386/353 354/387/354 357/390/357
f 1486/1532/1486 1488/1534/1488 357/390/357 358/391/358
f 1488/1534/1488 1486/1532/1486 343/376/343 350/383/350
f 353/386/353 1488/1534/1488 350/383/350 349/382/349
f 1489/1535/1489 971/1004/971 966/999/966 1490/1536/1490
f 1491/1537/1491 1489/1535/1489 1490/1536/1490 1492/1538/1492
f 1489/1535/1489 1491/1537/1491 958/991/958 957/990/957
f 971/1004/971 1489/1535/1489 957/990/957 961/994/961
f 1493/1539/1493 1490/1536/1490 966/999/966 965/998/965
f 1494/1540/1494 1493/1539/1493 965/998/965 969/1002/969
f 1493/1539/1493 1494/1540/1494 1495/1541/1495 1496/1542/1496
f 1490/1536/1490 1493/1539/1493 1496/1542/1496 1492/1538/1492
f 1497/1543/1497 1494/1540/1494 969/1002/969 1337/1382/1337
f 1498/1544/1498 1497/1543/1497 1337/1382/1337 1336/1381/1336
f 1497/1543/1497 1498/1544/1498 1499/1545/1499 1500/1546/1500
f 1494/1540/1494 1497/1543/1497 1500/1546/1500 1495/1541/1495
f 1501/1547/1501 1498/1544/1498 1336/1381/1336 1339/1384/1339
f 1502/1548/1502 1501/1547/1501 1339/1384/1339 901/934/901
f 1501/1547/1501 1502/1548/1502 1503/1549/1503 1504/1550/1504
f 1498/1544/1498 1501/1547/1501 1504/1550/1504 1499/1545/1499
f 1505/1551/1505 1506/1552/1506 1507/1553/1507 1508/1554/1508
f 891/924/891 1505/1551/1505 1508/1554/1508 892/925/892
f 1505/1551/1505 891/924/891 897/930/897 1243/1285/1243
f 1506/1552/1506 1505/1551/1505 1243/1285/1243 1245/1287/1245
f 1509/1555/1509 1502/1548/1502 901/934/901 900/933/900
f 1508/1554/1508 1509/1555/1509 900/933/900 892/925/892
f 1509/1555/1509 1508/1554/1508 1507/1553/1507 1510/1556/1510
f 1502/1548/1502 1509/1555/1509 1510/1556/1510 1503/1549/1503
f 1511/1557/1511 1491/1537/1491 1492/1538/1492 1512/1558/1512
f 1513/1559/1513 1511/1557/1511 1512/1558/1512 1514/1560/1514
f 1511/1557/1511 1513/1559/1513 953/986/953 963/996/963
f 1491/1537/1491 1511/1557/1511 963/996/963 958/991/958
f 1515/1561/1515 1512/1558/1512 1492/1538/1492 1496/1542/1496
f 1516/1562/1516 1515/1561/1515 1496/1542/1496 1495/1541/1495
f 1515/1561/1515 1516/1562/1516 1517/1563/1517 1518/1564/1518
f 1512/1558/1512 1515/1561/1515 1518/1564/1518 1514/1560/1514
f 1519/1565/1519 1516/1562/1516 1495/1541/1495 1500/1546/1500
f 1520/1566/1520 1519/1565/1519 1500/1546/1500 1499/1545/1499
f 1519/1565/1519 1520/1566/1520 1521/1567/1521 1522/1568/1522
f 1516/1562/1516 1519/1565/1519 1522/1568/1522 1517/1563/1517
f 1523/1569/1523 1520/1566/1520 1499/1545/1499 1504/1550/1504
f 1524/1570/1524 1523/1569/1523 1504/1550/1504 1503/1549/1503
f 1523/1569/1523 1524/1570/1524 1525/1571/1525 1526/1572/1526
f 1520/1566/1520 1523/1569/1523 1526/1572/1526 1521/1567/1521
f 1527/1573/1527 1528/1574/1528 1529/1575/1529 1530/1576/1530
f 1506/1552/1506 1527/1573/1527 1530/1576/1530 1507/1553/1507
f 1527/1573/1527 1506/1552/1506 1245/1287/1245 1247/1289/1247
f 1528/1574/1528 1527/1573/1527 1247/1289/1247 913/946/913
f 1531/1577/1531 1524/1570/1524 1503/1549/1503 1510/1556/1510
f 1530/1576/1530 1531/1577/1531 1510/1556/1510 1507/1553/1507
f 1531/1577/1531 1530/1576/1530 1529/1575/1529 1532/1578/1532
f 1524/1570/1524 1531/1577/1531 1532/1578/1532 1525/1571/1525
f 1533/1579/1533 1513/1559/1513 1514/1560/1514 1534/1580/1534
f 1535/1581/1535 1533/1579/1533 1534/1580/1534 1536/1582/1536
f 1533/1579/1533 1535/1581/1535 950/983/950 949/982/949
f 1513/1559/1513 1533/1579/1533 949/982/949 953/986/953
f 1537/1583/1537 1534/1580/1534 1514/1560/1514 1518/1564/1518
f 1538/1584/1538 1537/1583/1537 1518/1564/1518 1517/1563/1517
f 1537/1583/1537 1538/1584/1538 1539/1585/1539 1540/1586/1540
f 1534/1580/1534 1537/1583/1537 1540/1586/1540 1536/1582/1536
f 1541/1587/1541 1538/1584/1538 1517/1563/1517 1522/1568/1522
f 1542/1588/1542 1541/1587/1541 1522/1568/1522 1521/1567/1521
f 1541/1587/1541 1542/1588/1542 1543/1589/1543 1544/1590/1544
f 1538/1584/1538 1541/1587/1541 1544/1590/1544 1539/1585/1539
f 1545/1591/1545 1542/1588/1542 1521/1567/1521 1526/1572/1526
f 1546/1592/1546 1545/1591/1545 1526/1572/1526 1525/1571/1525
f 1545/1591/1545 1546/1592/1546 1547/1593/1547 1548/1594/1548
f 1542/1588/1542 1545/1591/1545 1548/1594/1548 1543/1589/1543
f 1549/1595/1549 1550/1596/1550 1551/1597/1551 1552/1598/1552
f 1528/1574/1528 1549/1595/1549 1552/1598/1552 1529/1575/1529
f 1549/1595/1549 1528/1574/1528 913/946/913 912/945/912
f 1550/1596/1550 1549/1595/1549 912/945/912 905/938/905
f 1553/1599/1553 1546/1592/1546 1525/1571/1525 1532/1578/1532
f 1552/1598/1552 1553/1599/1553 1532/1578/1532 1529/1575/1529
f 1553/1599/1553 1552/1598/1552 1551/1597/1551 1554/1600/1554
f 1546/1592/1546 1553/1599/1553 1554/1600/1554 1547/1593/1547
f 1555/1601/1555 1535/1581/1535 1536/1582/1536 1556/1602/1556
f 1557/1603/1557 1555/1601/1555 1556/1602/1556 1558/1604/1558
f 1555/1601/1555 1557/1603/1557 947/980/947 955/988/955
f 1535/1581/1535 1555/1601/1555 955/988/955 950/983/950
f 1559/1605/1559 1556/1602/1556 1536/1582/1536 1540/1586/1540
f 1560/1606/1560 1559/1605/1559 1540/1586/1540 1539/1585/1539
f 1559/1605/1559 1560/1606/1560 1561/1607/1561 1562/1608/1562
f 1556/1602/1556 1559/1605/1559 1562/1608/1562 1558/1604/1558
f 1563/1609/1563 1560/1606/1560 1539/1585/1539 1544/1590/1544
f 1564/1610/1564 1563/1609/1563 1544/1590/1544 1543/1589/1543
f 1563/1609/1563 1564/1610/1564 1565/1611/1565 1566/1612/1566
f 1560/1606/1560 1563/1609/1563 1566/1612/1566 1561/1607/1561
f 1567/1613/1567 1564/1610/1564 1543/1589/1543 1548/1594/1548
f 1568/1614/1568 1567/1613/1567 1548/1594/1548 1547/1593/1547
f 1567/1613/1567 1568/1614/1568 1569/1615/1569 1570/1616/1570
f 1564/1610/1564 1567/1613/1567 1570/1616/1570 1565/1611/1565
f 1571/1617/1571 1572/1618/1572 1573/1619/1573 1574/1620/1574
f 1550/1596/1550 1571/1617/1571 1574/1620/1574 1551/1597/1551
f 1571/1617/1571 1550/1596/1550 905/938/905 904/937/904
f 1572/1618/1572 1571/1617/1571 904/937/904 910/943/910
f 1575/1621/1575 1568/1614/1568 1547/1593/1547 1554/1600/1554
f 1574/1620/1574 1575/1621/1575 1554/1600/1554 1551/1597/1551
f 1575/1621/1575 1574/1620/1574 1573/1619/1573 1576/1622/1576
f 1568/1614/1568 1575/1621/1575 1576/1622/1576 1569/1615/1569
f 1577/1623/1577 1557/1603/1557 1558/1604/1558 1578/1624/1578
f 1579/1625/1579 1577/1623/1577 1578/1624/1578 1580/1626/1580
f 1577/1623/1577 1579/1625/1579 944/977/944 943/976/943
f 1557/1603/1557 1577/1623/1577 943/976/943 947/980/947
f 1581/1627/1581 1579/1625/1579 1580/1626/1580 1582/1628/1582
f 930/963/930 1581/1627/1581 1582/1628/1582 931/964/931
f 1581/1627/1581 930/963/930 936/969/936 1583/1629/1583
f 1579/1625/1579 1581/1627/1581 1583/1629/1583 944/977/944
f 1584/1630/1584 1578/1624/1578 1558/1604/1558 1562/1608/1562
f 1585/1631/1585 1584/1630/1584 1562/1608/1562 1561/1607/1561
f 1584/1630/1584 1585/1631/1585 1586/1632/1586 1587/1633/1587
f 1578/1624/1578 1584/1630/1584 1587/1633/1587 1580/1626/1580
f 1588/1634/1588 1582/1628/1582 1580/1626/1580 1587/1633/1587
f 1589/1635/1589 1588/1634/1588 1587/1633/1587 1586/1632/1586
f 1588/1634/1588 1589/1635/1589 940/973/940 939/972/939
f 1582/1628/1582 1588/1634/1588 939/972/939 931/964/931
f 1590/1636/1590 1585/1631/1585 1561/1607/1561 1566/1612/1566
f 1591/1637/1591 1590/1636/1590 1566/1612/1566 1565/1611/1565
f 1590/1636/1590 1591/1637/1591 1592/1638/1592 1593/1639/1593
f 1585/1631/1585 1590/1636/1590 1593/1639/1593 1586/1632/1586
f 1594/1640/1594 1589/1635/1589 1586/1632/1586 1593/1639/1593
f 1595/1641/1595 1594/1640/1594 1593/1639/1593 1592/1638/1592
f 1594/1640/1594 1595/1641/1595 1075/1111/1075 1078/1114/1078
f 1589/1635/1589 1594/1640/1594 1078/1114/1078 940/973/940
f 1596/1642/1596 1591/1637/1591 1565/1611/1565 1570/1616/1570
f 1597/1643/1597 1596/1642/1596 1570/1616/1570 1569/1615/1569
f 1596/1642/1596 1597/1643/1597 1598/1644/1598 1599/1645/1599
f 1591/1637/1591 1596/1642/1596 1599/1645/1599 1592/1638/1592
f 1600/1646/1600 1595/1641/1595 1592/1638/1592 1599/1645/1599
f 1601/1647/1601 1600/1646/1600 1599/1645/1599 1598/1644/1598
f 1600/1646/1600 1601/1647/1601 923/956/923 1076/1112/1076
f 1595/1641/1595 1600/1646/1600 1076/1112/1076 1075/1111/1075
f 1602/1648/1602 1597/1643/1597 1569/1615/1569 1576/1622/1576
f 1603/1649/1603 1602/1648/1602 1576/1622/1576 1573/1619/1573
f 1602/1648/1602 1603/1649/1603 1604/1650/1604 1605/1651/1605
f 1597/1643/1597 1602/1648/1602 1605/1651/1605 1598/1644/1598
f 1606/1652/1606 1601/1647/1601 1598/1644/1598 1605/1651/1605
f 1607/1653/1607 1606/1652/1606 1605/1651/1605 1604/1650/1604
f 1606/1652/1606 1607/1653/1607 918/951/918 917/950/917
f 1601/1647/1601 1606/1652/1606 917/950/917 923/956/923
f 1608/1654/1608 1609/1655/1609 1604/1650/1604 1603/1649/1603
f 1572/1618/1572 1608/1654/1608 1603/1649/1603 1573/1619/1573
f 1608/1654/1608 1572/1618/1572 910/943/910 1157/1196/1157
f 1609/1655/1609 1608/1654/1608 1157/1196/1157 1156/1195/1156
f 1610/1656/1610 1609/1655/1609 1156/1195/1156 1159/1198/1159
f 926/959/926 1610/1656/1610 1159/1198/1159 927/960/927
f 1610/1656/1610 926/959/926 918/951/918 1607/1653/1607
f 1609/1655/1609 1610/1656/1610 1607/1653/1607 1604/1650/1604
f 1611/1657/1611 1612/1658/1612 1437/1483/1437 1613/1659/1613
f 547/580/547 1611/1657/1611 1613/1659/1613 536/569/536
f 1611/1657/1611 547/580/547 551/584/551 1614/1660/1614
f 1612/1658/1612 1611/1657/1611 1614/1660/1614 1615/1661/1615
f 1616/1662/1616 1617/1663/1617 1462/1508/1462 1618/1664/1618
f 730/763/730 1616/1662/1616 1618/1664/1618 731/764/731
f 1616/1662/1616 730/763/730 734/767/734 1619/1665/1619
f 1617/1663/1617 1616/1662/1616 1619/1665/1619 1620/1666/1620
f 1621/1667/1621 1622/1668/1622 1623/1669/1623 1624/1670/1624
f 1390/1436/1390 1621/1667/1621 1624/1670/1624 1391/1437/1391
f 1621/1667/1621 1390/1436/1390 1394/1440/1394 1625/1671/1625
f 1622/1668/1622 1621/1667/1621 1625/1671/1625 1467/1513/1467
f 1626/1672/1626 1396/1442/1396 1403/1449/1403 1627/1673/1627
f 508/541/508 1626/1672/1626 1627/1673/1627 510/543/510
f 1626/1672/1626 508/541/508 509/542/509 1628/1674/1628
f 1396/1442/1396 1626/1672/1626 1628/1674/1628 1397/1443/1397
f 1629/1675/1629 1630/1676/1630 1631/1677/1631 1632/1678/1632
f 1408/1454/1408 1629/1675/1629 1632/1678/1632 1409/1455/1409
f 1629/1675/1629 1408/1454/1408 1391/1437/1391 1624/1670/1624
f 1630/1676/1630 1629/1675/1629 1624/1670/1624 1623/1669/1623
f 1633/1679/1633 1412/1458/1412 1397/1443/1397 1628/1674/1628
f 517/550/517 1633/1679/1633 1628/1674/1628 509/542/509
f 1633/1679/1633 517/550/517 518/551/518 1634/1680/1634
f 1412/1458/1412 1633/1679/1633 1634/1680/1634 1413/1459/1413
f 1635/1681/1635 1636/1682/1636 1637/1683/1637 1638/1684/1638
f 1420/1466/1420 1635/1681/1635 1638/1684/1638 1421/1467/1421
f 1635/1681/1635 1420/1466/1420 1409/1455/1409 1632/1678/1632
f 1636/1682/1636 1635/1681/1635 1632/1678/1632 1631/1677/1631
f 1639/1685/1639 1424/1470/1424 1413/1459/1413 1634/1680/1634
f 529/562/529 1639/1685/1639 1634/1680/1634 518/551/518
f 1639/1685/1639 529/562/529 530/563/530 1640/1686/1640
f 1424/1470/1424 1639/1685/1639 1640/1686/1640 1425/1471/1425
f 1641/1687/1641 1642/1688/1642 1643/1689/1643 1644/1690/1644
f 1432/1478/1432 1641/1687/1641 1644/1690/1644 1433/1479/1433
f 1641/1687/1641 1432/1478/1432 1421/1467/1421 1638/1684/1638
f 1642/1688/1642 1641/1687/1641 1638/1684/1638 1637/1683/1637
f 1645/1691/1645 1436/1482/1436 1425/1471/1425 1640/1686/1640
f 535/568/535 1645/1691/1645 1640/1686/1640 530/563/530
f 1645/1691/1645 535/568/535 536/569/536 1613/1659/1613
f 1436/1482/1436 1645/1691/1645 1613/1659/1613 1437/1483/1437
f 1646/1692/1646 1647/1693/1647 1648/1694/1648 1649/1695/1649
f 1457/1503/1457 1646/1692/1646 1649/1695/1649 812/845/812
f 1646/1692/1646 1457/1503/1457 510/543/510 1627/1673/1627
f 1647/1693/1647 1646/1692/1646 1627/1673/1627 1403/1449/1403
f 1650/1696/1650 1461/1507/1461 1467/1513/1467 1625/1671/1625
f 1459/1505/1459 1650/1696/1650 1625/1671/1625 1394/1440/1394
f 1650/1696/1650 1459/1505/1459 731/764/731 1618/1664/1618
f 1461/1507/1461 1650/1696/1650 1618/1664/1618 1462/1508/1462
f 1651/1697/1651 1652/1698/1652 398/431/398 1447/1493/1447
f 1653/1699/1653 1651/1697/1651 1447/1493/1447 1449/1495/1449
f 1651/1697/1651 1653/1699/1653 1654/1700/1654 1655/1701/1655
f 1652/1698/1652 1651/1697/1651 1655/1701/1655 1615/1661/1615
f 1656/1702/1656 1657/1703/1657 1346/1391/1346 1345/1390/1345
f 1658/1704/1658 1656/1702/1656 1345/1390/1345 1329/1374/1329
f 1656/1702/1656 1658/1704/1658 1453/1499/1453 1659/1705/1659
f 1657/1703/1657 1656/1702/1656 1659/1705/1659 1660/1706/1660
f 1661/1707/1661 724/757/724 725/758/725 1044/1080/1044
f 1662/1708/1662 1661/1707/1661 1044/1080/1044 1047/1083/1047
f 1661/1707/1661 1662/1708/1662 813/846/813 1663/1709/1663
f 724/757/724 1661/1707/1661 1663/1709/1663 726/759/726
f 1664/1710/1664 1399/1445/1399 1400/1446/1400 1665/1711/1665
f 1622/1668/1622 1664/1710/1664 1665/1711/1665 1623/1669/1623
f 1664/1710/1664 1622/1668/1622 1467/1513/1467 1466/1512/1466
f 1399/1445/1399 1664/1710/1664 1466/1512/1466 1401/1447/1401
f 1666/1712/1666 1415/1461/1415 1416/1462/1416 1667/1713/1667
f 1630/1676/1630 1666/1712/1666 1667/1713/1667 1631/1677/1631
f 1666/1712/1666 1630/1676/1630 1623/1669/1623 1665/1711/1665
f 1415/1461/1415 1666/1712/1666 1665/1711/1665 1400/1446/1400
f 1668/1714/1668 1427/1473/1427 1428/1474/1428 1669/1715/1669
f 1636/1682/1636 1668/1714/1668 1669/1715/1669 1637/1683/1637
f 1668/1714/1668 1636/1682/1636 1631/1677/1631 1667/1713/1667
f 1427/1473/1427 1668/1714/1668 1667/1713/1667 1416/1462/1416
f 1670/1716/1670 1439/1485/1439 1440/1486/1440 1671/1717/1671
f 1642/1688/1642 1670/1716/1670 1671/1717/1671 1643/1689/1643
f 1670/1716/1670 1642/1688/1642 1637/1683/1637 1669/1715/1669
f 1439/1485/1439 1670/1716/1670 1669/1715/1669 1428/1474/1428
f 1672/1718/1672 1464/1510/1464 1465/1511/1465 1673/1719/1673
f 1647/1693/1647 1672/1718/1672 1673/1719/1673 1648/1694/1648
f 1672/1718/1672 1647/1693/1647 1403/1449/1403 1402/1448/1402
f 1464/1510/1464 1672/1718/1672 1402/1448/1402 1401/1447/1401
f 1674/1720/1674 1653/1699/1653 1449/1495/1449 1675/1721/1675
f 1657/1703/1657 1674/1720/1674 1675/1721/1675 1346/1391/1346
f 1674/1720/1674 1657/1703/1657 1660/1706/1660 1676/1722/1676
f 1653/1699/1653 1674/1720/1674 1676/1722/1676 1654/1700/1654
f 1677/1723/1677 1448/1494/1448 412/445/412 1349/1394/1349
f 1347/1392/1347 1677/1723/1677 1349/1394/1349 1343/1388/1343
f 1677/1723/1677 1347/1392/1347 1346/1391/1346 1675/1721/1675
f 1448/1494/1448 1677/1723/1677 1675/1721/1675 1449/1495/1449
f 1678/1724/1678 1679/1725/1679 1465/1511/1465 1463/1509/1463
f 1617/1663/1617 1678/1724/1678 1463/1509/1463 1462/1508/1462
f 1678/1724/1678 1617/1663/1617 1620/1666/1620 1680/1726/1680
f 1679/1725/1679 1678/1724/1678 1680/1726/1680 728/761/728
f 1681/1727/1681 105/105/105 106/106/106 1682/1728/1682
f 1018/1051/1018 1681/1727/1681 1682/1728/1682 1019/1052/1019
f 1681/1727/1681 1018/1051/1018 269/291/269 1683/1729/1683
f 105/105/105 1681/1727/1681 1683/1729/1683 107/107/107
f 1684/1730/1684 125/125/125 124/124/124 1685/1731/1685
f 1022/1055/1022 1684/1730/1684 1685/1731/1685 1023/1056/1023
f 1684/1730/1684 1022/1055/1022 1019/1052/1019 1682/1728/1682
f 125/125/125 1684/1730/1684 1682/1728/1682 106/106/106
f 1686/1732/1686 170/170/170 169/169/169 204/209/204
f 5/5/5 1686/1732/1686 204/209/204 7/7/7
f 1686/1732/1686 5/5/5 6/6/6 173/173/173
f 170/170/170 1686/1732/1686 173/173/173 171/171/171
f 1687/1733/1687 176/176/176 175/175/175 1444/1490/1444
f 162/162/162 1687/1733/1687 1444/1490/1444 163/163/163
f 1687/1733/1687 162/162/162 156/156/156 167/167/167
f 176/176/176 1687/1733/1687 167/167/167 171/171/171
f 1688/1734/1688 205/212/205 169/169/169 168/168/168
f 219/229/219 1688/1734/1688 168/168/168 155/155/155
f 1688/1735/1688 219/227/219 209/217/209 208/216/208
f 205/213/205 1688/1735/1688 208/216/208 206/214/206
f 1689/1736/1689 214/222/214 213/221/213 337/370/337
f 1279/1324/1279 1689/1736/1689 337/370/337 338/371/338
f 1689/1736/1689 1279/1324/1279 202/207/202 201/206/201
f 214/222/214 1689/1736/1689 201/206/201 206/214/206
f 1690/1737/1690 253/272/253 107/107/107 1683/1729/1683
f 267/290/267 1690/1737/1690 1683/1729/1683 269/291/269
f 1690/1738/1690 267/287/267 268/288/268 1691/1739/1691
f 253/273/253 1690/1738/1690 1691/1739/1691 254/274/254
f 1692/1740/1692 257/277/257 254/274/254 1691/1739/1691
f 272/295/272 1692/1740/1692 1691/1739/1691 268/288/268
f 1692/1740/1692 272/295/272 276/299/276 1693/1741/1693
f 257/277/257 1692/1740/1692 1693/1741/1693 258/278/258
f 1694/1742/1694 339/372/339 213/221/213 211/219/211
f 345/378/345 1694/1742/1694 211/219/211 212/220/212
f 1694/1742/1694 345/378/345 346/379/346 1695/1743/1695
f 339/372/339 1694/1742/1694 1695/1743/1695 340/373/340
f 1696/1744/1696 365/398/365 258/278/258 1693/1741/1693
f 371/404/371 1696/1744/1696 1693/1741/1693 276/299/276
f 1696/1744/1696 371/404/371 372/405/372 1483/1529/1483
f 365/398/365 1696/1744/1696 1483/1529/1483 366/399/366
f 1697/1745/1697 502/535/502 501/534/501 1698/1746/1698
f 819/852/819 1697/1745/1697 1698/1746/1698 821/854/821
f 1697/1745/1697 819/852/819 820/853/820 1699/1747/1699
f 502/535/502 1697/1745/1697 1699/1747/1699 503/536/503
f 1700/1748/1700 550/583/550 549/582/549 1701/1749/1701
f 757/790/757 1700/1748/1700 1701/1749/1701 748/781/748
f 1700/1748/1700 757/790/757 399/432/399 1702/1750/1702
f 550/583/550 1700/1748/1700 1702/1750/1702 551/584/551
f 1703/1751/1703 656/689/656 657/690/657 1704/1752/1704
f 1050/1086/1050 1703/1751/1703 1704/1752/1704 1051/1087/1051
f 1703/1751/1703 1050/1086/1050 821/854/821 1698/1746/1698
f 656/689/656 1703/1751/1703 1698/1746/1698 501/534/501
f 1705/1753/1705 671/704/671 670/703/670 933/966/933
f 1054/1090/1054 1705/1753/1705 933/966/933 934/967/934
f 1705/1753/1705 1054/1090/1054 1051/1087/1051 1704/1752/1704
f 671/704/671 1705/1753/1705 1704/1752/1704 657/690/657
f 1706/1754/1706 727/760/727 726/759/726 1707/1755/1707
f 1673/1719/1673 1706/1754/1706 1707/1755/1707 1648/1694/1648
f 1706/1754/1706 1673/1719/1673 1465/1511/1465 1679/1725/1679
f 727/760/727 1706/1754/1706 1679/1725/1679 728/761/728
f 1708/1756/1708 733/766/733 503/536/503 1699/1747/1699
f 824/857/824 1708/1756/1708 1699/1747/1699 820/853/820
f 1708/1756/1708 824/857/824 828/861/828 1709/1757/1709
f 733/766/733 1708/1756/1708 1709/1757/1709 734/767/734
f 1710/1758/1710 807/840/807 808/841/808 1711/1759/1711
f 1056/1092/1056 1710/1758/1710 1711/1759/1711 1057/1093/1057
f 1710/1758/1710 1056/1092/1056 1023/1056/1023 1685/1731/1685
f 807/840/807 1710/1758/1710 1685/1731/1685 124/124/124
f 1712/1760/1712 814/847/814 813/846/813 1662/1708/1662
f 1060/1096/1060 1712/1760/1712 1662/1708/1662 1047/1083/1047
f 1712/1760/1712 1060/1096/1060 1057/1093/1057 1711/1759/1711
f 814/847/814 1712/1760/1712 1711/1759/1711 808/841/808
f 1713/1761/1713 935/968/935 670/703/670 669/702/669
f 945/978/945 1713/1761/1713 669/702/669 667/700/667
f 1713/1761/1713 945/978/945 944/977/944 1583/1629/1583
f 935/968/935 1713/1761/1713 1583/1629/1583 936/969/936
f 1714/1762/1714 1445/1491/1445 175/175/175 174/174/174
f 747/780/747 1714/1762/1714 174/174/174 25/25/25
f 1714/1762/1714 747/780/747 748/781/748 1701/1749/1701
f 1445/1491/1445 1714/1762/1714 1701/1749/1701 549/582/549
f 1715/1763/1715 1484/1530/1484 340/373/340 1695/1743/1695
f 1487/1533/1487 1715/1763/1715 1695/1743/1695 346/379/346
f 1715/1763/1715 1487/1533/1487 361/394/361 364/397/364
f 1484/1530/1484 1715/1763/1715 364/397/364 366/399/366
f 1716/1764/1716 1614/1660/1614 551/584/551 1702/1750/1702
f 397/430/397 1716/1764/1716 1702/1750/1702 399/432/399
f 1716/1764/1716 397/430/397 398/431/398 1652/1698/1652
f 1614/1660/1614 1716/1764/1716 1652/1698/1652 1615/1661/1615
f 1717/1765/1717 1619/1665/1619 734/767/734 1709/1757/1709
f 1010/1043/1010 1717/1765/1717 1709/1757/1709 828/861/828
f 1717/1765/1717 1010/1043/1010 1009/1042/1009 1718/1766/1718
f 1619/1665/1619 1717/1765/1717 1718/1766/1718 1620/1666/1620
f 1719/1767/1719 1655/1701/1655 1654/1700/1654 1720/1768/1720
f 1438/1484/1438 1719/1767/1719 1720/1768/1720 1440/1486/1440
f 1719/1767/1719 1438/1484/1438 1437/1483/1437 1612/1658/1612
f 1655/1701/1655 1719/1767/1719 1612/1658/1612 1615/1661/1615
f 1721/1769/1721 1659/1705/1659 1453/1499/1453 1452/1498/1452
f 1644/1690/1644 1721/1769/1721 1452/1498/1452 1433/1479/1433
f 1721/1769/1721 1644/1690/1644 1643/1689/1643 1722/1770/1722
f 1659/1705/1659 1721/1769/1721 1722/1770/1722 1660/1706/1660
f 1723/1771/1723 1663/1709/1663 813/846/813 811/844/811
f 1649/1695/1649 1723/1771/1723 811/844/811 812/845/812
f 1723/1771/1723 1649/1695/1649 1648/1694/1648 1707/1755/1707
f 1663/1709/1663 1723/1771/1723 1707/1755/1707 726/759/726
f 1724/1772/1724 1676/1722/1676 1660/1706/1660 1722/1770/1722
f 1671/1717/1671 1724/1772/1724 1722/1770/1722 1643/1689/1643
f 1724/1772/1724 1671/1717/1671 1440/1486/1440 1720/1768/1720
f 1676/1722/1676 1724/1772/1724 1720/1768/1720 1654/1700/1654
f 1725/1773/1725 1680/1726/1680 1620/1666/1620 1718/1766/1718
f 1015/1048/1015 1725/1773/1725 1718/1766/1718 1009/1042/1009
f 1725/1773/1725 1015/1048/1015 722/755/722 721/754/721
f 1680/1726/1680 1725/1773/1725 721/754/721 728/761/728
f 1726/1774/1726 1451/1497/1451 1453/1499/1453 1658/1704/1658
f 1328/1373/1328 1726/1774/1726 1658/1704/1658 1329/1374/1329
f 1726/1774/1726 1328/1373/1328 740/773/740 738/771/738
f 1451/1497/1451 1726/1774/1726 738/771/738 737/770/737
f 1727/1775/1727 1728/1776/1728 1729/1777/1729 1730/1778/1730
f 1731/1779/1731 1727/1775/1727 1730/1778/1730 1732/1780/1732
f 1733/1781/1733 1734/1782/1734 1728/1776/1728 1727/1775/1727
f 1735/1783/1735 1733/1781/1733 1727/1775/1727 1731/1779/1731
f 1736/1784/1736 1737/1785/1737 1738/1786/1738 1739/1787/1739
f 1740/1788/1740 1741/1789/1741 1737/1785/1737 1736/1784/1736
f 1737/1785/1737 1731/1779/1731 1732/1780/1732 1738/1786/1738
f 1741/1789/1741 1735/1783/1735 1731/1779/1731 1737/1785/1737
f 1742/1790/1742 1743/1791/1743 1744/1792/1744 1745/1793/1745
f 1746/1794/1746 1742/1790/1742 1745/1793/1745 1747/1795/1747
f 1741/1789/1741 1740/1788/1740 1743/1791/1743 1742/1790/1742
f 1735/1783/1735 1741/1789/1741 1742/1790/1742 1746/1794/1746
f 1748/1796/1748 1749/1797/1749 1750/1798/1750 1751/1799/1751
f 1734/1782/1734 1733/1781/1733 1749/1797/1749 1748/1796/1748
f 1749/1797/1749 1746/1794/1746 1747/1795/1747 1750/1798/1750
f 1733/1781/1733 1735/1783/1735 1746/1794/1746 1749/1797/1749
f 1752/1800/1752 1753/1801/1753 1754/1802/1754 1755/1803/1755
f 1756/1804/1756 1752/1800/1752 1755/1803/1755 1757/1805/1757
f 1758/1806/1758 1759/1807/1759 1753/1801/1753 1752/1800/1752
f 1760/1808/1760 1758/1806/1758 1752/1800/1752 1756/1804/1756
f 1728/1776/1728 1761/1809/1761 1762/1810/1762 1729/1777/1729
f 1734/1782/1734 1763/1811/1763 1761/1809/1761 1728/1776/1728
f 1761/1809/1761 1756/1804/1756 1757/1805/1757 1762/1810/1762
f 1763/1811/1763 1760/1808/1760 1756/1804/1756 1761/1809/1761
f 1764/1812/1764 1748/1796/1748 1751/1799/1751 1765/1813/1765
f 1766/1814/1766 1764/1812/1764 1765/1813/1765 1767/1815/1767
f 1763/1811/1763 1734/1782/1734 1748/1796/1748 1764/1812/1764
f 1760/1808/1760 1763/1811/1763 1764/1812/1764 1766/1814/1766
f 1768/1816/1768 1769/1817/1769 1770/1818/1770 1771/1819/1771
f 1759/1807/1759 1758/1806/1758 1769/1817/1769 1768/1816/1768
f 1769/1817/1769 1766/1814/1766 1767/1815/1767 1770/1818/1770
f 1758/1806/1758 1760/1808/1760 1766/1814/1766 1769/1817/1769
f 1772/1820/1772 1730/1778/1730 1729/1777/1729 1762/1810/1762
f 1773/1821/1773 1772/1820/1772 1762/1810/1762 1757/1805/1757
f 1774/1822/1774 1732/1780/1732 1730/1778/1730 1772/1820/1772
f 1775/1823/1775 1774/1822/1774 1772/1820/1772 1773/1821/1773
f 1776/1824/1776 1777/1825/1777 1755/1803/1755 1754/1802/1754
f 1778/1826/1778 1779/1827/1779 1777/1825/1777 1776/1824/1776
f 1777/1825/1777 1773/1821/1773 1757/1805/1757 1755/1803/1755
f 1779/1827/1779 1775/1823/1775 1773/1821/1773 1777/1825/1777
f 1780/1828/1780 1781/1829/1781 1782/1830/1782 1783/1831/1783
f 1784/1832/1784 1780/1828/1780 1783/1831/1783 1785/1833/1785
f 1779/1827/1779 1778/1826/1778 1781/1829/1781 1780/1828/1780
f 1775/1823/1775 1779/1827/1779 1780/1828/1780 1784/1832/1784
f 1738/1786/1738 1786/1834/1786 1787/1835/1787 1739/1787/1739
f 1732/1780/1732 1774/1822/1774 1786/1834/1786 1738/1786/1738
f 1786/1834/1786 1784/1832/1784 1785/1833/1785 1787/1835/1787
f 1774/1822/1774 1775/1823/1775 1784/1832/1784 1786/1834/1786
f 1788/1836/1788 1789/1837/1789 1790/1838/1790 1791/1839/1791
f 1792/1840/1792 1788/1836/1788 1791/1839/1791 1793/1841/1793
f 1794/1842/1794 1795/1843/1795 1789/1837/1789 1788/1836/1788
f 1796/1844/1796 1794/1842/1794 1788/1836/1788 1792/1840/1792
f 1750/1798/1750 1797/1845/1797 1798/1846/1798 1751/1799/1751
f 1747/1795/1747 1799/1847/1799 1797/1845/1797 1750/1798/1750
f 1797/1845/1797 1792/1840/1792 1793/1841/1793 1798/1846/1798
f 1799/1847/1799 1796/1844/1796 1792/1840/1792 1797/1845/1797
f 1800/1848/1800 1745/1793/1745 1744/1792/1744 1801/1849/1801
f 1802/1850/1802 1800/1848/1800 1801/1849/1801 1803/1851/1803
f 1799/1847/1799 1747/1795/1747 1745/1793/1745 1800/1848/1800
f 1796/1844/1796 1799/1847/1799 1800/1848/1800 1802/1850/1802
f 1804/1852/1804 1805/1853/1805 1806/1854/1806 1807/1855/1807
f 1795/1843/1795 1794/1842/1794 1805/1853/1805 1804/1852/1804
f 1805/1853/1805 1802/1850/1802 1803/1851/1803 1806/1854/1806
f 1794/1842/1794 1796/1844/1796 1802/1850/1802 1805/1853/1805
f 1808/1856/1808 1809/1857/1809 1810/1858/1810 1811/1859/1811
f 1812/1860/1812 1808/1856/1808 1811/1859/1811 1813/1861/1813
f 1814/1862/1814 1815/1863/1815 1809/1857/1809 1808/1856/1808
f 1816/1864/1816 1814/1862/1814 1808/1856/1808 1812/1860/1812
f 1789/1837/1789 1817/1865/1817 1818/1866/1818 1790/1838/1790
f 1795/1843/1795 1819/1867/1819 1817/1865/1817 1789/1837/1789
f 1817/1865/1817 1812/1860/1812 1813/1861/1813 1818/1866/1818
f 1819/1867/1819 1816/1864/1816 1812/1860/1812 1817/1865/1817
f 1820/1868/1820 1804/1852/1804 1807/1855/1807 1821/1869/1821
f 1822/1870/1822 1820/1868/1820 1821/1869/1821 1823/1871/1823
f 1819/1867/1819 1795/1843/1795 1804/1852/1804 1820/1868/1820
f 1816/1864/1816 1819/1867/1819 1820/1868/1820 1822/1870/1822
f 1824/1872/1824 1825/1873/1825 1826/1874/1826 1827/1875/1827
f 1815/1863/1815 1814/1862/1814 1825/1873/1825 1824/1872/1824
f 1825/1873/1825 1822/1870/1822 1823/1871/1823 1826/1874/1826
f 1814/1862/1814 1816/1864/1816 1822/1870/1822 1825/1873/1825
f 1828/1876/1828 1829/1877/1829 1790/1838/1790 1818/1866/1818
f 1830/1878/1830 1828/1876/1828 1818/1866/1818 1813/1861/1813
f 1831/1879/1831 1832/1880/1832 1829/1877/1829 1828/1876/1828
f 1833/1881/1833 1831/1879/1831 1828/1876/1828 1830/1878/1830
f 1834/1882/1834 1835/1883/1835 1811/1859/1811 1810/1858/1810
f 1836/1884/1836 1837/1885/1837 1835/1883/1835 1834/1882/1834
f 1835/1883/1835 1830/1878/1830 1813/1861/1813 1811/1859/1811
f 1837/1885/1837 1833/1881/1833 1830/1878/1830 1835/1883/1835
f 1838/1886/1838 1839/1887/1839 1840/1888/1840 1841/1889/1841
f 1842/1890/1842 1838/1886/1838 1841/1889/1841 1843/1891/1843
f 1837/1885/1837 1836/1884/1836 1839/1887/1839 1838/1886/1838
f 1833/1881/1833 1837/1885/1837 1838/1886/1838 1842/1890/1842
f 1844/1892/1844 1845/1893/1845 1846/1894/1846 1847/1895/1847
f 1832/1880/1832 1831/1879/1831 1845/1893/1845 1844/1892/1844
f 1845/1893/1845 1842/1890/1842 1843/1891/1843 1846/1894/1846
f 1831/1879/1831 1833/1881/1833 1842/1890/1842 1845/1893/1845
f 1848/1896/1848 1765/1813/1765 1751/1799/1751 1798/1846/1798
f 1849/1897/1849 1848/1896/1848 1798/1846/1798 1793/1841/1793
f 1850/1898/1850 1767/1815/1767 1765/1813/1765 1848/1896/1848
f 1851/1899/1851 1850/1898/1850 1848/1896/1848 1849/1897/1849
f 1829/1877/1829 1852/1900/1852 1791/1839/1791 1790/1838/1790
f 1832/1880/1832 1853/1901/1853 1852/1900/1852 1829/1877/1829
f 1852/1900/1852 1849/1897/1849 1793/1841/1793 1791/1839/1791
f 1853/1901/1853 1851/1899/1851 1849/1897/1849 1852/1900/1852
f 1854/1902/1854 1844/1892/1844 1847/1895/1847 1855/1903/1855
f 1856/1904/1856 1854/1902/1854 1855/1903/1855 1857/1905/1857
f 1853/1901/1853 1832/1880/1832 1844/1892/1844 1854/1902/1854
f 1851/1899/1851 1853/1901/1853 1854/1902/1854 1856/1904/1856
f 1770/1818/1770 1858/1906/1858 1859/1907/1859 1771/1819/1771
f 1767/1815/1767 1850/1898/1850 1858/1906/1858 1770/1818/1770
f 1858/1906/1858 1856/1904/1856 1857/1905/1857 1859/1907/1859
f 1850/1898/1850 1851/1899/1851 1856/1904/1856 1858/1906/1858
f 1860/1908/1860 1861/1909/1861 1862/1910/1862 1863/1911/1863
f 1864/1912/1864 1860/1908/1860 1863/1911/1863 1865/1913/1865
f 1866/1914/1866 1867/1915/1867 1861/1909/1861 1860/1908/1860
f 1868/1916/1868 1866/1914/1866 1860/1908/1860 1864/1912/1864
f 1809/1857/1809 1869/1917/1869 1870/1918/1870 1810/1858/1810
f 1815/1863/1815 1871/1919/1871 1869/1917/1869 1809/1857/1809
f 1869/1917/1869 1864/1912/1864 1865/1913/1865 1870/1918/1870
f 1871/1919/1871 1868/1916/1868 1864/1912/1864 1869/1917/1869
f 1872/1920/1872 1824/1872/1824 1827/1875/1827 1873/1921/1873
f 1874/1922/1874 1872/1920/1872 1873/1921/1873 1875/1923/1875
f 1871/1919/1871 1815/1863/1815 1824/1872/1824 1872/1920/1872
f 1868/1916/1868 1871/1919/1871 1872/1920/1872 1874/1922/1874
f 1876/1924/1876 1877/1925/1877 1878/1926/1878 1879/1927/1879
f 1867/1915/1867 1866/1914/1866 1877/1925/1877 1876/1924/1876
f 1877/1925/1877 1874/1922/1874 1875/1923/1875 1878/1926/1878
f 1866/1914/1866 1868/1916/1868 1874/1922/1874 1877/1925/1877
f 1880/1928/1880 1881/1929/1881 1882/1930/1882 1883/1931/1883
f 1884/1932/1884 1880/1928/1880 1883/1931/1883 1885/1933/1885
f 1886/1934/1886 1887/1935/1887 1881/1929/1881 1880/1928/1880
f 1888/1936/1888 1886/1934/1886 1880/1928/1880 1884/1932/1884
f 1861/1909/1861 1889/1937/1889 1890/1938/1890 1862/1910/1862
f 1867/1915/1867 1891/1939/1891 1889/1937/1889 1861/1909/1861
f 1889/1937/1889 1884/1932/1884 1885/1933/1885 1890/1938/1890
f 1891/1939/1891 1888/1936/1888 1884/1932/1884 1889/1937/1889
f 1892/1940/1892 1876/1924/1876 1879/1927/1879 1893/1941/1893
f 1894/1942/1894 1892/1940/1892 1893/1941/1893 1895/1943/1895
f 1891/1939/1891 1867/1915/1867 1876/1924/1876 1892/1940/1892
f 1888/1936/1888 1891/1939/1891 1892/1940/1892 1894/1942/1894
f 1896/1944/1896 1897/1945/1897 1898/1946/1898 1899/1947/1899
f 1887/1935/1887 1886/1934/1886 1897/1945/1897 1896/1944/1896
f 1897/1945/1897 1894/1942/1894 1895/1943/1895 1898/1946/1898
f 1886/1934/1886 1888/1936/1888 1894/1942/1894 1897/1945/1897
f 1900/1948/1900 1901/1949/1901 1862/1910/1862 1890/1938/1890
f 1902/1950/1902 1900/1948/1900 1890/1938/1890 1885/1933/1885
f 1903/1951/1903 1904/1952/1904 1901/1949/1901 1900/1948/1900
f 1905/1953/1905 1903/1951/1903 1900/1948/1900 1902/1950/1902
f 1906/1954/1906 1907/1955/1907 1883/1931/1883 1882/1930/1882
f 1908/1956/1908 1909/1957/1909 1907/1955/1907 1906/1954/1906
f 1907/1955/1907 1902/1950/1902 1885/1933/1885 1883/1931/1883
f 1909/1957/1909 1905/1953/1905 1902/1950/1902 1907/1955/1907
f 1910/1958/1910 1911/1959/1911 1912/1960/1912 1913/1961/1913
f 1914/1962/1914 1910/1958/1910 1913/1961/1913 1915/1963/1915
f 1909/1957/1909 1908/1956/1908 1911/1959/1911 1910/1958/1910
f 1905/1953/1905 1909/1957/1909 1910/1958/1910 1914/1962/1914
f 1916/1964/1916 1917/1965/1917 1918/1966/1918 1919/1967/1919
f 1904/1952/1904 1903/1951/1903 1917/1965/1917 1916/1964/1916
f 1917/1965/1917 1914/1962/1914 1915/1963/1915 1918/1966/1918
f 1903/1951/1903 1905/1953/1905 1914/1962/1914 1917/1965/1917
f 1920/1968/1920 1834/1882/1834 1810/1858/1810 1870/1918/1870
f 1921/1969/1921 1920/1968/1920 1870/1918/1870 1865/1913/1865
f 1922/1970/1922 1836/1884/1836 1834/1882/1834 1920/1968/1920
f 1923/1971/1923 1922/1970/1922 1920/1968/1920 1921/1969/1921
f 1901/1949/1901 1924/1972/1924 1863/1911/1863 1862/1910/1862
f 1904/1952/1904 1925/1973/1925 1924/1972/1924 1901/1949/1901
f 1924/1972/1924 1921/1969/1921 1865/1913/1865 1863/1911/1863
f 1925/1973/1925 1923/1971/1923 1921/1969/1921 1924/1972/1924
f 1926/1974/1926 1916/1964/1916 1919/1967/1919 1927/1975/1927
f 1928/1976/1928 1926/1974/1926 1927/1975/1927 1929/1977/1929
f 1925/1973/1925 1904/1952/1904 1916/1964/1916 1926/1974/1926
f 1923/1971/1923 1925/1973/1925 1926/1974/1926 1928/1976/1928
f 1839/1887/1839 1930/1978/1930 1931/1979/1931 1840/1888/1840
f 1836/1884/1836 1922/1970/1922 1930/1978/1930 1839/1887/1839
f 1930/1978/1930 1928/1976/1928 1929/1977/1929 1931/1979/1931
f 1922/1970/1922 1923/1971/1923 1928/1976/1928 1930/1978/1930
f 1932/1980/1932 1933/1981/1933 1934/1982/1934 1935/1983/1935
f 1936/1984/1936 1932/1980/1932 1935/1983/1935 1937/1985/1937
f 1938/1986/1938 1939/1987/1939 1933/1981/1933 1932/1980/1932
f 1940/1988/1940 1938/1986/1938 1932/1980/1932 1936/1984/1936
f 1941/1989/1941 1942/1990/1942 1943/1991/1943 1944/1992/1944
f 1945/1993/1945 1946/1994/1946 1942/1990/1942 1941/1989/1941
f 1942/1990/1942 1936/1984/1936 1937/1985/1937 1943/1991/1943
f 1946/1994/1946 1940/1988/1940 1936/1984/1936 1942/1990/1942
f 1947/1995/1947 1948/1996/1948 1949/1997/1949 1950/1998/1950
f 1951/1999/1951 1947/1995/1947 1950/1998/1950 1952/2000/1952
f 1946/1994/1946 1945/1993/1945 1948/1996/1948 1947/1995/1947
f 1940/1988/1940 1946/1994/1946 1947/1995/1947 1951/1999/1951
f 1953/2001/1953 1954/2002/1954 1955/2003/1955 1956/2004/1956
f 1939/1987/1939 1938/1986/1938 1954/2002/1954 1953/2001/1953
f 1954/2002/1954 1951/1999/1951 1952/2000/1952 1955/2003/1955
f 1938/1986/1938 1940/1988/1940 1951/1999/1951 1954/2002/1954
f 1957/2005/1957 1958/2006/1958 1959/2007/1959 1960/2008/1960
f 1961/2009/1961 1957/2005/1957 1960/2008/1960 1962/2010/1962
f 1963/2011/1963 1964/2012/1964 1958/2006/1958 1957/2005/1957
f 1965/2013/1965 1963/2011/1963 1957/2005/1957 1961/2009/1961
f 1933/1981/1933 1966/2014/1966 1967/2015/1967 1934/1982/1934
f 1939/1987/1939 1968/2016/1968 1966/2014/1966 1933/1981/1933
f 1966/2014/1966 1961/2009/1961 1962/2010/1962 1967/2015/1967
f 1968/2016/1968 1965/2013/1965 1961/2009/1961 1966/2014/1966
f 1969/2017/1969 1953/2001/1953 1956/2004/1956 1970/2018/1970
f 1971/2019/1971 1969/2017/1969 1970/2018/1970 1972/2020/1972
f 1968/2016/1968 1939/1987/1939 1953/2001/1953 1969/2017/1969
f 1965/2013/1965 1968/2016/1968 1969/2017/1969 1971/2019/1971
f 1973/2021/1973 1974/2022/1974 1975/2023/1975 1976/2024/1976
f 1964/2012/1964 1963/2011/1963 1974/2022/1974 1973/2021/1973
f 1974/2022/1974 1971/2019/1971 1972/2020/1972 1975/2023/1975
f 1963/2011/1963 1965/2013/1965 1971/2019/1971 1974/2022/1974
f 1977/2025/1977 1978/2026/1978 1934/1982/1934 1967/2015/1967
f 1979/2027/1979 1977/2025/1977 1967/2015/1967 1962/2010/1962
f 1980/2028/1980 1981/2029/1981 1978/2026/1978 1977/2025/1977
f 1982/2030/1982 1980/2028/1980 1977/2025/1977 1979/2027/1979
f 1983/2031/1983 1984/2032/1984 1960/2008/1960 1959/2007/1959
f 1985/2033/1985 1986/2034/1986 1984/2032/1984 1983/2031/1983
f 1984/2032/1984 1979/2027/1979 1962/2010/1962 1960/2008/1960
f 1986/2034/1986 1982/2030/1982 1979/2027/1979 1984/2032/1984
f 1987/2035/1987 1988/2036/1988 1989/2037/1989 1990/2038/1990
f 1991/2039/1991 1987/2035/1987 1990/2038/1990 1992/2040/1992
f 1986/2034/1986 1985/2033/1985 1988/2036/1988 1987/2035/1987
f 1982/2030/1982 1986/2034/1986 1987/2035/1987 1991/2039/1991
f 1993/2041/1993 1994/2042/1994 1995/2043/1995 1996/2044/1996
f 1981/2029/1981 1980/2028/1980 1994/2042/1994 1993/2041/1993
f 1994/2042/1994 1991/2039/1991 1992/2040/1992 1995/2043/1995
f 1980/2028/1980 1982/2030/1982 1991/2039/1991 1994/2042/1994
f 1997/2045/1997 1998/2046/1998 1944/1992/1944 1943/1991/1943
f 1999/2047/1999 1997/2045/1997 1943/1991/1943 1937/1985/1937
f 2000/2048/2000 2001/2049/2001 1998/2046/1998 1997/2045/1997
f 2002/2050/2002 2000/2048/2000 1997/2045/1997 1999/2047/1999
f 1978/2026/1978 2003/2051/2003 1935/1983/1935 1934/1982/1934
f 1981/2029/1981 2004/2052/2004 2003/2051/2003 1978/2026/1978
f 2003/2051/2003 1999/2047/1999 1937/1985/1937 1935/1983/1935
f 2004/2052/2004 2002/2050/2002 1999/2047/1999 2003/2051/2003
f 2005/2053/2005 1993/2041/1993 1996/2044/1996 2006/2054/2006
f 2007/2055/2007 2005/2053/2005 2006/2054/2006 2008/2056/2008
f 2004/2052/2004 1981/2029/1981 1993/2041/1993 2005/2053/2005
f 2002/2050/2002 2004/2052/2004 2005/2053/2005 2007/2055/2007
f 2009/2057/2009 2010/2058/2010 2011/2059/2011 2012/2060/2012
f 2001/2049/2001 2000/2048/2000 2010/2058/2010 2009/2057/2009
f 2010/2058/2010 2007/2055/2007 2008/2056/2008 2011/2059/2011
f 2000/2048/2000 2002/2050/2002 2007/2055/2007 2010/2058/2010
f 2013/2061/2013 2014/2062/2014 2015/2063/2015 2016/2064/2016
f 2017/2065/2017 2013/2061/2013 2016/2064/2016 2018/2066/2018
f 2019/2067/2019 2020/2068/2020 2014/2062/2014 2013/2061/2013
f 2021/2069/2021 2019/2067/2019 2013/2061/2013 2017/2065/2017
f 1958/2006/1958 2022/2070/2022 2023/2071/2023 1959/2007/1959
f 1964/2012/1964 2024/2072/2024 2022/2070/2022 1958/2006/1958
f 2022/2070/2022 2017/2065/2017 2018/2066/2018 2023/2071/2023
f 2024/2072/2024 2021/2069/2021 2017/2065/2017 2022/2070/2022
f 2025/2073/2025 1973/2021/1973 1976/2024/1976 2026/2074/2026
f 2027/2075/2027 2025/2073/2025 2026/2074/2026 2028/2076/2028
f 2024/2072/2024 1964/2012/1964 1973/2021/1973 2025/2073/2025
f 2021/2069/2021 2024/2072/2024 2025/2073/2025 2027/2075/2027
f 2029/2077/2029 2030/2078/2030 2031/2079/2031 2032/2080/2032
f 2020/2068/2020 2019/2067/2019 2030/2078/2030 2029/2077/2029
f 2030/2078/2030 2027/2075/2027 2028/2076/2028 2031/2079/2031
f 2019/2067/2019 2021/2069/2021 2027/2075/2027 2030/2078/2030
f 2033/2081/2033 2034/2082/2034 2035/2083/2035 2036/2084/2036
f 2037/2085/2037 2033/2081/2033 2036/2084/2036 2038/2086/2038
f 2039/2087/2039 2040/2088/2040 2034/2082/2034 2033/2081/2033
f 2041/2089/2041 2039/2087/2039 2033/2081/2033 2037/2085/2037
f 2014/2062/2014 2042/2090/2042 2043/2091/2043 2015/2063/2015
f 2020/2068/2020 2044/2092/2044 2042/2090/2042 2014/2062/2014
f 2042/2090/2042 2037/2085/2037 2038/2086/2038 2043/2091/2043
f 2044/2092/2044 2041/2089/2041 2037/2085/2037 2042/2090/2042
f 2045/2093/2045 2029/2077/2029 2032/2080/2032 2046/2094/2046
f 2047/2095/2047 2045/2093/2045 2046/2094/2046 2048/2096/2048
f 2044/2092/2044 2020/2068/2020 2029/2077/2029 2045/2093/2045
f 2041/2089/2041 2044/2092/2044 2045/2093/2045 2047/2095/2047
f 2049/2097/2049 2050/2098/2050 2051/2099/2051 2052/2100/2052
f 2040/2088/2040 2039/2087/2039 2050/2098/2050 2049/2097/2049
f 2050/2098/2050 2047/2095/2047 2048/2096/2048 2051/2099/2051
f 2039/2087/2039 2041/2089/2041 2047/2095/2047 2050/2098/2050
f 2053/2101/2053 2054/2102/2054 2015/2063/2015 2043/2091/2043
f 2055/2103/2055 2053/2101/2053 2043/2091/2043 2038/2086/2038
f 2056/2104/2056 2057/2105/2057 2054/2102/2054 2053/2101/2053
f 2058/2106/2058 2056/2104/2056 2053/2101/2053 2055/2103/2055
f 2059/2107/2059 2060/2108/2060 2036/2084/2036 2035/2083/2035
f 2061/2109/2061 2062/2110/2062 2060/2108/2060 2059/2107/2059
f 2060/2108/2060 2055/2103/2055 2038/2086/2038 2036/2084/2036
f 2062/2110/2062 2058/2106/2058 2055/2103/2055 2060/2108/2060
f 2063/2111/2063 2064/2112/2064 2065/2113/2065 2066/2114/2066
f 2067/2115/2067 2063/2111/2063 2066/2114/2066 2068/2116/2068
f 2062/2110/2062 2061/2109/2061 2064/2112/2064 2063/2111/2063
f 2058/2106/2058 2062/2110/2062 2063/2111/2063 2067/2115/2067
f 2069/2117/2069 2070/2118/2070 2071/2119/2071 2072/2120/2072
f 2057/2105/2057 2056/2104/2056 2070/2118/2070 2069/2117/2069
f 2070/2118/2070 2067/2115/2067 2068/2116/2068 2071/2119/2071
f 2056/2104/2056 2058/2106/2058 2067/2115/2067 2070/2118/2070
f 2073/2121/2073 1983/2031/1983 1959/2007/1959 2023/2071/2023
f 2074/2122/2074 2073/2121/2073 2023/2071/2023 2018/2066/2018
f 2075/2123/2075 1985/2033/1985 1983/2031/1983 2073/2121/2073
f 2076/2124/2076 2075/2123/2075 2073/2121/2073 2074/2122/2074
f 2054/2102/2054 2077/2125/2077 2016/2064/2016 2015/2063/2015
f 2057/2105/2057 2078/2126/2078 2077/2125/2077 2054/2102/2054
f 2077/2125/2077 2074/2122/2074 2018/2066/2018 2016/2064/2016
f 2078/2126/2078 2076/2124/2076 2074/2122/2074 2077/2125/2077
f 2079/2127/2079 2069/2117/2069 2072/2120/2072 2080/2128/2080
f 2081/2129/2081 2079/2127/2079 2080/2128/2080 2082/2130/2082
f 2078/2126/2078 2057/2105/2057 2069/2117/2069 2079/2127/2079
f 2076/2124/2076 2078/2126/2078 2079/2127/2079 2081/2129/2081
f 1988/2036/1988 2083/2131/2083 2084/2132/2084 1989/2037/1989
f 1985/2033/1985 2075/2123/2075 2083/2131/2083 1988/2036/1988
f 2083/2131/2083 2081/2129/2081 2082/2130/2082 2084/2132/2084
f 2075/2123/2075 2076/2124/2076 2081/2129/2081 2083/2131/2083
f 2085/2133/2085 2086/2134/2086 2087/2135/2087 2088/2136/2088
f 2089/2137/2089 2085/2133/2085 2088/2136/2088 2090/2138/2090
f 2091/2139/2091 2092/2140/2092 2086/2134/2086 2085/2133/2085
f 2093/2141/2093 2091/2139/2091 2085/2133/2085 2089/2137/2089
f 2034/2082/2034 2094/2142/2094 2095/2143/2095 2035/2083/2035
f 2040/2088/2040 2096/2144/2096 2094/2142/2094 2034/2082/2034
f 2094/2142/2094 2089/2137/2089 2090/2138/2090 2095/2143/2095
f 2096/2144/2096 2093/2141/2093 2089/2137/2089 2094/2142/2094
f 2097/2145/2097 2049/2097/2049 2052/2100/2052 2098/2146/2098
f 2099/2147/2099 2097/2145/2097 2098/2146/2098 2100/2148/2100
f 2096/2144/2096 2040/2088/2040 2049/2097/2049 2097/2145/2097
f 2093/2141/2093 2096/2144/2096 2097/2145/2097 2099/2147/2099
f 2101/2149/2101 2102/2150/2102 2103/2151/2103 2104/2152/2104
f 2092/2140/2092 2091/2139/2091 2102/2150/2102 2101/2149/2101
f 2102/2150/2102 2099/2147/2099 2100/2148/2100 2103/2151/2103
f 2091/2139/2091 2093/2141/2093 2099/2147/2099 2102/2150/2102
f 2105/2153/2105 2106/2154/2106 2107/2155/2107 2108/2156/2108
f 2109/2157/2109 2105/2153/2105 2108/2156/2108 2110/2158/2110
f 2111/2159/2111 2112/2160/2112 2106/2154/2106 2105/2153/2105
f 2113/2161/2113 2111/2159/2111 2105/2153/2105 2109/2157/2109
f 2086/2134/2086 2114/2162/2114 2115/2163/2115 2087/2135/2087
f 2092/2140/2092 2116/2164/2116 2114/2162/2114 2086/2134/2086
f 2114/2162/2114 2109/2157/2109 2110/2158/2110 2115/2163/2115
f 2116/2164/2116 2113/2161/2113 2109/2157/2109 2114/2162/2114
f 2117/2165/2117 2101/2149/2101 2104/2152/2104 2118/2166/2118
f 2119/2167/2119 2117/2165/2117 2118/2166/2118 2120/2168/2120
f 2116/2164/2116 2092/2140/2092 2101/2149/2101 2117/2165/2117
f 2113/2161/2113 2116/2164/2116 2117/2165/2117 2119/2167/2119
f 2121/2169/2121 2122/2170/2122 2123/2171/2123 2124/2172/2124
f 2112/2160/2112 2111/2159/2111 2122/2170/2122 2121/2169/2121
f 2122/2170/2122 2119/2167/2119 2120/2168/2120 2123/2171/2123
f 2111/2159/2111 2113/2161/2113 2119/2167/2119 2122/2170/2122
f 2125/2173/2125 2126/2174/2126 2087/2135/2087 2115/2163/2115
f 2127/2175/2127 2125/2173/2125 2115/2163/2115 2110/2158/2110
f 2128/2176/2128 2129/2177/2129 2126/2174/2126 2125/2173/2125
f 2130/2178/2130 2128/2176/2128 2125/2173/2125 2127/2175/2127
f 2131/2179/2131 2132/2180/2132 2108/2156/2108 2107/2155/2107
f 2133/2181/2133 2134/2182/2134 2132/2180/2132 2131/2179/2131
f 2132/2180/2132 2127/2175/2127 2110/2158/2110 2108/2156/2108
f 2134/2182/2134 2130/2178/2130 2127/2175/2127 2132/2180/2132
f 2135/2183/2135 2136/2184/2136 2137/2185/2137 2138/2186/2138
f 2139/2187/2139 2135/2183/2135 2138/2186/2138 2140/2188/2140
f 2134/2182/2134 2133/2181/2133 2136/2184/2136 2135/2183/2135
f 2130/2178/2130 2134/2182/2134 2135/2183/2135 2139/2187/2139
f 2141/2189/2141 2142/2190/2142 2143/2191/2143 2144/2192/2144
f 2129/2177/2129 2128/2176/2128 2142/2190/2142 2141/2189/2141
f 2142/2190/2142 2139/2187/2139 2140/2188/2140 2143/2191/2143
f 2128/2176/2128 2130/2178/2130 2139/2187/2139 2142/2190/2142
f 2145/2193/2145 2059/2107/2059 2035/2083/2035 2095/2143/2095
f 2146/2194/2146 2145/2193/2145 2095/2143/2095 2090/2138/2090
f 2147/2195/2147 2061/2109/2061 2059/2107/2059 2145/2193/2145
f 2148/2196/2148 2147/2195/2147 2145/2193/2145 2146/2194/2146
f 2126/2174/2126 2149/2197/2149 2088/2136/2088 2087/2135/2087
f 2129/2177/2129 2150/2198/2150 2149/2197/2149 2126/2174/2126
f 2149/2197/2149 2146/2194/2146 2090/2138/2090 2088/2136/2088
f 2150/2198/2150 2148/2196/2148 2146/2194/2146 2149/2197/2149
f 2151/2199/2151 2141/2189/2141 2144/2192/2144 2152/2200/2152
f 2153/2201/2153 2151/2199/2151 2152/2200/2152 2154/2202/2154
f 2150/2198/2150 2129/2177/2129 2141/2189/2141 2151/2199/2151
f 2148/2196/2148 2150/2198/2150 2151/2199/2151 2153/2201/2153
f 2064/2112/2064 2155/2203/2155 2156/2204/2156 2065/2113/2065
f 2061/2109/2061 2147/2195/2147 2155/2203/2155 2064/2112/2064
f 2155/2203/2155 2153/2201/2153 2154/2202/2154 2156/2204/2156
f 2147/2195/2147 2148/2196/2148 2153/2201/2153 2155/2203/2155
f 2157/2205/2157 2158/2206/2158 2159/2207/2159 2160/2208/2160
f 2161/2209/2161 2157/2205/2157 2160/2208/2160 2162/2210/2162
f 2163/2211/2163 2164/2212/2164 2158/2206/2158 2157/2205/2157
f 2165/2213/2165 2163/2211/2163 2157/2205/2157 2161/2209/2161
f 2106/2154/2106 2166/2214/2166 2167/2215/2167 2107/2155/2107
f 2112/2160/2112 2168/2216/2168 2166/2214/2166 2106/2154/2106
f 2166/2214/2166 2161/2209/2161 2162/2210/2162 2167/2215/2167
f 2168/2216/2168 2165/2213/2165 2161/2209/2161 2166/2214/2166
f 2169/2217/2169 2121/2169/2121 2124/2172/2124 2170/2218/2170
f 2171/2219/2171 2169/2217/2169 2170/2218/2170 2172/2220/2172
f 2168/2216/2168 2112/2160/2112 2121/2169/2121 2169/2217/2169
f 2165/2213/2165 2168/2216/2168 2169/2217/2169 2171/2219/2171
f 2173/2221/2173 2174/2222/2174 2175/2223/2175 2176/2224/2176
f 2164/2212/2164 2163/2211/2163 2174/2222/2174 2173/2221/2173
f 2174/2222/2174 2171/2219/2171 2172/2220/2172 2175/2223/2175
f 2163/2211/2163 2165/2213/2165 2171/2219/2171 2174/2222/2174
f 2177/2225/2177 2178/2226/2178 2179/2227/2179 2180/2228/2180
f 2181/2229/2181 2177/2225/2177 2180/2228/2180 2182/2230/2182
f 2183/2231/2183 2184/2232/2184 2178/2226/2178 2177/2225/2177
f 2185/2233/2185 2183/2231/2183 2177/2225/2177 2181/2229/2181
f 2158/2206/2158 2186/2234/2186 2187/2235/2187 2159/2207/2159
f 2164/2212/2164 2188/2236/2188 2186/2234/2186 2158/2206/2158
f 2186/2234/2186 2181/2229/2181 2182/2230/2182 2187/2235/2187
f 2188/2236/2188 2185/2233/2185 2181/2229/2181 2186/2234/2186
f 2189/2237/2189 2173/2221/2173 2176/2224/2176 2190/2238/2190
f 2191/2239/2191 2189/2237/2189 2190/2238/2190 2192/2240/2192
f 2188/2236/2188 2164/2212/2164 2173/2221/2173 2189/2237/2189
f 2185/2233/2185 2188/2236/2188 2189/2237/2189 2191/2239/2191
f 2193/2241/2193 2194/2242/2194 2195/2243/2195 1782/1830/1782
f 2184/2232/2184 2183/2231/2183 2194/2242/2194 2193/2241/2193
f 2194/2242/2194 2191/2239/2191 2192/2240/2192 2195/2243/2195
f 2183/2231/2183 2185/2233/2185 2191/2239/2191 2194/2242/2194
f 2196/2244/2196 2197/2245/2197 2159/2207/2159 2187/2235/2187
f 2198/2246/2198 2196/2244/2196 2187/2235/2187 2182/2230/2182
f 2199/2247/2199 2200/2248/2200 2197/2245/2197 2196/2244/2196
f 2201/2249/2201 2199/2247/2199 2196/2244/2196 2198/2246/2198
f 2202/2250/2202 2203/2251/2203 2180/2228/2180 2179/2227/2179
f 2204/2252/2204 2205/2253/2205 2203/2251/2203 2202/2250/2202
f 2203/2251/2203 2198/2246/2198 2182/2230/2182 2180/2228/2180
f 2205/2253/2205 2201/2249/2201 2198/2246/2198 2203/2251/2203
f 2206/2254/2206 2207/2255/2207 2208/2256/2208 2209/2257/2209
f 2210/2258/2210 2206/2254/2206 2209/2257/2209 2211/2259/2211
f 2205/2253/2205 2204/2252/2204 2207/2255/2207 2206/2254/2206
f 2201/2249/2201 2205/2253/2205 2206/2254/2206 2210/2258/2210
f 2212/2260/2212 2213/2261/2213 2214/2262/2214 2215/2263/2215
f 2200/2248/2200 2199/2247/2199 2213/2261/2213 2212/2260/2212
f 2213/2261/2213 2210/2258/2210 2211/2259/2211 2214/2262/2214
f 2199/2247/2199 2201/2249/2201 2210/2258/2210 2213/2261/2213
f 2216/2264/2216 2131/2179/2131 2107/2155/2107 2167/2215/2167
f 2217/2265/2217 2216/2264/2216 2167/2215/2167 2162/2210/2162
f 2218/2266/2218 2133/2181/2133 2131/2179/2131 2216/2264/2216
f 2219/2267/2219 2218/2266/2218 2216/2264/2216 2217/2265/2217
f 2197/2245/2197 2220/2268/2220 2160/2208/2160 2159/2207/2159
f 2200/2248/2200 2221/2269/2221 2220/2268/2220 2197/2245/2197
f 2220/2268/2220 2217/2265/2217 2162/2210/2162 2160/2208/2160
f 2221/2269/2221 2219/2267/2219 2217/2265/2217 2220/2268/2220
f 2222/2270/2222 2212/2260/2212 2215/2263/2215 2223/2271/2223
f 2224/2272/2224 2222/2270/2222 2223/2271/2223 2225/2273/2225
f 2221/2269/2221 2200/2248/2200 2212/2260/2212 2222/2270/2222
f 2219/2267/2219 2221/2269/2221 2222/2270/2222 2224/2272/2224
f 2136/2184/2136 2226/2274/2226 2227/2275/2227 2137/2185/2137
f 2133/2181/2133 2218/2266/2218 2226/2274/2226 2136/2184/2136
f 2226/2274/2226 2224/2272/2224 2225/2273/2225 2227/2275/2227
f 2218/2266/2218 2219/2267/2219 2224/2272/2224 2226/2274/2226
f 2228/2276/2228 2229/2277/2229 2230/2278/2230 2231/2279/2231
f 2232/2280/2232 2228/2276/2228 2231/2279/2231 2233/2281/2233
f 2234/2282/2234 2235/2283/2235 2229/2277/2229 2228/2276/2228
f 2236/2284/2236 2234/2282/2234 2228/2276/2228 2232/2280/2232
f 2178/2226/2178 2237/2285/2237 2238/2286/2238 2179/2227/2179
f 2184/2232/2184 2239/2287/2239 2237/2285/2237 2178/2226/2178
f 2237/2285/2237 2232/2280/2232 2233/2281/2233 2238/2286/2238
f 2239/2287/2239 2236/2284/2236 2232/2280/2232 2237/2285/2237
f 2240/2288/2240 2193/2241/2193 1782/1830/1782 1781/1829/1781
f 2241/2289/2241 2240/2288/2240 1781/1829/1781 1778/1826/1778
f 2239/2287/2239 2184/2232/2184 2193/2241/2193 2240/2288/2240
f 2236/2284/2236 2239/2287/2239 2240/2288/2240 2241/2289/2241
f 2242/2290/2242 2243/2291/2243 1776/1824/1776 1754/1802/1754
f 2235/2283/2235 2234/2282/2234 2243/2291/2243 2242/2290/2242
f 2243/2291/2243 2241/2289/2241 1778/1826/1778 1776/1824/1776
f 2234/2282/2234 2236/2284/2236 2241/2289/2241 2243/2291/2243
f 2244/2292/2244 2245/2293/2245 2246/2294/2246 2247/2295/2247
f 2248/2296/2248 2244/2292/2244 2247/2295/2247 2249/2297/2249
f 2250/2298/2250 2251/2299/2251 2245/2293/2245 2244/2292/2244
f 2252/2300/2252 2250/2298/2250 2244/2292/2244 2248/2296/2248
f 2229/2277/2229 2253/2301/2253 2254/2302/2254 2230/2278/2230
f 2235/2283/2235 2255/2303/2255 2253/2301/2253 2229/2277/2229
f 2253/2301/2253 2248/2296/2248 2249/2297/2249 2254/2302/2254
f 2255/2303/2255 2252/2300/2252 2248/2296/2248 2253/2301/2253
f 2256/2304/2256 2242/2290/2242 1754/1802/1754 1753/1801/1753
f 2257/2305/2257 2256/2304/2256 1753/1801/1753 1759/1807/1759
f 2255/2303/2255 2235/2283/2235 2242/2290/2242 2256/2304/2256
f 2252/2300/2252 2255/2303/2255 2256/2304/2256 2257/2305/2257
f 2258/2306/2258 2259/2307/2259 1768/1816/1768 1771/1819/1771
f 2251/2299/2251 2250/2298/2250 2259/2307/2259 2258/2306/2258
f 2259/2307/2259 2257/2305/2257 1759/1807/1759 1768/1816/1768
f 2250/2298/2250 2252/2300/2252 2257/2305/2257 2259/2307/2259
f 2260/2308/2260 2261/2309/2261 2230/2278/2230 2254/2302/2254
f 2262/2310/2262 2260/2308/2260 2254/2302/2254 2249/2297/2249
f 2263/2311/2263 2264/2312/2264 2261/2309/2261 2260/2308/2260
f 2265/2313/2265 2263/2311/2263 2260/2308/2260 2262/2310/2262
f 2266/2314/2266 2267/2315/2267 2247/2295/2247 2246/2294/2246
f 2268/2316/2268 2269/2317/2269 2267/2315/2267 2266/2314/2266
f 2267/2315/2267 2262/2310/2262 2249/2297/2249 2247/2295/2247
f 2269/2317/2269 2265/2313/2265 2262/2310/2262 2267/2315/2267
f 2270/2318/2270 2271/2319/2271 2272/2320/2272 2273/2321/2273
f 2274/2322/2274 2270/2318/2270 2273/2321/2273 2275/2323/2275
f 2269/2317/2269 2268/2316/2268 2271/2319/2271 2270/2318/2270
f 2265/2313/2265 2269/2317/2269 2270/2318/2270 2274/2322/2274
f 2276/2324/2276 2277/2325/2277 2278/2326/2278 2279/2327/2279
f 2264/2312/2264 2263/2311/2263 2277/2325/2277 2276/2324/2276
f 2277/2325/2277 2274/2322/2274 2275/2323/2275 2278/2326/2278
f 2263/2311/2263 2265/2313/2265 2274/2322/2274 2277/2325/2277
f 2280/2328/2280 2202/2250/2202 2179/2227/2179 2238/2286/2238
f 2281/2329/2281 2280/2328/2280 2238/2286/2238 2233/2281/2233
f 2282/2330/2282 2204/2252/2204 2202/2250/2202 2280/2328/2280
f 2283/2331/2283 2282/2330/2282 2280/2328/2280 2281/2329/2281
f 2261/2309/2261 2284/2332/2284 2231/2279/2231 2230/2278/2230
f 2264/2312/2264 2285/2333/2285 2284/2332/2284 2261/2309/2261
f 2284/2332/2284 2281/2329/2281 2233/2281/2233 2231/2279/2231
f 2285/2333/2285 2283/2331/2283 2281/2329/2281 2284/2332/2284
f 2286/2334/2286 2276/2324/2276 2279/2327/2279 2287/2335/2287
f 2288/2336/2288 2286/2334/2286 2287/2335/2287 2289/2337/2289
f 2285/2333/2285 2264/2312/2264 2276/2324/2276 2286/2334/2286
f 2283/2331/2283 2285/2333/2285 2286/2334/2286 2288/2336/2288
f 2207/2255/2207 2290/2338/2290 2291/2339/2291 2208/2256/2208
f 2204/2252/2204 2282/2330/2282 2290/2338/2290 2207/2255/2207
f 2290/2338/2290 2288/2336/2288 2289/2337/2289 2291/2339/2291
f 2282/2330/2282 2283/2331/2283 2288/2336/2288 2290/2338/2290
f 2292/2340/2292 2293/2341/2293 2294/2342/2294 2295/2343/2295
f 2296/2344/2296 2292/2340/2292 2295/2343/2295 2297/2345/2297
f 2298/2346/2298 2299/2347/2299 2293/2341/2293 2292/2340/2292
f 2300/2348/2300 2298/2346/2298 2292/2340/2292 2296/2344/2296
f 2245/2293/2245 2301/2349/2301 2302/2350/2302 2246/2294/2246
f 2251/2299/2251 2303/2351/2303 2301/2349/2301 2245/2293/2245
f 2301/2349/2301 2296/2344/2296 2297/2345/2297 2302/2350/2302
f 2303/2351/2303 2300/2348/2300 2296/2344/2296 2301/2349/2301
f 2304/2352/2304 2258/2306/2258 1771/1819/1771 1859/1907/1859
f 2305/2353/2305 2304/2352/2304 1859/1907/1859 1857/1905/1857
f 2303/2351/2303 2251/2299/2251 2258/2306/2258 2304/2352/2304
f 2300/2348/2300 2303/2351/2303 2304/2352/2304 2305/2353/2305
f 2306/2354/2306 2307/2355/2307 1855/1903/1855 1847/1895/1847
f 2299/2347/2299 2298/2346/2298 2307/2355/2307 2306/2354/2306
f 2307/2355/2307 2305/2353/2305 1857/1905/1857 1855/1903/1855
f 2298/2346/2298 2300/2348/2300 2305/2353/2305 2307/2355/2307
f 2308/2356/2308 2309/2357/2309 2310/2358/2310 2311/2359/2311
f 2312/2360/2312 2308/2356/2308 2311/2359/2311 2313/2361/2313
f 2314/2362/2314 2315/2363/2315 2309/2357/2309 2308/2356/2308
f 2316/2364/2316 2314/2362/2314 2308/2356/2308 2312/2360/2312
f 2293/2341/2293 2317/2365/2317 2318/2366/2318 2294/2342/2294
f 2299/2347/2299 2319/2367/2319 2317/2365/2317 2293/2341/2293
f 2317/2365/2317 2312/2360/2312 2313/2361/2313 2318/2366/2318
f 2319/2367/2319 2316/2364/2316 2312/2360/2312 2317/2365/2317
f 2320/2368/2320 2306/2354/2306 1847/1895/1847 1846/1894/1846
f 2321/2369/2321 2320/2368/2320 1846/1894/1846 1843/1891/1843
f 2319/2367/2319 2299/2347/2299 2306/2354/2306 2320/2368/2320
f 2316/2364/2316 2319/2367/2319 2320/2368/2320 2321/2369/2321
f 2322/2370/2322 2323/2371/2323 1841/1889/1841 1840/1888/1840
f 2315/2363/2315 2314/2362/2314 2323/2371/2323 2322/2370/2322
f 2323/2371/2323 2321/2369/2321 1843/1891/1843 1841/1889/1841
f 2314/2362/2314 2316/2364/2316 2321/2369/2321 2323/2371/2323
f 2324/2372/2324 2325/2373/2325 2294/2342/2294 2318/2366/2318
f 2326/2374/2326 2324/2372/2324 2318/2366/2318 2313/2361/2313
f 2327/2375/2327 2328/2376/2328 2325/2373/2325 2324/2372/2324
f 2329/2377/2329 2327/2375/2327 2324/2372/2324 2326/2374/2326
f 2330/2378/2330 2331/2379/2331 2311/2359/2311 2310/2358/2310
f 2332/2380/2332 2333/2381/2333 2331/2379/2331 2330/2378/2330
f 2331/2379/2331 2326/2374/2326 2313/2361/2313 2311/2359/2311
f 2333/2381/2333 2329/2377/2329 2326/2374/2326 2331/2379/2331
f 2334/2382/2334 2335/2383/2335 2336/2384/2336 2337/2385/2337
f 2338/2386/2338 2334/2382/2334 2337/2385/2337 2339/2387/2339
f 2333/2381/2333 2332/2380/2332 2335/2383/2335 2334/2382/2334
f 2329/2377/2329 2333/2381/2333 2334/2382/2334 2338/2386/2338
f 2340/2388/2340 2341/2389/2341 2342/2390/2342 2343/2391/2343
f 2328/2376/2328 2327/2375/2327 2341/2389/2341 2340/2388/2340
f 2341/2389/2341 2338/2386/2338 2339/2387/2339 2342/2390/2342
f 2327/2375/2327 2329/2377/2329 2338/2386/2338 2341/2389/2341
f 2344/2392/2344 2266/2314/2266 2246/2294/2246 2302/2350/2302
f 2345/2393/2345 2344/2392/2344 2302/2350/2302 2297/2345/2297
f 2346/2394/2346 2268/2316/2268 2266/2314/2266 2344/2392/2344
f 2347/2395/2347 2346/2394/2346 2344/2392/2344 2345/2393/2345
f 2325/2373/2325 2348/2396/2348 2295/2343/2295 2294/2342/2294
f 2328/2376/2328 2349/2397/2349 2348/2396/2348 2325/2373/2325
f 2348/2396/2348 2345/2393/2345 2297/2345/2297 2295/2343/2295
f 2349/2397/2349 2347/2395/2347 2345/2393/2345 2348/2396/2348
f 2350/2398/2350 2340/2388/2340 2343/2391/2343 2351/2399/2351
f 2352/2400/2352 2350/2398/2350 2351/2399/2351 2353/2401/2353
f 2349/2397/2349 2328/2376/2328 2340/2388/2340 2350/2398/2350
f 2347/2395/2347 2349/2397/2349 2350/2398/2350 2352/2400/2352
f 2271/2319/2271 2354/2402/2354 2355/2403/2355 2272/2320/2272
f 2268/2316/2268 2346/2394/2346 2354/2402/2354 2271/2319/2271
f 2354/2402/2354 2352/2400/2352 2353/2401/2353 2355/2403/2355
f 2346/2394/2346 2347/2395/2347 2352/2400/2352 2354/2402/2354
f 2356/2404/2356 2357/2405/2357 2358/2406/2358 2359/2407/2359
f 2360/2408/2360 2356/2404/2356 2359/2407/2359 2361/2409/2361
f 2362/2410/2362 2363/2411/2363 2357/2405/2357 2356/2404/2356
f 2364/2412/2364 2362/2410/2362 2356/2404/2356 2360/2408/2360
f 2309/2357/2309 2365/2413/2365 2366/2414/2366 2310/2358/2310
f 2315/2363/2315 2367/2415/2367 2365/2413/2365 2309/2357/2309
f 2365/2413/2365 2360/2408/2360 2361/2409/2361 2366/2414/2366
f 2367/2415/2367 2364/2412/2364 2360/2408/2360 2365/2413/2365
f 2368/2416/2368 2322/2370/2322 1840/1888/1840 1931/1979/1931
f 2369/2417/2369 2368/2416/2368 1931/1979/1931 1929/1977/1929
f 2367/2415/2367 2315/2363/2315 2322/2370/2322 2368/2416/2368
f 2364/2412/2364 2367/2415/2367 2368/2416/2368 2369/2417/2369
f 2370/2418/2370 2371/2419/2371 1927/1975/1927 1919/1967/1919
f 2363/2411/2363 2362/2410/2362 2371/2419/2371 2370/2418/2370
f 2371/2419/2371 2369/2417/2369 1929/1977/1929 1927/1975/1927
f 2362/2410/2362 2364/2412/2364 2369/2417/2369 2371/2419/2371
f 2372/2420/2372 2373/2421/2373 2374/2422/2374 2375/2423/2375
f 2376/2424/2376 2372/2420/2372 2375/2423/2375 2377/2425/2377
f 2378/2426/2378 2379/2427/2379 2373/2421/2373 2372/2420/2372
f 2380/2428/2380 2378/2426/2378 2372/2420/2372 2376/2424/2376
f 2357/2405/2357 2381/2429/2381 2382/2430/2382 2358/2406/2358
f 2363/2411/2363 2383/2431/2383 2381/2429/2381 2357/2405/2357
f 2381/2429/2381 2376/2424/2376 2377/2425/2377 2382/2430/2382
f 2383/2431/2383 2380/2428/2380 2376/2424/2376 2381/2429/2381
f 2384/2432/2384 2370/2418/2370 1919/1967/1919 1918/1966/1918
f 2385/2433/2385 2384/2432/2384 1918/1966/1918 1915/1963/1915
f 2383/2431/2383 2363/2411/2363 2370/2418/2370 2384/2432/2384
f 2380/2428/2380 2383/2431/2383 2384/2432/2384 2385/2433/2385
f 2386/2434/2386 2387/2435/2387 1913/1961/1913 1912/1960/1912
f 2379/2427/2379 2378/2426/2378 2387/2435/2387 2386/2434/2386
f 2387/2435/2387 2385/2433/2385 1915/1963/1915 1913/1961/1913
f 2378/2426/2378 2380/2428/2380 2385/2433/2385 2387/2435/2387
f 2388/2436/2388 2389/2437/2389 2358/2406/2358 2382/2430/2382
f 2390/2438/2390 2388/2436/2388 2382/2430/2382 2377/2425/2377
f 2391/2439/2391 2392/2440/2392 2389/2437/2389 2388/2436/2388
f 2393/2441/2393 2391/2439/2391 2388/2436/2388 2390/2438/2390
f 2394/2442/2394 2395/2443/2395 2375/2423/2375 2374/2422/2374
f 2396/2444/2396 2397/2445/2397 2395/2443/2395 2394/2442/2394
f 2395/2443/2395 2390/2438/2390 2377/2425/2377 2375/2423/2375
f 2397/2445/2397 2393/2441/2393 2390/2438/2390 2395/2443/2395
f 2398/2446/2398 2399/2447/2399 2400/2448/2400 2401/2449/2401
f 2402/2450/2402 2398/2446/2398 2401/2449/2401 2403/2451/2403
f 2397/2445/2397 2396/2444/2396 2399/2447/2399 2398/2446/2398
f 2393/2441/2393 2397/2445/2397 2398/2446/2398 2402/2450/2402
f 2404/2452/2404 2405/2453/2405 2406/2454/2406 2407/2455/2407
f 2392/2440/2392 2391/2439/2391 2405/2453/2405 2404/2452/2404
f 2405/2453/2405 2402/2450/2402 2403/2451/2403 2406/2454/2406
f 2391/2439/2391 2393/2441/2393 2402/2450/2402 2405/2453/2405
f 2408/2456/2408 2330/2378/2330 2310/2358/2310 2366/2414/2366
f 2409/2457/2409 2408/2456/2408 2366/2414/2366 2361/2409/2361
f 2410/2458/2410 2332/2380/2332 2330/2378/2330 2408/2456/2408
f 2411/2459/2411 2410/2458/2410 2408/2456/2408 2409/2457/2409
f 2389/2437/2389 2412/2460/2412 2359/2407/2359 2358/2406/2358
f 2392/2440/2392 2413/2461/2413 2412/2460/2412 2389/2437/2389
f 2412/2460/2412 2409/2457/2409 2361/2409/2361 2359/2407/2359
f 2413/2461/2413 2411/2459/2411 2409/2457/2409 2412/2460/2412
f 2414/2462/2414 2404/2452/2404 2407/2455/2407 2415/2463/2415
f 2416/2464/2416 2414/2462/2414 2415/2463/2415 2417/2465/2417
f 2413/2461/2413 2392/2440/2392 2404/2452/2404 2414/2462/2414
f 2411/2459/2411 2413/2461/2413 2414/2462/2414 2416/2464/2416
f 2335/2383/2335 2418/2466/2418 2419/2467/2419 2336/2384/2336
f 2332/2380/2332 2410/2458/2410 2418/2466/2418 2335/2383/2335
f 2418/2466/2418 2416/2464/2416 2417/2465/2417 2419/2467/2419
f 2410/2458/2410 2411/2459/2411 2416/2464/2416 2418/2466/2418
f 2420/2468/2420 2421/2469/2421 2422/2470/2422 2423/2471/2423
f 2424/2472/2424 2420/2468/2420 2423/2471/2423 2425/2473/2425
f 2426/2474/2426 2427/2475/2427 2421/2469/2421 2420/2468/2420
f 2428/2476/2428 2426/2474/2426 2420/2468/2420 2424/2472/2424
f 2373/2421/2373 2429/2477/2429 2430/2478/2430 2374/2422/2374
f 2379/2427/2379 2431/2479/2431 2429/2477/2429 2373/2421/2373
f 2429/2477/2429 2424/2472/2424 2425/2473/2425 2430/2478/2430
f 2431/2479/2431 2428/2476/2428 2424/2472/2424 2429/2477/2429
f 2432/2480/2432 2386/2434/2386 1912/1960/1912 2433/2481/2433
f 2434/2482/2434 2432/2480/2432 2433/2481/2433 2435/2483/2435
f 2431/2479/2431 2379/2427/2379 2386/2434/2386 2432/2480/2432
f 2428/2476/2428 2431/2479/2431 2432/2480/2432 2434/2482/2434
f 2436/2484/2436 2437/2485/2437 2438/2486/2438 2439/2487/2439
f 2427/2475/2427 2426/2474/2426 2437/2485/2437 2436/2484/2436
f 2437/2485/2437 2434/2482/2434 2435/2483/2435 2438/2486/2438
f 2426/2474/2426 2428/2476/2428 2434/2482/2434 2437/2485/2437
f 2440/2488/2440 1941/1989/1941 1944/1992/1944 2441/2489/2441
f 2442/2490/2442 2440/2488/2440 2441/2489/2441 2443/2491/2443
f 2444/2492/2444 1945/1993/1945 1941/1989/1941 2440/2488/2440
f 2445/2493/2445 2444/2492/2444 2440/2488/2440 2442/2490/2442
f 2421/2469/2421 2446/2494/2446 2447/2495/2447 2422/2470/2422
f 2427/2475/2427 2448/2496/2448 2446/2494/2446 2421/2469/2421
f 2446/2494/2446 2442/2490/2442 2443/2491/2443 2447/2495/2447
f 2448/2496/2448 2445/2493/2445 2442/2490/2442 2446/2494/2446
f 2449/2497/2449 2436/2484/2436 2439/2487/2439 2450/2498/2450
f 2451/2499/2451 2449/2497/2449 2450/2498/2450 2452/2500/2452
f 2448/2496/2448 2427/2475/2427 2436/2484/2436 2449/2497/2449
f 2445/2493/2445 2448/2496/2448 2449/2497/2449 2451/2499/2451
f 1948/1996/1948 2453/2501/2453 2454/2502/2454 1949/1997/1949
f 1945/1993/1945 2444/2492/2444 2453/2501/2453 1948/1996/1948
f 2453/2501/2453 2451/2499/2451 2452/2500/2452 2454/2502/2454
f 2444/2492/2444 2445/2493/2445 2451/2499/2451 2453/2501/2453
f 2455/2503/2455 2456/2504/2456 2422/2470/2422 2447/2495/2447
f 2457/2505/2457 2455/2503/2455 2447/2495/2447 2443/2491/2443
f 2458/2506/2458 2459/2507/2459 2456/2504/2456 2455/2503/2455
f 2460/2508/2460 2458/2506/2458 2455/2503/2455 2457/2505/2457
f 1998/2046/1998 2461/2509/2461 2441/2489/2441 1944/1992/1944
f 2001/2049/2001 2462/2510/2462 2461/2509/2461 1998/2046/1998
f 2461/2509/2461 2457/2505/2457 2443/2491/2443 2441/2489/2441
f 2462/2510/2462 2460/2508/2460 2457/2505/2457 2461/2509/2461
f 2463/2511/2463 2009/2057/2009 2012/2060/2012 2464/2512/2464
f 2465/2513/2465 2463/2511/2463 2464/2512/2464 2466/2514/2466
f 2462/2510/2462 2001/2049/2001 2009/2057/2009 2463/2511/2463
f 2460/2508/2460 2462/2510/2462 2463/2511/2463 2465/2513/2465
f 2467/2515/2467 2468/2516/2468 2469/2517/2469 2470/2518/2470
f 2459/2507/2459 2458/2506/2458 2468/2516/2468 2467/2515/2467
f 2468/2516/2468 2465/2513/2465 2466/2514/2466 2469/2517/2469
f 2458/2506/2458 2460/2508/2460 2465/2513/2465 2468/2516/2468
f 2471/2519/2471 2394/2442/2394 2374/2422/2374 2430/2478/2430
f 2472/2520/2472 2471/2519/2471 2430/2478/2430 2425/2473/2425
f 2473/2521/2473 2396/2444/2396 2394/2442/2394 2471/2519/2471
f 2474/2522/2474 2473/2521/2473 2471/2519/2471 2472/2520/2472
f 2456/2504/2456 2475/2523/2475 2423/2471/2423 2422/2470/2422
f 2459/2507/2459 2476/2524/2476 2475/2523/2475 2456/2504/2456
f 2475/2523/2475 2472/2520/2472 2425/2473/2425 2423/2471/2423
f 2476/2524/2476 2474/2522/2474 2472/2520/2472 2475/2523/2475
f 2477/2525/2477 2467/2515/2467 2470/2518/2470 2478/2526/2478
f 2479/2527/2479 2477/2525/2477 2478/2526/2478 2480/2528/2480
f 2476/2524/2476 2459/2507/2459 2467/2515/2467 2477/2525/2477
f 2474/2522/2474 2476/2524/2476 2477/2525/2477 2479/2527/2479
f 2399/2447/2399 2481/2529/2481 2482/2530/2482 2400/2448/2400
f 2396/2444/2396 2473/2521/2473 2481/2529/2481 2399/2447/2399
f 2481/2529/2481 2479/2527/2479 2480/2528/2480 2482/2530/2482
f 2473/2521/2473 2474/2522/2474 2479/2527/2479 2481/2529/2481
f 2483/2531/2483 2484/2532/2484 2485/2533/2485 2486/2534/2486
f 2487/2535/2487 2483/2531/2483 2486/2534/2486 2488/2536/2488
f 2489/2537/2489 2490/2538/2490 2484/2532/2484 2483/2531/2483
f 2491/2539/2491 2489/2537/2489 2483/2531/2483 2487/2535/2487
f 2492/2540/2492 2493/2541/2493 2494/2542/2494 2495/2543/2495
f 2496/2544/2496 2497/2545/2497 2493/2541/2493 2492/2540/2492
f 2493/2541/2493 2487/2535/2487 2488/2536/2488 2494/2542/2494
f 2497/2545/2497 2491/2539/2491 2487/2535/2487 2493/2541/2493
f 2498/2546/2498 2499/2547/2499 1949/1997/1949 2454/2502/2454
f 2500/2548/2500 2498/2546/2498 2454/2502/2454 2452/2500/2452
f 2497/2545/2497 2496/2544/2496 2499/2547/2499 2498/2546/2498
f 2491/2539/2491 2497/2545/2497 2498/2546/2498 2500/2548/2500
f 2501/2549/2501 2502/2550/2502 2450/2498/2450 2439/2487/2439
f 2490/2538/2490 2489/2537/2489 2502/2550/2502 2501/2549/2501
f 2502/2550/2502 2500/2548/2500 2452/2500/2452 2450/2498/2450
f 2489/2537/2489 2491/2539/2491 2500/2548/2500 2502/2550/2502
f 2503/2551/2503 1906/1954/1906 1882/1930/1882 2504/2552/2504
f 2505/2553/2505 2503/2551/2503 2504/2552/2504 2506/2554/2506
f 2507/2555/2507 1908/1956/1908 1906/1954/1906 2503/2551/2503
f 2508/2556/2508 2507/2555/2507 2503/2551/2503 2505/2553/2505
f 2484/2532/2484 2509/2557/2509 2510/2558/2510 2485/2533/2485
f 2490/2538/2490 2511/2559/2511 2509/2557/2509 2484/2532/2484
f 2509/2557/2509 2505/2553/2505 2506/2554/2506 2510/2558/2510
f 2511/2559/2511 2508/2556/2508 2505/2553/2505 2509/2557/2509
f 2512/2560/2512 2501/2549/2501 2439/2487/2439 2438/2486/2438
f 2513/2561/2513 2512/2560/2512 2438/2486/2438 2435/2483/2435
f 2511/2559/2511 2490/2538/2490 2501/2549/2501 2512/2560/2512
f 2508/2556/2508 2511/2559/2511 2512/2560/2512 2513/2561/2513
f 1911/1959/1911 2514/2562/2514 2433/2481/2433 1912/1960/1912
f 1908/1956/1908 2507/2555/2507 2514/2562/2514 1911/1959/1911
f 2514/2562/2514 2513/2561/2513 2435/2483/2435 2433/2481/2433
f 2507/2555/2507 2508/2556/2508 2513/2561/2513 2514/2562/2514
f 2515/2563/2515 2486/2534/2486 2485/2533/2485 2510/2558/2510
f 2516/2564/2516 2515/2563/2515 2510/2558/2510 2506/2554/2506
f 2517/2565/2517 2488/2536/2488 2486/2534/2486 2515/2563/2515
f 2518/2566/2518 2517/2565/2517 2515/2563/2515 2516/2564/2516
f 1881/1929/1881 2519/2567/2519 2504/2552/2504 1882/1930/1882
f 1887/1935/1887 2520/2568/2520 2519/2567/2519 1881/1929/1881
f 2519/2567/2519 2516/2564/2516 2506/2554/2506 2504/2552/2504
f 2520/2568/2520 2518/2566/2518 2516/2564/2516 2519/2567/2519
f 2521/2569/2521 1896/1944/1896 1899/1947/1899 2522/2570/2522
f 2523/2571/2523 2521/2569/2521 2522/2570/2522 2524/2572/2524
f 2520/2568/2520 1887/1935/1887 1896/1944/1896 2521/2569/2521
f 2518/2566/2518 2520/2568/2520 2521/2569/2521 2523/2571/2523
f 2494/2542/2494 2525/2573/2525 2526/2574/2526 2495/2543/2495
f 2488/2536/2488 2517/2565/2517 2525/2573/2525 2494/2542/2494
f 2525/2573/2525 2523/2571/2523 2524/2572/2524 2526/2574/2526
f 2517/2565/2517 2518/2566/2518 2523/2571/2523 2525/2573/2525
f 2527/2575/2527 2528/2576/2528 2529/2577/2529 2530/2578/2530
f 2531/2579/2531 2527/2575/2527 2530/2578/2530 2532/2580/2532
f 2533/2581/2533 2534/2582/2534 2528/2576/2528 2527/2575/2527
f 2535/2583/2535 2533/2581/2533 2527/2575/2527 2531/2579/2531
f 2536/2584/2536 2537/2585/2537 2538/2586/2538 2539/2587/2539
f 2540/2588/2540 2541/2589/2541 2537/2585/2537 2536/2584/2536
f 2537/2585/2537 2531/2579/2531 2532/2580/2532 2538/2586/2538
f 2541/2589/2541 2535/2583/2535 2531/2579/2531 2537/2585/2537
f 2542/2590/2542 2543/2591/2543 2544/2592/2544 2545/2593/2545
f 2546/2594/2546 2542/2590/2542 2545/2593/2545 2547/2595/2547
f 2541/2589/2541 2540/2588/2540 2543/2591/2543 2542/2590/2542
f 2535/2583/2535 2541/2589/2541 2542/2590/2542 2546/2594/2546
f 2548/2596/2548 2549/2597/2549 2550/2598/2550 2551/2599/2551
f 2534/2582/2534 2533/2581/2533 2549/2597/2549 2548/2596/2548
f 2549/2597/2549 2546/2594/2546 2547/2595/2547 2550/2598/2550
f 2533/2581/2533 2535/2583/2535 2546/2594/2546 2549/2597/2549
f 2552/2600/2552 2553/2601/2553 2554/2602/2554 2555/2603/2555
f 2556/2604/2556 2552/2600/2552 2555/2603/2555 2557/2605/2557
f 2558/2606/2558 2559/2607/2559 2553/2601/2553 2552/2600/2552
f 2560/2608/2560 2558/2606/2558 2552/2600/2552 2556/2604/2556
f 2528/2576/2528 2561/2609/2561 2562/2610/2562 2529/2577/2529
f 2534/2582/2534 2563/2611/2563 2561/2609/2561 2528/2576/2528
f 2561/2609/2561 2556/2604/2556 2557/2605/2557 2562/2610/2562
f 2563/2611/2563 2560/2608/2560 2556/2604/2556 2561/2609/2561
f 2564/2612/2564 2548/2596/2548 2551/2599/2551 2565/2613/2565
f 2566/2614/2566 2564/2612/2564 2565/2613/2565 2567/2615/2567
f 2563/2611/2563 2534/2582/2534 2548/2596/2548 2564/2612/2564
f 2560/2608/2560 2563/2611/2563 2564/2612/2564 2566/2614/2566
f 2568/2616/2568 2569/2617/2569 2570/2618/2570 2571/2619/2571
f 2559/2607/2559 2558/2606/2558 2569/2617/2569 2568/2616/2568
f 2569/2617/2569 2566/2614/2566 2567/2615/2567 2570/2618/2570
f 2558/2606/2558 2560/2608/2560 2566/2614/2566 2569/2617/2569
f 2572/2620/2572 2530/2578/2530 2529/2577/2529 2562/2610/2562
f 2573/2621/2573 2572/2620/2572 2562/2610/2562 2557/2605/2557
f 2574/2622/2574 2532/2580/2532 2530/2578/2530 2572/2620/2572
f 2575/2623/2575 2574/2622/2574 2572/2620/2572 2573/2621/2573
f 2576/2624/2576 2577/2625/2577 2555/2603/2555 2554/2602/2554
f 2578/2626/2578 2579/2627/2579 2577/2625/2577 2576/2624/2576
f 2577/2625/2577 2573/2621/2573 2557/2605/2557 2555/2603/2555
f 2579/2627/2579 2575/2623/2575 2573/2621/2573 2577/2625/2577
f 2580/2628/2580 2581/2629/2581 2582/2630/2582 2583/2631/2583
f 2584/2632/2584 2580/2628/2580 2583/2631/2583 2585/2633/2585
f 2579/2627/2579 2578/2626/2578 2581/2629/2581 2580/2628/2580
f 2575/2623/2575 2579/2627/2579 2580/2628/2580 2584/2632/2584
f 2538/2586/2538 2586/2634/2586 2587/2635/2587 2539/2587/2539
f 2532/2580/2532 2574/2622/2574 2586/2634/2586 2538/2586/2538
f 2586/2634/2586 2584/2632/2584 2585/2633/2585 2587/2635/2587
f 2574/2622/2574 2575/2623/2575 2584/2632/2584 2586/2634/2586
f 2588/2636/2588 2589/2637/2589 2590/2638/2590 2591/2639/2591
f 2592/2640/2592 2588/2636/2588 2591/2639/2591 2593/2641/2593
f 2594/2642/2594 2595/2643/2595 2589/2637/2589 2588/2636/2588
f 2596/2644/2596 2594/2642/2594 2588/2636/2588 2592/2640/2592
f 2597/2645/2597 2598/2646/2598 2599/2647/2599 2600/2648/2600
f 2601/2649/2601 2602/2650/2602 2598/2646/2598 2597/2645/2597
f 2598/2646/2598 2592/2640/2592 2593/2641/2593 2599/2647/2599
f 2602/2650/2602 2596/2644/2596 2592/2640/2592 2598/2646/2598
f 2603/2651/2603 2604/2652/2604 2605/2653/2605 2606/2654/2606
f 2607/2655/2607 2603/2651/2603 2606/2654/2606 2608/2656/2608
f 2602/2650/2602 2601/2649/2601 2604/2652/2604 2603/2651/2603
f 2596/2644/2596 2602/2650/2602 2603/2651/2603 2607/2655/2607
f 2609/2657/2609 2610/2658/2610 2611/2659/2611 2612/2660/2612
f 2595/2643/2595 2594/2642/2594 2610/2658/2610 2609/2657/2609
f 2610/2658/2610 2607/2655/2607 2608/2656/2608 2611/2659/2611
f 2594/2642/2594 2596/2644/2596 2607/2655/2607 2610/2658/2610
f 2613/2661/2613 2614/2662/2614 2615/2663/2615 2616/2664/2616
f 2617/2665/2617 2613/2661/2613 2616/2664/2616 2618/2666/2618
f 2619/2667/2619 2620/2668/2620 2614/2662/2614 2613/2661/2613
f 2621/2669/2621 2619/2667/2619 2613/2661/2613 2617/2665/2617
f 2589/2637/2589 2622/2670/2622 2623/2671/2623 2590/2638/2590
f 2595/2643/2595 2624/2672/2624 2622/2670/2622 2589/2637/2589
f 2622/2670/2622 2617/2665/2617 2618/2666/2618 2623/2671/2623
f 2624/2672/2624 2621/2669/2621 2617/2665/2617 2622/2670/2622
f 2625/2673/2625 2609/2657/2609 2612/2660/2612 2626/2674/2626
f 2627/2675/2627 2625/2673/2625 2626/2674/2626 2628/2676/2628
f 2624/2672/2624 2595/2643/2595 2609/2657/2609 2625/2673/2625
f 2621/2669/2621 2624/2672/2624 2625/2673/2625 2627/2675/2627
f 2629/2677/2629 2630/2678/2630 2631/2679/2631 2632/2680/2632
f 2620/2668/2620 2619/2667/2619 2630/2678/2630 2629/2677/2629
f 2630/2678/2630 2627/2675/2627 2628/2676/2628 2631/2679/2631
f 2619/2667/2619 2621/2669/2621 2627/2675/2627 2630/2678/2630
f 2633/2681/2633 2634/2682/2634 2590/2638/2590 2623/2671/2623
f 2635/2683/2635 2633/2681/2633 2623/2671/2623 2618/2666/2618
f 2636/2684/2636 2637/2685/2637 2634/2682/2634 2633/2681/2633
f 2638/2686/2638 2636/2684/2636 2633/2681/2633 2635/2683/2635
f 2639/2687/2639 2640/2688/2640 2616/2664/2616 2615/2663/2615
f 2641/2689/2641 2642/2690/2642 2640/2688/2640 2639/2687/2639
f 2640/2688/2640 2635/2683/2635 2618/2666/2618 2616/2664/2616
f 2642/2690/2642 2638/2686/2638 2635/2683/2635 2640/2688/2640
f 2643/2691/2643 2644/2692/2644 2582/2630/2582 2581/2629/2581
f 2645/2693/2645 2643/2691/2643 2581/2629/2581 2578/2626/2578
f 2642/2690/2642 2641/2689/2641 2644/2692/2644 2643/2691/2643
f 2638/2686/2638 2642/2690/2642 2643/2691/2643 2645/2693/2645
f 2646/2694/2646 2647/2695/2647 2576/2624/2576 2554/2602/2554
f 2637/2685/2637 2636/2684/2636 2647/2695/2647 2646/2694/2646
f 2647/2695/2647 2645/2693/2645 2578/2626/2578 2576/2624/2576
f 2636/2684/2636 2638/2686/2638 2645/2693/2645 2647/2695/2647
f 2648/2696/2648 2649/2697/2649 2600/2648/2600 2599/2647/2599
f 2650/2698/2650 2648/2696/2648 2599/2647/2599 2593/2641/2593
f 2651/2699/2651 2652/2700/2652 2649/2697/2649 2648/2696/2648
f 2653/2701/2653 2651/2699/2651 2648/2696/2648 2650/2698/2650
f 2634/2682/2634 2654/2702/2654 2591/2639/2591 2590/2638/2590
f 2637/2685/2637 2655/2703/2655 2654/2702/2654 2634/2682/2634
f 2654/2702/2654 2650/2698/2650 2593/2641/2593 2591/2639/2591
f 2655/2703/2655 2653/2701/2653 2650/2698/2650 2654/2702/2654
f 2656/2704/2656 2646/2694/2646 2554/2602/2554 2553/2601/2553
f 2657/2705/2657 2656/2704/2656 2553/2601/2553 2559/2607/2559
f 2655/2703/2655 2637/2685/2637 2646/2694/2646 2656/2704/2656
f 2653/2701/2653 2655/2703/2655 2656/2704/2656 2657/2705/2657
f 2658/2706/2658 2659/2707/2659 2568/2616/2568 2571/2619/2571
f 2652/2700/2652 2651/2699/2651 2659/2707/2659 2658/2706/2658
f 2659/2707/2659 2657/2705/2657 2559/2607/2559 2568/2616/2568
f 2651/2699/2651 2653/2701/2653 2657/2705/2657 2659/2707/2659
f 2660/2708/2660 2661/2709/2661 2662/2710/2662 2663/2711/2663
f 2664/2712/2664 2660/2708/2660 2663/2711/2663 2665/2713/2665
f 2666/2714/2666 2667/2715/2667 2661/2709/2661 2660/2708/2660
f 2668/2716/2668 2666/2714/2666 2660/2708/2660 2664/2712/2664
f 2669/2717/2669 2670/2718/2670 2671/2719/2671 2672/2720/2672
f 2673/2721/2673 2674/2722/2674 2670/2718/2670 2669/2717/2669
f 2670/2718/2670 2664/2712/2664 2665/2713/2665 2671/2719/2671
f 2674/2722/2674 2668/2716/2668 2664/2712/2664 2670/2718/2670
f 2675/2723/2675 2676/2724/2676 2677/2725/2677 2678/2726/2678
f 2679/2727/2679 2675/2723/2675 2678/2726/2678 2680/2728/2680
f 2674/2722/2674 2673/2721/2673 2676/2724/2676 2675/2723/2675
f 2668/2716/2668 2674/2722/2674 2675/2723/2675 2679/2727/2679
f 2681/2729/2681 2682/2730/2682 2683/2731/2683 2684/2732/2684
f 2667/2715/2667 2666/2714/2666 2682/2730/2682 2681/2729/2681
f 2682/2730/2682 2679/2727/2679 2680/2728/2680 2683/2731/2683
f 2666/2714/2666 2668/2716/2668 2679/2727/2679 2682/2730/2682
f 2685/2733/2685 2686/2734/2686 2687/2735/2687 2688/2736/2688
f 2689/2737/2689 2685/2733/2685 2688/2736/2688 2690/2738/2690
f 2691/2739/2691 2692/2740/2692 2686/2734/2686 2685/2733/2685
f 2693/2741/2693 2691/2739/2691 2685/2733/2685 2689/2737/2689
f 2661/2709/2661 2694/2742/2694 2695/2743/2695 2662/2710/2662
f 2667/2715/2667 2696/2744/2696 2694/2742/2694 2661/2709/2661
f 2694/2742/2694 2689/2737/2689 2690/2738/2690 2695/2743/2695
f 2696/2744/2696 2693/2741/2693 2689/2737/2689 2694/2742/2694
f 2697/2745/2697 2681/2729/2681 2684/2732/2684 2698/2746/2698
f 2699/2747/2699 2697/2745/2697 2698/2746/2698 2700/2748/2700
f 2696/2744/2696 2667/2715/2667 2681/2729/2681 2697/2745/2697
f 2693/2741/2693 2696/2744/2696 2697/2745/2697 2699/2747/2699
f 2701/2749/2701 2702/2750/2702 2703/2751/2703 2704/2752/2704
f 2692/2740/2692 2691/2739/2691 2702/2750/2702 2701/2749/2701
f 2702/2750/2702 2699/2747/2699 2700/2748/2700 2703/2751/2703
f 2691/2739/2691 2693/2741/2693 2699/2747/2699 2702/2750/2702
f 2705/2753/2705 2706/2754/2706 2662/2710/2662 2695/2743/2695
f 2707/2755/2707 2705/2753/2705 2695/2743/2695 2690/2738/2690
f 2708/2756/2708 2709/2757/2709 2706/2754/2706 2705/2753/2705
f 2710/2758/2710 2708/2756/2708 2705/2753/2705 2707/2755/2707
f 2711/2759/2711 2712/2760/2712 2688/2736/2688 2687/2735/2687
f 2713/2761/2713 2714/2762/2714 2712/2760/2712 2711/2759/2711
f 2712/2760/2712 2707/2755/2707 2690/2738/2690 2688/2736/2688
f 2714/2762/2714 2710/2758/2710 2707/2755/2707 2712/2760/2712
f 2715/2763/2715 2716/2764/2716 2632/2680/2632 2631/2679/2631
f 2717/2765/2717 2715/2763/2715 2631/2679/2631 2628/2676/2628
f 2714/2762/2714 2713/2761/2713 2716/2764/2716 2715/2763/2715
f 2710/2758/2710 2714/2762/2714 2715/2763/2715 2717/2765/2717
f 2718/2766/2718 2719/2767/2719 2626/2674/2626 2612/2660/2612
f 2709/2757/2709 2708/2756/2708 2719/2767/2719 2718/2766/2718
f 2719/2767/2719 2717/2765/2717 2628/2676/2628 2626/2674/2626
f 2708/2756/2708 2710/2758/2710 2717/2765/2717 2719/2767/2719
f 2720/2768/2720 2721/2769/2721 2672/2720/2672 2671/2719/2671
f 2722/2770/2722 2720/2768/2720 2671/2719/2671 2665/2713/2665
f 2723/2771/2723 2724/2772/2724 2721/2769/2721 2720/2768/2720
f 2725/2773/2725 2723/2771/2723 2720/2768/2720 2722/2770/2722
f 2706/2754/2706 2726/2774/2726 2663/2711/2663 2662/2710/2662
f 2709/2757/2709 2727/2775/2727 2726/2774/2726 2706/2754/2706
f 2726/2774/2726 2722/2770/2722 2665/2713/2665 2663/2711/2663
f 2727/2775/2727 2725/2773/2725 2722/2770/2722 2726/2774/2726
f 2728/2776/2728 2718/2766/2718 2612/2660/2612 2611/2659/2611
f 2729/2777/2729 2728/2776/2728 2611/2659/2611 2608/2656/2608
f 2727/2775/2727 2709/2757/2709 2718/2766/2718 2728/2776/2728
f 2725/2773/2725 2727/2775/2727 2728/2776/2728 2729/2777/2729
f 2730/2778/2730 2731/2779/2731 2606/2654/2606 2605/2653/2605
f 2724/2772/2724 2723/2771/2723 2731/2779/2731 2730/2778/2730
f 2731/2779/2731 2729/2777/2729 2608/2656/2608 2606/2654/2606
f 2723/2771/2723 2725/2773/2725 2729/2777/2729 2731/2779/2731
f 2732/2780/2732 2733/2781/2733 2734/2782/2734 2735/2783/2735
f 2736/2784/2736 2732/2780/2732 2735/2783/2735 2737/2785/2737
f 2738/2786/2738 2739/2787/2739 2733/2781/2733 2732/2780/2732
f 2740/2788/2740 2738/2786/2738 2732/2780/2732 2736/2784/2736
f 2741/2789/2741 2742/2790/2742 2743/2791/2743 2744/2792/2744
f 2745/2793/2745 2746/2794/2746 2742/2790/2742 2741/2789/2741
f 2742/2790/2742 2736/2784/2736 2737/2785/2737 2743/2791/2743
f 2746/2794/2746 2740/2788/2740 2736/2784/2736 2742/2790/2742
f 2747/2795/2747 2748/2796/2748 2749/2797/2749 2750/2798/2750
f 2751/2799/2751 2747/2795/2747 2750/2798/2750 2752/2800/2752
f 2746/2794/2746 2745/2793/2745 2748/2796/2748 2747/2795/2747
f 2740/2788/2740 2746/2794/2746 2747/2795/2747 2751/2799/2751
f 2753/2801/2753 2754/2802/2754 2755/2803/2755 2756/2804/2756
f 2739/2787/2739 2738/2786/2738 2754/2802/2754 2753/2801/2753
f 2754/2802/2754 2751/2799/2751 2752/2800/2752 2755/2803/2755
f 2738/2786/2738 2740/2788/2740 2751/2799/2751 2754/2802/2754
f 2757/2805/2757 2758/2806/2758 2759/2807/2759 2760/2808/2760
f 2761/2809/2761 2757/2805/2757 2760/2808/2760 2762/2810/2762
f 2763/2811/2763 2764/2812/2764 2758/2806/2758 2757/2805/2757
f 2765/2813/2765 2763/2811/2763 2757/2805/2757 2761/2809/2761
f 2733/2781/2733 2766/2814/2766 2767/2815/2767 2734/2782/2734
f 2739/2787/2739 2768/2816/2768 2766/2814/2766 2733/2781/2733
f 2766/2814/2766 2761/2809/2761 2762/2810/2762 2767/2815/2767
f 2768/2816/2768 2765/2813/2765 2761/2809/2761 2766/2814/2766
f 2769/2817/2769 2753/2801/2753 2756/2804/2756 2770/2818/2770
f 2771/2819/2771 2769/2817/2769 2770/2818/2770 2772/2820/2772
f 2768/2816/2768 2739/2787/2739 2753/2801/2753 2769/2817/2769
f 2765/2813/2765 2768/2816/2768 2769/2817/2769 2771/2819/2771
f 2773/2821/2773 2774/2822/2774 2775/2823/2775 2776/2824/2776
f 2764/2812/2764 2763/2811/2763 2774/2822/2774 2773/2821/2773
f 2774/2822/2774 2771/2819/2771 2772/2820/2772 2775/2823/2775
f 2763/2811/2763 2765/2813/2765 2771/2819/2771 2774/2822/2774
f 2777/2825/2777 2778/2826/2778 2734/2782/2734 2767/2815/2767
f 2779/2827/2779 2777/2825/2777 2767/2815/2767 2762/2810/2762
f 2780/2828/2780 2781/2829/2781 2778/2826/2778 2777/2825/2777
f 2782/2830/2782 2780/2828/2780 2777/2825/2777 2779/2827/2779
f 2783/2831/2783 2784/2832/2784 2760/2808/2760 2759/2807/2759
f 2785/2833/2785 2786/2834/2786 2784/2832/2784 2783/2831/2783
f 2784/2832/2784 2779/2827/2779 2762/2810/2762 2760/2808/2760
f 2786/2834/2786 2782/2830/2782 2779/2827/2779 2784/2832/2784
f 2787/2835/2787 2788/2836/2788 2789/2837/2789 2790/2838/2790
f 2791/2839/2791 2787/2835/2787 2790/2838/2790 2792/2840/2792
f 2786/2834/2786 2785/2833/2785 2788/2836/2788 2787/2835/2787
f 2782/2830/2782 2786/2834/2786 2787/2835/2787 2791/2839/2791
f 2793/2841/2793 2794/2842/2794 2795/2843/2795 2796/2844/2796
f 2781/2829/2781 2780/2828/2780 2794/2842/2794 2793/2841/2793
f 2794/2842/2794 2791/2839/2791 2792/2840/2792 2795/2843/2795
f 2780/2828/2780 2782/2830/2782 2791/2839/2791 2794/2842/2794
f 2797/2845/2797 2798/2846/2798 2744/2792/2744 2743/2791/2743
f 2799/2847/2799 2797/2845/2797 2743/2791/2743 2737/2785/2737
f 2800/2848/2800 2801/2849/2801 2798/2846/2798 2797/2845/2797
f 2802/2850/2802 2800/2848/2800 2797/2845/2797 2799/2847/2799
f 2778/2826/2778 2803/2851/2803 2735/2783/2735 2734/2782/2734
f 2781/2829/2781 2804/2852/2804 2803/2851/2803 2778/2826/2778
f 2803/2851/2803 2799/2847/2799 2737/2785/2737 2735/2783/2735
f 2804/2852/2804 2802/2850/2802 2799/2847/2799 2803/2851/2803
f 2805/2853/2805 2793/2841/2793 2796/2844/2796 2806/2854/2806
f 2807/2855/2807 2805/2853/2805 2806/2854/2806 2808/2856/2808
f 2804/2852/2804 2781/2829/2781 2793/2841/2793 2805/2853/2805
f 2802/2850/2802 2804/2852/2804 2805/2853/2805 2807/2855/2807
f 2809/2857/2809 2810/2858/2810 2811/2859/2811 2812/2860/2812
f 2801/2849/2801 2800/2848/2800 2810/2858/2810 2809/2857/2809
f 2810/2858/2810 2807/2855/2807 2808/2856/2808 2811/2859/2811
f 2800/2848/2800 2802/2850/2802 2807/2855/2807 2810/2858/2810
f 2813/2861/2813 2814/2862/2814 2815/2863/2815 2816/2864/2816
f 2817/2865/2817 2813/2861/2813 2816/2864/2816 2818/2866/2818
f 2819/2867/2819 2820/2868/2820 2814/2862/2814 2813/2861/2813
f 2821/2869/2821 2819/2867/2819 2813/2861/2813 2817/2865/2817
f 2822/2870/2822 2823/2871/2823 2824/2872/2824 2825/2873/2825
f 2826/2874/2826 2827/2875/2827 2823/2871/2823 2822/2870/2822
f 2823/2871/2823 2817/2865/2817 2818/2866/2818 2824/2872/2824
f 2827/2875/2827 2821/2869/2821 2817/2865/2817 2823/2871/2823
f 2828/2876/2828 2829/2877/2829 2830/2878/2830 2831/2879/2831
f 2832/2880/2832 2828/2876/2828 2831/2879/2831 2833/2881/2833
f 2827/2875/2827 2826/2874/2826 2829/2877/2829 2828/2876/2828
f 2821/2869/2821 2827/2875/2827 2828/2876/2828 2832/2880/2832
f 2834/2882/2834 2835/2883/2835 2836/2884/2836 2837/2885/2837
f 2820/2868/2820 2819/2867/2819 2835/2883/2835 2834/2882/2834
f 2835/2883/2835 2832/2880/2832 2833/2881/2833 2836/2884/2836
f 2819/2867/2819 2821/2869/2821 2832/2880/2832 2835/2883/2835
f 2838/2886/2838 2839/2887/2839 2840/2888/2840 2841/2889/2841
f 2842/2890/2842 2838/2886/2838 2841/2889/2841 2843/2891/2843
f 2844/2892/2844 2845/2893/2845 2839/2887/2839 2838/2886/2838
f 2846/2894/2846 2844/2892/2844 2838/2886/2838 2842/2890/2842
f 2814/2862/2814 2847/2895/2847 2848/2896/2848 2815/2863/2815
f 2820/2868/2820 2849/2897/2849 2847/2895/2847 2814/2862/2814
f 2847/2895/2847 2842/2890/2842 2843/2891/2843 2848/2896/2848
f 2849/2897/2849 2846/2894/2846 2842/2890/2842 2847/2895/2847
f 2850/2898/2850 2834/2882/2834 2837/2885/2837 2851/2899/2851
f 2852/2900/2852 2850/2898/2850 2851/2899/2851 2853/2901/2853
f 2849/2897/2849 2820/2868/2820 2834/2882/2834 2850/2898/2850
f 2846/2894/2846 2849/2897/2849 2850/2898/2850 2852/2900/2852
f 2854/2902/2854 2855/2903/2855 2856/2904/2856 2857/2905/2857
f 2845/2893/2845 2844/2892/2844 2855/2903/2855 2854/2902/2854
f 2855/2903/2855 2852/2900/2852 2853/2901/2853 2856/2904/2856
f 2844/2892/2844 2846/2894/2846 2852/2900/2852 2855/2903/2855
f 2858/2906/2858 2859/2907/2859 2815/2863/2815 2848/2896/2848
f 2860/2908/2860 2858/2906/2858 2848/2896/2848 2843/2891/2843
f 2861/2909/2861 2862/2910/2862 2859/2907/2859 2858/2906/2858
f 2863/2911/2863 2861/2909/2861 2858/2906/2858 2860/2908/2860
f 2864/2912/2864 2865/2913/2865 2841/2889/2841 2840/2888/2840
f 2866/2914/2866 2867/2915/2867 2865/2913/2865 2864/2912/2864
f 2865/2913/2865 2860/2908/2860 2843/2891/2843 2841/2889/2841
f 2867/2915/2867 2863/2911/2863 2860/2908/2860 2865/2913/2865
f 2868/2916/2868 2869/2917/2869 2776/2824/2776 2775/2823/2775
f 2870/2918/2870 2868/2916/2868 2775/2823/2775 2772/2820/2772
f 2867/2915/2867 2866/2914/2866 2869/2917/2869 2868/2916/2868
f 2863/2911/2863 2867/2915/2867 2868/2916/2868 2870/2918/2870
f 2871/2919/2871 2872/2920/2872 2770/2818/2770 2756/2804/2756
f 2862/2910/2862 2861/2909/2861 2872/2920/2872 2871/2919/2871
f 2872/2920/2872 2870/2918/2870 2772/2820/2772 2770/2818/2770
f 2861/2909/2861 2863/2911/2863 2870/2918/2870 2872/2920/2872
f 2873/2921/2873 2874/2922/2874 2825/2873/2825 2824/2872/2824
f 2875/2923/2875 2873/2921/2873 2824/2872/2824 2818/2866/2818
f 2876/2924/2876 2877/2925/2877 2874/2922/2874 2873/2921/2873
f 2878/2926/2878 2876/2924/2876 2873/2921/2873 2875/2923/2875
f 2859/2907/2859 2879/2927/2879 2816/2864/2816 2815/2863/2815
f 2862/2910/2862 2880/2928/2880 2879/2927/2879 2859/2907/2859
f 2879/2927/2879 2875/2923/2875 2818/2866/2818 2816/2864/2816
f 2880/2928/2880 2878/2926/2878 2875/2923/2875 2879/2927/2879
f 2881/2929/2881 2871/2919/2871 2756/2804/2756 2755/2803/2755
f 2882/2930/2882 2881/2929/2881 2755/2803/2755 2752/2800/2752
f 2880/2928/2880 2862/2910/2862 2871/2919/2871 2881/2929/2881
f 2878/2926/2878 2880/2928/2880 2881/2929/2881 2882/2930/2882
f 2883/2931/2883 2884/2932/2884 2750/2798/2750 2749/2797/2749
f 2877/2925/2877 2876/2924/2876 2884/2932/2884 2883/2931/2883
f 2884/2932/2884 2882/2930/2882 2752/2800/2752 2750/2798/2750
f 2876/2924/2876 2878/2926/2878 2882/2930/2882 2884/2932/2884
f 2885/2933/2885 2886/2934/2886 2887/2935/2887 2888/2936/2888
f 2889/2937/2889 2885/2933/2885 2888/2936/2888 2890/2938/2890
f 2891/2939/2891 2892/2940/2892 2886/2934/2886 2885/2933/2885
f 2893/2941/2893 2891/2939/2891 2885/2933/2885 2889/2937/2889
f 2894/2942/2894 2895/2943/2895 2896/2944/2896 2897/2945/2897
f 2898/2946/2898 2899/2947/2899 2895/2943/2895 2894/2942/2894
f 2895/2943/2895 2889/2937/2889 2890/2938/2890 2896/2944/2896
f 2899/2947/2899 2893/2941/2893 2889/2937/2889 2895/2943/2895
f 2900/2948/2900 2901/2949/2901 2902/2950/2902 2903/2951/2903
f 2904/2952/2904 2900/2948/2900 2903/2951/2903 2905/2953/2905
f 2899/2947/2899 2898/2946/2898 2901/2949/2901 2900/2948/2900
f 2893/2941/2893 2899/2947/2899 2900/2948/2900 2904/2952/2904
f 2906/2954/2906 2907/2955/2907 2908/2956/2908 2909/2957/2909
f 2892/2940/2892 2891/2939/2891 2907/2955/2907 2906/2954/2906
f 2907/2955/2907 2904/2952/2904 2905/2953/2905 2908/2956/2908
f 2891/2939/2891 2893/2941/2893 2904/2952/2904 2907/2955/2907
f 2910/2958/2910 2911/2959/2911 2912/2960/2912 2913/2961/2913
f 2914/2962/2914 2910/2958/2910 2913/2961/2913 2915/2963/2915
f 2916/2964/2916 2917/2965/2917 2911/2959/2911 2910/2958/2910
f 2918/2966/2918 2916/2964/2916 2910/2958/2910 2914/2962/2914
f 2886/2934/2886 2919/2967/2919 2920/2968/2920 2887/2935/2887
f 2892/2940/2892 2921/2969/2921 2919/2967/2919 2886/2934/2886
f 2919/2967/2919 2914/2962/2914 2915/2963/2915 2920/2968/2920
f 2921/2969/2921 2918/2966/2918 2914/2962/2914 2919/2967/2919
f 2922/2970/2922 2906/2954/2906 2909/2957/2909 2923/2971/2923
f 2924/2972/2924 2922/2970/2922 2923/2971/2923 2925/2973/2925
f 2921/2969/2921 2892/2940/2892 2906/2954/2906 2922/2970/2922
f 2918/2966/2918 2921/2969/2921 2922/2970/2922 2924/2972/2924
f 2926/2974/2926 2927/2975/2927 2928/2976/2928 2929/2977/2929
f 2917/2965/2917 2916/2964/2916 2927/2975/2927 2926/2974/2926
f 2927/2975/2927 2924/2972/2924 2925/2973/2925 2928/2976/2928
f 2916/2964/2916 2918/2966/2918 2924/2972/2924 2927/2975/2927
f 2930/2978/2930 2931/2979/2931 2887/2935/2887 2920/2968/2920
f 2932/2980/2932 2930/2978/2930 2920/2968/2920 2915/2963/2915
f 2933/2981/2933 2934/2982/2934 2931/2979/2931 2930/2978/2930
f 2935/2983/2935 2933/2981/2933 2930/2978/2930 2932/2980/2932
f 2936/2984/2936 2937/2985/2937 2913/2961/2913 2912/2960/2912
f 2938/2986/2938 2939/2987/2939 2937/2985/2937 2936/2984/2936
f 2937/2985/2937 2932/2980/2932 2915/2963/2915 2913/2961/2913
f 2939/2987/2939 2935/2983/2935 2932/2980/2932 2937/2985/2937
f 2940/2988/2940 2941/2989/2941 2857/2905/2857 2856/2904/2856
f 2942/2990/2942 2940/2988/2940 2856/2904/2856 2853/2901/2853
f 2939/2987/2939 2938/2986/2938 2941/2989/2941 2940/2988/2940
f 2935/2983/2935 2939/2987/2939 2940/2988/2940 2942/2990/2942
f 2943/2991/2943 2944/2992/2944 2851/2899/2851 2837/2885/2837
f 2934/2982/2934 2933/2981/2933 2944/2992/2944 2943/2991/2943
f 2944/2992/2944 2942/2990/2942 2853/2901/2853 2851/2899/2851
f 2933/2981/2933 2935/2983/2935 2942/2990/2942 2944/2992/2944
f 2945/2993/2945 2946/2994/2946 2897/2945/2897 2896/2944/2896
f 2947/2995/2947 2945/2993/2945 2896/2944/2896 2890/2938/2890
f 2948/2996/2948 2949/2997/2949 2946/2994/2946 2945/2993/2945
f 2950/2998/2950 2948/2996/2948 2945/2993/2945 2947/2995/2947
f 2931/2979/2931 2951/2999/2951 2888/2936/2888 2887/2935/2887
f 2934/2982/2934 2952/3000/2952 2951/2999/2951 2931/2979/2931
f 2951/2999/2951 2947/2995/2947 2890/2938/2890 2888/2936/2888
f 2952/3000/2952 2950/2998/2950 2947/2995/2947 2951/2999/2951
f 2953/3001/2953 2943/2991/2943 2837/2885/2837 2836/2884/2836
f 2954/3002/2954 2953/3001/2953 2836/2884/2836 2833/2881/2833
f 2952/3000/2952 2934/2982/2934 2943/2991/2943 2953/3001/2953
f 2950/2998/2950 2952/3000/2952 2953/3001/2953 2954/3002/2954
f 2955/3003/2955 2956/3004/2956 2831/2879/2831 2830/2878/2830
f 2949/2997/2949 2948/2996/2948 2956/3004/2956 2955/3003/2955
f 2956/3004/2956 2954/3002/2954 2833/2881/2833 2831/2879/2831
f 2948/2996/2948 2950/2998/2950 2954/3002/2954 2956/3004/2956
f 2957/3005/2957 2958/3006/2958 2959/3007/2959 2960/3008/2960
f 2961/3009/2961 2957/3005/2957 2960/3008/2960 2962/3010/2962
f 2963/3011/2963 2964/3012/2964 2958/3006/2958 2957/3005/2957
f 2965/3013/2965 2963/3011/2963 2957/3005/2957 2961/3009/2961
f 2966/3014/2966 2967/3015/2967 2968/3016/2968 2969/3017/2969
f 2970/3018/2970 2971/3019/2971 2967/3015/2967 2966/3014/2966
f 2967/3015/2967 2961/3009/2961 2962/3010/2962 2968/3016/2968
f 2971/3019/2971 2965/3013/2965 2961/3009/2961 2967/3015/2967
f 2972/3020/2972 2973/3021/2973 2974/3022/2974 2975/3023/2975
f 2976/3024/2976 2972/3020/2972 2975/3023/2975 2977/3025/2977
f 2971/3019/2971 2970/3018/2970 2973/3021/2973 2972/3020/2972
f 2965/3013/2965 2971/3019/2971 2972/3020/2972 2976/3024/2976
f 2978/3026/2978 2979/3027/2979 2980/3028/2980 2981/3029/2981
f 2964/3012/2964 2963/3011/2963 2979/3027/2979 2978/3026/2978
f 2979/3027/2979 2976/3024/2976 2977/3025/2977 2980/3028/2980
f 2963/3011/2963 2965/3013/2965 2976/3024/2976 2979/3027/2979
f 2982/3030/2982 2983/3031/2983 2984/3032/2984 2985/3033/2985
f 2986/3034/2986 2982/3030/2982 2985/3033/2985 2987/3035/2987
f 2988/3036/2988 2989/3037/2989 2983/3031/2983 2982/3030/2982
f 2990/3038/2990 2988/3036/2988 2982/3030/2982 2986/3034/2986
f 2958/3006/2958 2991/3039/2991 2992/3040/2992 2959/3007/2959
f 2964/3012/2964 2993/3041/2993 2991/3039/2991 2958/3006/2958
f 2991/3039/2991 2986/3034/2986 2987/3035/2987 2992/3040/2992
f 2993/3041/2993 2990/3038/2990 2986/3034/2986 2991/3039/2991
f 2994/3042/2994 2978/3026/2978 2981/3029/2981 2995/3043/2995
f 2996/3044/2996 2994/3042/2994 2995/3043/2995 2997/3045/2997
f 2993/3041/2993 2964/3012/2964 2978/3026/2978 2994/3042/2994
f 2990/3038/2990 2993/3041/2993 2994/3042/2994 2996/3044/2996
f 2998/3046/2998 2999/3047/2999 3000/3048/3000 2544/2592/2544
f 2989/3037/2989 2988/3036/2988 2999/3047/2999 2998/3046/2998
f 2999/3047/2999 2996/3044/2996 2997/3045/2997 3000/3048/3000
f 2988/3036/2988 2990/3038/2990 2996/3044/2996 2999/3047/2999
f 3001/3049/3001 3002/3050/3002 2959/3007/2959 2992/3040/2992
f 3003/3051/3003 3001/3049/3001 2992/3040/2992 2987/3035/2987
f 3004/3052/3004 3005/3053/3005 3002/3050/3002 3001/3049/3001
f 3006/3054/3006 3004/3052/3004 3001/3049/3001 3003/3051/3003
f 3007/3055/3007 3008/3056/3008 2985/3033/2985 2984/3032/2984
f 3009/3057/3009 3010/3058/3010 3008/3056/3008 3007/3055/3007
f 3008/3056/3008 3003/3051/3003 2987/3035/2987 2985/3033/2985
f 3010/3058/3010 3006/3054/3006 3003/3051/3003 3008/3056/3008
f 3011/3059/3011 3012/3060/3012 2929/2977/2929 2928/2976/2928
f 3013/3061/3013 3011/3059/3011 2928/2976/2928 2925/2973/2925
f 3010/3058/3010 3009/3057/3009 3012/3060/3012 3011/3059/3011
f 3006/3054/3006 3010/3058/3010 3011/3059/3011 3013/3061/3013
f 3014/3062/3014 3015/3063/3015 2923/2971/2923 2909/2957/2909
f 3005/3053/3005 3004/3052/3004 3015/3063/3015 3014/3062/3014
f 3015/3063/3015 3013/3061/3013 2925/2973/2925 2923/2971/2923
f 3004/3052/3004 3006/3054/3006 3013/3061/3013 3015/3063/3015
f 3016/3064/3016 3017/3065/3017 2969/3017/2969 2968/3016/2968
f 3018/3066/3018 3016/3064/3016 2968/3016/2968 2962/3010/2962
f 3019/3067/3019 3020/3068/3020 3017/3065/3017 3016/3064/3016
f 3021/3069/3021 3019/3067/3019 3016/3064/3016 3018/3066/3018
f 3002/3050/3002 3022/3070/3022 2960/3008/2960 2959/3007/2959
f 3005/3053/3005 3023/3071/3023 3022/3070/3022 3002/3050/3002
f 3022/3070/3022 3018/3066/3018 2962/3010/2962 2960/3008/2960
f 3023/3071/3023 3021/3069/3021 3018/3066/3018 3022/3070/3022
f 3024/3072/3024 3014/3062/3014 2909/2957/2909 2908/2956/2908
f 3025/3073/3025 3024/3072/3024 2908/2956/2908 2905/2953/2905
f 3023/3071/3023 3005/3053/3005 3014/3062/3014 3024/3072/3024
f 3021/3069/3021 3023/3071/3023 3024/3072/3024 3025/3073/3025
f 3026/3074/3026 3027/3075/3027 2903/2951/2903 2902/2950/2902
f 3020/3068/3020 3019/3067/3019 3027/3075/3027 3026/3074/3026
f 3027/3075/3027 3025/3073/3025 2905/2953/2905 2903/2951/2903
f 3019/3067/3019 3021/3069/3021 3025/3073/3025 3027/3075/3027
f 3028/3076/3028 3029/3077/3029 3030/3078/3030 3031/3079/3031
f 3032/3080/3032 3028/3076/3028 3031/3079/3031 3033/3081/3033
f 3034/3082/3034 3035/3083/3035 3029/3077/3029 3028/3076/3028
f 3036/3084/3036 3034/3082/3034 3028/3076/3028 3032/3080/3032
f 3037/3085/3037 3038/3086/3038 3039/3087/3039 3040/3088/3040
f 3041/3089/3041 3042/3090/3042 3038/3086/3038 3037/3085/3037
f 3038/3086/3038 3032/3080/3032 3033/3081/3033 3039/3087/3039
f 3042/3090/3042 3036/3084/3036 3032/3080/3032 3038/3086/3038
f 3043/3091/3043 3044/3092/3044 3045/3093/3045 3046/3094/3046
f 3047/3095/3047 3043/3091/3043 3046/3094/3046 3048/3096/3048
f 3042/3090/3042 3041/3089/3041 3044/3092/3044 3043/3091/3043
f 3036/3084/3036 3042/3090/3042 3043/3091/3043 3047/3095/3047
f 3049/3097/3049 3050/3098/3050 3051/3099/3051 3052/3100/3052
f 3035/3083/3035 3034/3082/3034 3050/3098/3050 3049/3097/3049
f 3050/3098/3050 3047/3095/3047 3048/3096/3048 3051/3099/3051
f 3034/3082/3034 3036/3084/3036 3047/3095/3047 3050/3098/3050
f 3053/3101/3053 2565/2613/2565 2551/2599/2551 3054/3102/3054
f 3055/3103/3055 3053/3101/3053 3054/3102/3054 3056/3104/3056
f 3057/3105/3057 2567/2615/2567 2565/2613/2565 3053/3101/3053
f 3058/3106/3058 3057/3105/3057 3053/3101/3053 3055/3103/3055
f 3029/3077/3029 3059/3107/3059 3060/3108/3060 3030/3078/3030
f 3035/3083/3035 3061/3109/3061 3059/3107/3059 3029/3077/3029
f 3059/3107/3059 3055/3103/3055 3056/3104/3056 3060/3108/3060
f 3061/3109/3061 3058/3106/3058 3055/3103/3055 3059/3107/3059
f 3062/3110/3062 3049/3097/3049 3052/3100/3052 3063/3111/3063
f 3064/3112/3064 3062/3110/3062 3063/3111/3063 3065/3113/3065
f 3061/3109/3061 3035/3083/3035 3049/3097/3049 3062/3110/3062
f 3058/3106/3058 3061/3109/3061 3062/3110/3062 3064/3112/3064
f 2570/2618/2570 3066/3114/3066 3067/3115/3067 2571/2619/2571
f 2567/2615/2567 3057/3105/3057 3066/3114/3066 2570/2618/2570
f 3066/3114/3066 3064/3112/3064 3065/3113/3065 3067/3115/3067
f 3057/3105/3057 3058/3106/3058 3064/3112/3064 3066/3114/3066
f 3068/3116/3068 3069/3117/3069 3030/3078/3030 3060/3108/3060
f 3070/3118/3070 3068/3116/3068 3060/3108/3060 3056/3104/3056
f 3071/3119/3071 3072/3120/3072 3069/3117/3069 3068/3116/3068
f 3073/3121/3073 3071/3119/3071 3068/3116/3068 3070/3118/3070
f 2550/2598/2550 3074/3122/3074 3054/3102/3054 2551/2599/2551
f 2547/2595/2547 3075/3123/3075 3074/3122/3074 2550/2598/2550
f 3074/3122/3074 3070/3118/3070 3056/3104/3056 3054/3102/3054
f 3075/3123/3075 3073/3121/3073 3070/3118/3070 3074/3122/3074
f 3076/3124/3076 2545/2593/2545 2544/2592/2544 3000/3048/3000
f 3077/3125/3077 3076/3124/3076 3000/3048/3000 2997/3045/2997
f 3075/3123/3075 2547/2595/2547 2545/2593/2545 3076/3124/3076
f 3073/3121/3073 3075/3123/3075 3076/3124/3076 3077/3125/3077
f 3078/3126/3078 3079/3127/3079 2995/3043/2995 2981/3029/2981
f 3072/3120/3072 3071/3119/3071 3079/3127/3079 3078/3126/3078
f 3079/3127/3079 3077/3125/3077 2997/3045/2997 2995/3043/2995
f 3071/3119/3071 3073/3121/3073 3077/3125/3077 3079/3127/3079
f 3080/3128/3080 3081/3129/3081 3040/3088/3040 3039/3087/3039
f 3082/3130/3082 3080/3128/3080 3039/3087/3039 3033/3081/3033
f 3083/3131/3083 3084/3132/3084 3081/3129/3081 3080/3128/3080
f 3085/3133/3085 3083/3131/3083 3080/3128/3080 3082/3130/3082
f 3069/3117/3069 3086/3134/3086 3031/3079/3031 3030/3078/3030
f 3072/3120/3072 3087/3135/3087 3086/3134/3086 3069/3117/3069
f 3086/3134/3086 3082/3130/3082 3033/3081/3033 3031/3079/3031
f 3087/3135/3087 3085/3133/3085 3082/3130/3082 3086/3134/3086
f 3088/3136/3088 3078/3126/3078 2981/3029/2981 2980/3028/2980
f 3089/3137/3089 3088/3136/3088 2980/3028/2980 2977/3025/2977
f 3087/3135/3087 3072/3120/3072 3078/3126/3078 3088/3136/3088
f 3085/3133/3085 3087/3135/3087 3088/3136/3088 3089/3137/3089
f 3090/3138/3090 3091/3139/3091 2975/3023/2975 2974/3022/2974
f 3084/3132/3084 3083/3131/3083 3091/3139/3091 3090/3138/3090
f 3091/3139/3091 3089/3137/3089 2977/3025/2977 2975/3023/2975
f 3083/3131/3083 3085/3133/3085 3089/3137/3089 3091/3139/3091
f 3092/3140/3092 3093/3141/3093 3094/3142/3094 3095/3143/3095
f 3096/3144/3096 3092/3140/3092 3095/3143/3095 3097/3145/3097
f 3098/3146/3098 3099/3147/3099 3093/3141/3093 3092/3140/3092
f 3100/3148/3100 3098/3146/3098 3092/3140/3092 3096/3144/3096
f 3101/3149/3101 3102/3150/3102 3103/3151/3103 3104/3152/3104
f 3105/3153/3105 3106/3154/3106 3102/3150/3102 3101/3149/3101
f 3102/3150/3102 3096/3144/3096 3097/3145/3097 3103/3151/3103
f 3106/3154/3106 3100/3148/3100 3096/3144/3096 3102/3150/3102
f 3107/3155/3107 3108/3156/3108 3109/3157/3109 3110/3158/3110
f 3111/3159/3111 3107/3155/3107 3110/3158/3110 3112/3160/3112
f 3106/3154/3106 3105/3153/3105 3108/3156/3108 3107/3155/3107
f 3100/3148/3100 3106/3154/3106 3107/3155/3107 3111/3159/3111
f 3113/3161/3113 3114/3162/3114 3115/3163/3115 3116/3164/3116
f 3099/3147/3099 3098/3146/3098 3114/3162/3114 3113/3161/3113
f 3114/3162/3114 3111/3159/3111 3112/3160/3112 3115/3163/3115
f 3098/3146/3098 3100/3148/3100 3111/3159/3111 3114/3162/3114
f 3117/3165/3117 2597/2645/2597 2600/2648/2600 3118/3166/3118
f 3119/3167/3119 3117/3165/3117 3118/3166/3118 3120/3168/3120
f 3121/3169/3121 2601/2649/2601 2597/2645/2597 3117/3165/3117
f 3122/3170/3122 3121/3169/3121 3117/3165/3117 3119/3167/3119
f 3093/3141/3093 3123/3171/3123 3124/3172/3124 3094/3142/3094
f 3099/3147/3099 3125/3173/3125 3123/3171/3123 3093/3141/3093
f 3123/3171/3123 3119/3167/3119 3120/3168/3120 3124/3172/3124
f 3125/3173/3125 3122/3170/3122 3119/3167/3119 3123/3171/3123
f 3126/3174/3126 3113/3161/3113 3116/3164/3116 3127/3175/3127
f 3128/3176/3128 3126/3174/3126 3127/3175/3127 3129/3177/3129
f 3125/3173/3125 3099/3147/3099 3113/3161/3113 3126/3174/3126
f 3122/3170/3122 3125/3173/3125 3126/3174/3126 3128/3176/3128
f 2604/2652/2604 3130/3178/3130 3131/3179/3131 2605/2653/2605
f 2601/2649/2601 3121/3169/3121 3130/3178/3130 2604/2652/2604
f 3130/3178/3130 3128/3176/3128 3129/3177/3129 3131/3179/3131
f 3121/3169/3121 3122/3170/3122 3128/3176/3128 3130/3178/3130
f 3132/3180/3132 3133/3181/3133 3094/3142/3094 3124/3172/3124
f 3134/3182/3134 3132/3180/3132 3124/3172/3124 3120/3168/3120
f 3135/3183/3135 3136/3184/3136 3133/3181/3133 3132/3180/3132
f 3137/3185/3137 3135/3183/3135 3132/3180/3132 3134/3182/3134
f 2649/2697/2649 3138/3186/3138 3118/3166/3118 2600/2648/2600
f 2652/2700/2652 3139/3187/3139 3138/3186/3138 2649/2697/2649
f 3138/3186/3138 3134/3182/3134 3120/3168/3120 3118/3166/3118
f 3139/3187/3139 3137/3185/3137 3134/3182/3134 3138/3186/3138
f 3140/3188/3140 2658/2706/2658 2571/2619/2571 3067/3115/3067
f 3141/3189/3141 3140/3188/3140 3067/3115/3067 3065/3113/3065
f 3139/3187/3139 2652/2700/2652 2658/2706/2658 3140/3188/3140
f 3137/3185/3137 3139/3187/3139 3140/3188/3140 3141/3189/3141
f 3142/3190/3142 3143/3191/3143 3063/3111/3063 3052/3100/3052
f 3136/3184/3136 3135/3183/3135 3143/3191/3143 3142/3190/3142
f 3143/3191/3143 3141/3189/3141 3065/3113/3065 3063/3111/3063
f 3135/3183/3135 3137/3185/3137 3141/3189/3141 3143/3191/3143
f 3144/3192/3144 3145/3193/3145 3104/3152/3104 3103/3151/3103
f 3146/3194/3146 3144/3192/3144 3103/3151/3103 3097/3145/3097
f 3147/3195/3147 3148/3196/3148 3145/3193/3145 3144/3192/3144
f 3149/3197/3149 3147/3195/3147 3144/3192/3144 3146/3194/3146
f 3133/3181/3133 3150/3198/3150 3095/3143/3095 3094/3142/3094
f 3136/3184/3136 3151/3199/3151 3150/3198/3150 3133/3181/3133
f 3150/3198/3150 3146/3194/3146 3097/3145/3097 3095/3143/3095
f 3151/3199/3151 3149/3197/3149 3146/3194/3146 3150/3198/3150
f 3152/3200/3152 3142/3190/3142 3052/3100/3052 3051/3099/3051
f 3153/3201/3153 3152/3200/3152 3051/3099/3051 3048/3096/3048
f 3151/3199/3151 3136/3184/3136 3142/3190/3142 3152/3200/3152
f 3149/3197/3149 3151/3199/3151 3152/3200/3152 3153/3201/3153
f 3154/3202/3154 3155/3203/3155 3046/3094/3046 3045/3093/3045
f 3148/3196/3148 3147/3195/3147 3155/3203/3155 3154/3202/3154
f 3155/3203/3155 3153/3201/3153 3048/3096/3048 3046/3094/3046
f 3147/3195/3147 3149/3197/3149 3153/3201/3153 3155/3203/3155
f 3156/3204/3156 3157/3205/3157 3158/3206/3158 3159/3207/3159
f 3160/3208/3160 3156/3204/3156 3159/3207/3159 3161/3209/3161
f 3162/3210/3162 3163/3211/3163 3157/3205/3157 3156/3204/3156
f 3164/3212/3164 3162/3210/3162 3156/3204/3156 3160/3208/3160
f 3165/3213/3165 3166/3214/3166 3167/3215/3167 3168/3216/3168
f 3169/3217/3169 3170/3218/3170 3166/3214/3166 3165/3213/3165
f 3166/3214/3166 3160/3208/3160 3161/3209/3161 3167/3215/3167
f 3170/3218/3170 3164/3212/3164 3160/3208/3160 3166/3214/3166
f 3171/3219/3171 3172/3220/3172 3173/3221/3173 3174/3222/3174
f 3175/3223/3175 3171/3219/3171 3174/3222/3174 3176/3224/3176
f 3170/3218/3170 3169/3217/3169 3172/3220/3172 3171/3219/3171
f 3164/3212/3164 3170/3218/3170 3171/3219/3171 3175/3223/3175
f 3177/3225/3177 3178/3226/3178 3179/3227/3179 3180/3228/3180
f 3163/3211/3163 3162/3210/3162 3178/3226/3178 3177/3225/3177
f 3178/3226/3178 3175/3223/3175 3176/3224/3176 3179/3227/3179
f 3162/3210/3162 3164/3212/3164 3175/3223/3175 3178/3226/3178
f 3181/3229/3181 2669/2717/2669 2672/2720/2672 3182/3230/3182
f 3183/3231/3183 3181/3229/3181 3182/3230/3182 3184/3232/3184
f 3185/3233/3185 2673/2721/2673 2669/2717/2669 3181/3229/3181
f 3186/3234/3186 3185/3233/3185 3181/3229/3181 3183/3231/3183
f 3157/3205/3157 3187/3235/3187 3188/3236/3188 3158/3206/3158
f 3163/3211/3163 3189/3237/3189 3187/3235/3187 3157/3205/3157
f 3187/3235/3187 3183/3231/3183 3184/3232/3184 3188/3236/3188
f 3189/3237/3189 3186/3234/3186 3183/3231/3183 3187/3235/3187
f 3190/3238/3190 3177/3225/3177 3180/3228/3180 3191/3239/3191
f 3192/3240/3192 3190/3238/3190 3191/3239/3191 3193/3241/3193
f 3189/3237/3189 3163/3211/3163 3177/3225/3177 3190/3238/3190
f 3186/3234/3186 3189/3237/3189 3190/3238/3190 3192/3240/3192
f 2676/2724/2676 3194/3242/3194 3195/3243/3195 2677/2725/2677
f 2673/2721/2673 3185/3233/3185 3194/3242/3194 2676/2724/2676
f 3194/3242/3194 3192/3240/3192 3193/3241/3193 3195/3243/3195
f 3185/3233/3185 3186/3234/3186 3192/3240/3192 3194/3242/3194
f 3196/3244/3196 3197/3245/3197 3158/3206/3158 3188/3236/3188
f 3198/3246/3198 3196/3244/3196 3188/3236/3188 3184/3232/3184
f 3199/3247/3199 3200/3248/3200 3197/3245/3197 3196/3244/3196
f 3201/3249/3201 3199/3247/3199 3196/3244/3196 3198/3246/3198
f 2721/2769/2721 3202/3250/3202 3182/3230/3182 2672/2720/2672
f 2724/2772/2724 3203/3251/3203 3202/3250/3202 2721/2769/2721
f 3202/3250/3202 3198/3246/3198 3184/3232/3184 3182/3230/3182
f 3203/3251/3203 3201/3249/3201 3198/3246/3198 3202/3250/3202
f 3204/3252/3204 2730/2778/2730 2605/2653/2605 3131/3179/3131
f 3205/3253/3205 3204/3252/3204 3131/3179/3131 3129/3177/3129
f 3203/3251/3203 2724/2772/2724 2730/2778/2730 3204/3252/3204
f 3201/3249/3201 3203/3251/3203 3204/3252/3204 3205/3253/3205
f 3206/3254/3206 3207/3255/3207 3127/3175/3127 3116/3164/3116
f 3200/3248/3200 3199/3247/3199 3207/3255/3207 3206/3254/3206
f 3207/3255/3207 3205/3253/3205 3129/3177/3129 3127/3175/3127
f 3199/3247/3199 3201/3249/3201 3205/3253/3205 3207/3255/3207
f 3208/3256/3208 3209/3257/3209 3168/3216/3168 3167/3215/3167
f 3210/3258/3210 3208/3256/3208 3167/3215/3167 3161/3209/3161
f 3211/3259/3211 3212/3260/3212 3209/3257/3209 3208/3256/3208
f 3213/3261/3213 3211/3259/3211 3208/3256/3208 3210/3258/3210
f 3197/3245/3197 3214/3262/3214 3159/3207/3159 3158/3206/3158
f 3200/3248/3200 3215/3263/3215 3214/3262/3214 3197/3245/3197
f 3214/3262/3214 3210/3258/3210 3161/3209/3161 3159/3207/3159
f 3215/3263/3215 3213/3261/3213 3210/3258/3210 3214/3262/3214
f 3216/3264/3216 3206/3254/3206 3116/3164/3116 3115/3163/3115
f 3217/3265/3217 3216/3264/3216 3115/3163/3115 3112/3160/3112
f 3215/3263/3215 3200/3248/3200 3206/3254/3206 3216/3264/3216
f 3213/3261/3213 3215/3263/3215 3216/3264/3216 3217/3265/3217
f 3218/3266/3218 3219/3267/3219 3110/3158/3110 3109/3157/3109
f 3212/3260/3212 3211/3259/3211 3219/3267/3219 3218/3266/3218
f 3219/3267/3219 3217/3265/3217 3112/3160/3112 3110/3158/3110
f 3211/3259/3211 3213/3261/3213 3217/3265/3217 3219/3267/3219
f 3220/3268/3220 3221/3269/3221 3222/3270/3222 3223/3271/3223
f 3224/3272/3224 3220/3268/3220 3223/3271/3223 3225/3273/3225
f 3226/3274/3226 3227/3275/3227 3221/3269/3221 3220/3268/3220
f 3228/3276/3228 3226/3274/3226 3220/3268/3220 3224/3272/3224
f 3229/3277/3229 3230/3278/3230 3231/3279/3231 3232/3280/3232
f 3233/3281/3233 3234/3282/3234 3230/3278/3230 3229/3277/3229
f 3230/3278/3230 3224/3272/3224 3225/3273/3225 3231/3279/3231
f 3234/3282/3234 3228/3276/3228 3224/3272/3224 3230/3278/3230
f 3235/3283/3235 3236/3284/3236 2812/2860/2812 2811/2859/2811
f 3237/3285/3237 3235/3283/3235 2811/2859/2811 2808/2856/2808
f 3234/3282/3234 3233/3281/3233 3236/3284/3236 3235/3283/3235
f 3228/3276/3228 3234/3282/3234 3235/3283/3235 3237/3285/3237
f 3238/3286/3238 3239/3287/3239 2806/2854/2806 2796/2844/2796
f 3227/3275/3227 3226/3274/3226 3239/3287/3239 3238/3286/3238
f 3239/3287/3239 3237/3285/3237 2808/2856/2808 2806/2854/2806
f 3226/3274/3226 3228/3276/3228 3237/3285/3237 3239/3287/3239
f 3240/3288/3240 3241/3289/3241 3242/3290/3242 3243/3291/3243
f 3244/3292/3244 3240/3288/3240 3243/3291/3243 3245/3293/3245
f 3246/3294/3246 3247/3295/3247 3241/3289/3241 3240/3288/3240
f 3248/3296/3248 3246/3294/3246 3240/3288/3240 3244/3292/3244
f 3221/3269/3221 3249/3297/3249 3250/3298/3250 3222/3270/3222
f 3227/3275/3227 3251/3299/3251 3249/3297/3249 3221/3269/3221
f 3249/3297/3249 3244/3292/3244 3245/3293/3245 3250/3298/3250
f 3251/3299/3251 3248/3296/3248 3244/3292/3244 3249/3297/3249
f 3252/3300/3252 3238/3286/3238 2796/2844/2796 2795/2843/2795
f 3253/3301/3253 3252/3300/3252 2795/2843/2795 2792/2840/2792
f 3251/3299/3251 3227/3275/3227 3238/3286/3238 3252/3300/3252
f 3248/3296/3248 3251/3299/3251 3252/3300/3252 3253/3301/3253
f 3254/3302/3254 3255/3303/3255 2790/2838/2790 2789/2837/2789
f 3247/3295/3247 3246/3294/3246 3255/3303/3255 3254/3302/3254
f 3255/3303/3255 3253/3301/3253 2792/2840/2792 2790/2838/2790
f 3246/3294/3246 3248/3296/3248 3253/3301/3253 3255/3303/3255
f 3256/3304/3256 3257/3305/3257 3222/3270/3222 3250/3298/3250
f 3258/3306/3258 3256/3304/3256 3250/3298/3250 3245/3293/3245
f 3259/3307/3259 3260/3308/3260 3257/3305/3257 3256/3304/3256
f 3261/3309/3261 3259/3307/3259 3256/3304/3256 3258/3306/3258
f 3262/3310/3262 3263/3311/3263 3243/3291/3243 3242/3290/3242
f 3264/3312/3264 3265/3313/3265 3263/3311/3263 3262/3310/3262
f 3263/3311/3263 3258/3306/3258 3245/3293/3245 3243/3291/3243
f 3265/3313/3265 3261/3309/3261 3258/3306/3258 3263/3311/3263
f 3266/3314/3266 3267/3315/3267 2677/2725/2677 3195/3243/3195
f 3268/3316/3268 3266/3314/3266 3195/3243/3195 3193/3241/3193
f 3265/3313/3265 3264/3312/3264 3267/3315/3267 3266/3314/3266
f 3261/3309/3261 3265/3313/3265 3266/3314/3266 3268/3316/3268
f 3269/3317/3269 3270/3318/3270 3191/3239/3191 3180/3228/3180
f 3260/3308/3260 3259/3307/3259 3270/3318/3270 3269/3317/3269
f 3270/3318/3270 3268/3316/3268 3193/3241/3193 3191/3239/3191
f 3259/3307/3259 3261/3309/3261 3268/3316/3268 3270/3318/3270
f 3271/3319/3271 3272/3320/3272 3232/3280/3232 3231/3279/3231
f 3273/3321/3273 3271/3319/3271 3231/3279/3231 3225/3273/3225
f 3274/3322/3274 3275/3323/3275 3272/3320/3272 3271/3319/3271
f 3276/3324/3276 3274/3322/3274 3271/3319/3271 3273/3321/3273
f 3257/3305/3257 3277/3325/3277 3223/3271/3223 3222/3270/3222
f 3260/3308/3260 3278/3326/3278 3277/3325/3277 3257/3305/3257
f 3277/3325/3277 3273/3321/3273 3225/3273/3225 3223/3271/3223
f 3278/3326/3278 3276/3324/3276 3273/3321/3273 3277/3325/3277
f 3279/3327/3279 3269/3317/3269 3180/3228/3180 3179/3227/3179
f 3280/3328/3280 3279/3327/3279 3179/3227/3179 3176/3224/3176
f 3278/3326/3278 3260/3308/3260 3269/3317/3269 3279/3327/3279
f 3276/3324/3276 3278/3326/3278 3279/3327/3279 3280/3328/3280
f 3281/3329/3281 3282/3330/3282 3174/3222/3174 3173/3221/3173
f 3275/3323/3275 3274/3322/3274 3282/3330/3282 3281/3329/3281
f 3282/3330/3282 3280/3328/3280 3176/3224/3176 3174/3222/3174
f 3274/3322/3274 3276/3324/3276 3280/3328/3280 3282/3330/3282
f 3283/3331/3283 3284/3332/3284 3285/3333/3285 3286/3334/3286
f 3287/3335/3287 3283/3331/3283 3286/3334/3286 3288/3336/3288
f 3289/3337/3289 3290/3338/3290 3284/3332/3284 3283/3331/3283
f 3291/3339/3291 3289/3337/3289 3283/3331/3283 3287/3335/3287
f 3292/3340/3292 3293/3341/3293 3294/3342/3294 3295/3343/3295
f 3296/3344/3296 3297/3345/3297 3293/3341/3293 3292/3340/3292
f 3293/3341/3293 3287/3335/3287 3288/3336/3288 3294/3342/3294
f 3297/3345/3297 3291/3339/3291 3287/3335/3287 3293/3341/3293
f 3298/3346/3298 3299/3347/3299 2704/2752/2704 2703/2751/2703
f 3300/3348/3300 3298/3346/3298 2703/2751/2703 2700/2748/2700
f 3297/3345/3297 3296/3344/3296 3299/3347/3299 3298/3346/3298
f 3291/3339/3291 3297/3345/3297 3298/3346/3298 3300/3348/3300
f 3301/3349/3301 3302/3350/3302 2698/2746/2698 2684/2732/2684
f 3290/3338/3290 3289/3337/3289 3302/3350/3302 3301/3349/3301
f 3302/3350/3302 3300/3348/3300 2700/2748/2700 2698/2746/2698
f 3289/3337/3289 3291/3339/3291 3300/3348/3300 3302/3350/3302
f 3303/3351/3303 3262/3310/3262 3242/3290/3242 3304/3352/3304
f 3305/3353/3305 3303/3351/3303 3304/3352/3304 3306/3354/3306
f 3307/3355/3307 3264/3312/3264 3262/3310/3262 3303/3351/3303
f 3308/3356/3308 3307/3355/3307 3303/3351/3303 3305/3353/3305
f 3284/3332/3284 3309/3357/3309 3310/3358/3310 3285/3333/3285
f 3290/3338/3290 3311/3359/3311 3309/3357/3309 3284/3332/3284
f 3309/3357/3309 3305/3353/3305 3306/3354/3306 3310/3358/3310
f 3311/3359/3311 3308/3356/3308 3305/3353/3305 3309/3357/3309
f 3312/3360/3312 3301/3349/3301 2684/2732/2684 2683/2731/2683
f 3313/3361/3313 3312/3360/3312 2683/2731/2683 2680/2728/2680
f 3311/3359/3311 3290/3338/3290 3301/3349/3301 3312/3360/3312
f 3308/3356/3308 3311/3359/3311 3312/3360/3312 3313/3361/3313
f 3267/3315/3267 3314/3362/3314 2678/2726/2678 2677/2725/2677
f 3264/3312/3264 3307/3355/3307 3314/3362/3314 3267/3315/3267
f 3314/3362/3314 3313/3361/3313 2680/2728/2680 2678/2726/2678
f 3307/3355/3307 3308/3356/3308 3313/3361/3313 3314/3362/3314
f 3315/3363/3315 3286/3334/3286 3285/3333/3285 3310/3358/3310
f 3316/3364/3316 3315/3363/3315 3310/3358/3310 3306/3354/3306
f 3317/3365/3317 3288/3336/3288 3286/3334/3286 3315/3363/3315
f 3318/3366/3318 3317/3365/3317 3315/3363/3315 3316/3364/3316
f 3241/3289/3241 3319/3367/3319 3304/3352/3304 3242/3290/3242
f 3247/3295/3247 3320/3368/3320 3319/3367/3319 3241/3289/3241
f 3319/3367/3319 3316/3364/3316 3306/3354/3306 3304/3352/3304
f 3320/3368/3320 3318/3366/3318 3316/3364/3316 3319/3367/3319
f 3321/3369/3321 3254/3302/3254 2789/2837/2789 3322/3370/3322
f 3323/3371/3323 3321/3369/3321 3322/3370/3322 3324/3372/3324
f 3320/3368/3320 3247/3295/3247 3254/3302/3254 3321/3369/3321
f 3318/3366/3318 3320/3368/3320 3321/3369/3321 3323/3371/3323
f 3294/3342/3294 3325/3373/3325 3326/3374/3326 3295/3343/3295
f 3288/3336/3288 3317/3365/3317 3325/3373/3325 3294/3342/3294
f 3325/3373/3325 3323/3371/3323 3324/3372/3324 3326/3374/3326
f 3317/3365/3317 3318/3366/3318 3323/3371/3323 3325/3373/3325
f 3327/3375/3327 3328/3376/3328 3329/3377/3329 3330/3378/3330
f 3331/3379/3331 3327/3375/3327 3330/3378/3330 3332/3380/3332
f 3333/3381/3333 3334/3382/3334 3328/3376/3328 3327/3375/3327
f 3335/3383/3335 3333/3381/3333 3327/3375/3327 3331/3379/3331
f 3336/3384/3336 3337/3385/3337 3338/3386/3338 3339/3387/3339
f 3340/3388/3340 3341/3389/3341 3337/3385/3337 3336/3384/3336
f 3337/3385/3337 3331/3379/3331 3332/3380/3332 3338/3386/3338
f 3341/3389/3341 3335/3383/3335 3331/3379/3331 3337/3385/3337
f 3342/3390/3342 3343/3391/3343 1744/1792/1744 1743/1791/1743
f 3344/3392/3344 3342/3390/3342 1743/1791/1743 1740/1788/1740
f 3341/3389/3341 3340/3388/3340 3343/3391/3343 3342/3390/3342
f 3335/3383/3335 3341/3389/3341 3342/3390/3342 3344/3392/3344
f 3345/3393/3345 3346/3394/3346 1736/1784/1736 1739/1787/1739
f 3334/3382/3334 3333/3381/3333 3346/3394/3346 3345/3393/3345
f 3346/3394/3346 3344/3392/3344 1740/1788/1740 1736/1784/1736
f 3333/3381/3333 3335/3383/3335 3344/3392/3344 3346/3394/3346
f 3347/3395/3347 3348/3396/3348 3349/3397/3349 3350/3398/3350
f 3351/3399/3351 3347/3395/3347 3350/3398/3350 3352/3400/3352
f 3353/3401/3353 3354/3402/3354 3348/3396/3348 3347/3395/3347
f 3355/3403/3355 3353/3401/3353 3347/3395/3347 3351/3399/3351
f 3328/3376/3328 3356/3404/3356 3357/3405/3357 3329/3377/3329
f 3334/3382/3334 3358/3406/3358 3356/3404/3356 3328/3376/3328
f 3356/3404/3356 3351/3399/3351 3352/3400/3352 3357/3405/3357
f 3358/3406/3358 3355/3403/3355 3351/3399/3351 3356/3404/3356
f 3359/3407/3359 3345/3393/3345 1739/1787/1739 1787/1835/1787
f 3360/3408/3360 3359/3407/3359 1787/1835/1787 1785/1833/1785
f 3358/3406/3358 3334/3382/3334 3345/3393/3345 3359/3407/3359
f 3355/3403/3355 3358/3406/3358 3359/3407/3359 3360/3408/3360
f 3361/3409/3361 3362/3410/3362 1783/1831/1783 1782/1830/1782
f 3354/3402/3354 3353/3401/3353 3362/3410/3362 3361/3409/3361
f 3362/3410/3362 3360/3408/3360 1785/1833/1785 1783/1831/1783
f 3353/3401/3353 3355/3403/3355 3360/3408/3360 3362/3410/3362
f 3363/3411/3363 3364/3412/3364 3329/3377/3329 3357/3405/3357
f 3365/3413/3365 3363/3411/3363 3357/3405/3357 3352/3400/3352
f 3366/3414/3366 3367/3415/3367 3364/3412/3364 3363/3411/3363
f 3368/3416/3368 3366/3414/3366 3363/3411/3363 3365/3413/3365
f 3369/3417/3369 3370/3418/3370 3350/3398/3350 3349/3397/3349
f 3371/3419/3371 3372/3420/3372 3370/3418/3370 3369/3417/3369
f 3370/3418/3370 3365/3413/3365 3352/3400/3352 3350/3398/3350
f 3372/3420/3372 3368/3416/3368 3365/3413/3365 3370/3418/3370
f 3373/3421/3373 3374/3422/3374 2544/2592/2544 2543/2591/2543
f 3375/3423/3375 3373/3421/3373 2543/2591/2543 2540/2588/2540
f 3372/3424/3372 3371/3425/3371 3374/3422/3374 3373/3421/3373
f 3368/3426/3368 3372/3424/3372 3373/3421/3373 3375/3423/3375
f 3376/3427/3376 3377/3428/3377 2536/2584/2536 2539/2587/2539
f 3367/3429/3367 3366/3430/3366 3377/3428/3377 3376/3427/3376
f 3377/3428/3377 3375/3423/3375 2540/2588/2540 2536/2584/2536
f 3366/3430/3366 3368/3426/3368 3375/3423/3375 3377/3428/3377
f 3378/3431/3378 3379/3432/3379 3339/3387/3339 3338/3386/3338
f 3380/3433/3380 3378/3431/3378 3338/3386/3338 3332/3380/3332
f 3381/3434/3381 3382/3435/3382 3379/3432/3379 3378/3431/3378
f 3383/3436/3383 3381/3434/3381 3378/3431/3378 3380/3433/3380
f 3364/3412/3364 3384/3437/3384 3330/3378/3330 3329/3377/3329
f 3367/3415/3367 3385/3438/3385 3384/3437/3384 3364/3412/3364
f 3384/3437/3384 3380/3433/3380 3332/3380/3332 3330/3378/3330
f 3385/3438/3385 3383/3436/3383 3380/3433/3380 3384/3437/3384
f 3386/3439/3386 3376/3427/3376 2539/2587/2539 2587/2635/2587
f 3387/3440/3387 3386/3439/3386 2587/2635/2587 2585/2633/2585
f 3385/3441/3385 3367/3429/3367 3376/3427/3376 3386/3439/3386
f 3383/3442/3383 3385/3441/3385 3386/3439/3386 3387/3440/3387
f 3388/3443/3388 3389/3444/3389 2583/2631/2583 2582/2630/2582
f 3382/3445/3382 3381/3446/3381 3389/3444/3389 3388/3443/3388
f 3389/3444/3389 3387/3440/3387 2585/2633/2585 2583/2631/2583
f 3381/3446/3381 3383/3442/3383 3387/3440/3387 3389/3444/3389
f 3390/3447/3390 3391/3448/3391 3392/3449/3392 3393/3450/3393
f 3394/3451/3394 3390/3447/3390 3393/3450/3393 3395/3452/3395
f 3396/3453/3396 3397/3454/3397 3391/3448/3391 3390/3447/3390
f 3398/3455/3398 3396/3453/3396 3390/3447/3390 3394/3451/3394
f 3399/3456/3399 3400/3457/3400 3401/3458/3401 3402/3459/3402
f 3403/3460/3403 3404/3461/3404 3400/3457/3400 3399/3456/3399
f 3400/3457/3400 3394/3451/3394 3395/3452/3395 3401/3458/3401
f 3404/3461/3404 3398/3455/3398 3394/3451/3394 3400/3457/3400
f 3405/3462/3405 3406/3463/3406 1827/1875/1827 1826/1874/1826
f 3407/3464/3407 3405/3462/3405 1826/1874/1826 1823/1871/1823
f 3404/3461/3404 3403/3460/3403 3406/3463/3406 3405/3462/3405
f 3398/3455/3398 3404/3461/3404 3405/3462/3405 3407/3464/3407
f 3408/3465/3408 3409/3466/3409 1821/1869/1821 1807/1855/1807
f 3397/3454/3397 3396/3453/3396 3409/3466/3409 3408/3465/3408
f 3409/3466/3409 3407/3464/3407 1823/1871/1823 1821/1869/1821
f 3396/3453/3396 3398/3455/3398 3407/3464/3407 3409/3466/3409
f 3410/3467/3410 3336/3384/3336 3339/3387/3339 3411/3468/3411
f 3412/3469/3412 3410/3467/3410 3411/3468/3411 3413/3470/3413
f 3414/3471/3414 3340/3388/3340 3336/3384/3336 3410/3467/3410
f 3415/3472/3415 3414/3471/3414 3410/3467/3410 3412/3469/3412
f 3391/3448/3391 3416/3473/3416 3417/3474/3417 3392/3449/3392
f 3397/3454/3397 3418/3475/3418 3416/3473/3416 3391/3448/3391
f 3416/3473/3416 3412/3469/3412 3413/3470/3413 3417/3474/3417
f 3418/3475/3418 3415/3472/3415 3412/3469/3412 3416/3473/3416
f 3419/3476/3419 3408/3465/3408 1807/1855/1807 1806/1854/1806
f 3420/3477/3420 3419/3476/3419 1806/1854/1806 1803/1851/1803
f 3418/3475/3418 3397/3454/3397 3408/3465/3408 3419/3476/3419
f 3415/3472/3415 3418/3475/3418 3419/3476/3419 3420/3477/3420
f 3343/3391/3343 3421/3478/3421 1801/1849/1801 1744/1792/1744
f 3340/3388/3340 3414/3471/3414 3421/3478/3421 3343/3391/3343
f 3421/3478/3421 3420/3477/3420 1803/1851/1803 1801/1849/1801
f 3414/3471/3414 3415/3472/3415 3420/3477/3420 3421/3478/3421
f 3422/3479/3422 3423/3480/3423 3392/3449/3392 3417/3474/3417
f 3424/3481/3424 3422/3479/3422 3417/3474/3417 3413/3470/3413
f 3425/3482/3425 3426/3483/3426 3423/3480/3423 3422/3479/3422
f 3427/3484/3427 3425/3482/3425 3422/3479/3422 3424/3481/3424
f 3379/3432/3379 3428/3485/3428 3411/3468/3411 3339/3387/3339
f 3382/3435/3382 3429/3486/3429 3428/3485/3428 3379/3432/3379
f 3428/3485/3428 3424/3481/3424 3413/3470/3413 3411/3468/3411
f 3429/3486/3429 3427/3484/3427 3424/3481/3424 3428/3485/3428
f 3430/3487/3430 3388/3443/3388 2582/2630/2582 2644/2692/2644
f 3431/3488/3431 3430/3487/3430 2644/2692/2644 2641/2689/2641
f 3429/3489/3429 3382/3445/3382 3388/3443/3388 3430/3487/3430
f 3427/3490/3427 3429/3489/3429 3430/3487/3430 3431/3488/3431
f 3432/3491/3432 3433/3492/3433 2639/2687/2639 2615/2663/2615
f 3426/3493/3426 3425/3494/3425 3433/3492/3433 3432/3491/3432
f 3433/3492/3433 3431/3488/3431 2641/2689/2641 2639/2687/2639
f 3425/3494/3425 3427/3490/3427 3431/3488/3431 3433/3492/3433
f 3434/3495/3434 3435/3496/3435 3402/3459/3402 3401/3458/3401
f 3436/3497/3436 3434/3495/3434 3401/3458/3401 3395/3452/3395
f 3437/3498/3437 3438/3499/3438 3435/3496/3435 3434/3495/3434
f 3439/3500/3439 3437/3498/3437 3434/3495/3434 3436/3497/3436
f 3423/3480/3423 3440/3501/3440 3393/3450/3393 3392/3449/3392
f 3426/3483/3426 3441/3502/3441 3440/3501/3440 3423/3480/3423
f 3440/3501/3440 3436/3497/3436 3395/3452/3395 3393/3450/3393
f 3441/3502/3441 3439/3500/3439 3436/3497/3436 3440/3501/3440
f 3442/3503/3442 3432/3491/3432 2615/2663/2615 2614/2662/2614
f 3443/3504/3443 3442/3503/3442 2614/2662/2614 2620/2668/2620
f 3441/3505/3441 3426/3493/3426 3432/3491/3432 3442/3503/3442
f 3439/3506/3439 3441/3505/3441 3442/3503/3442 3443/3504/3443
f 3444/3507/3444 3445/3508/3445 2629/2677/2629 2632/2680/2632
f 3438/3509/3438 3437/3510/3437 3445/3508/3445 3444/3507/3444
f 3445/3508/3445 3443/3504/3443 2620/2668/2620 2629/2677/2629
f 3437/3510/3437 3439/3506/3439 3443/3504/3443 3445/3508/3445
f 3446/3511/3446 3447/3512/3447 3448/3513/3448 3449/3514/3449
f 3450/3515/3450 3446/3511/3446 3449/3514/3449 3451/3516/3451
f 3452/3517/3452 3453/3518/3453 3447/3512/3447 3446/3511/3446
f 3454/3519/3454 3452/3517/3452 3446/3511/3446 3450/3515/3450
f 3455/3520/3455 3456/3521/3456 3457/3522/3457 3458/3523/3458
f 3459/3524/3459 3460/3525/3460 3456/3521/3456 3455/3520/3455
f 3456/3521/3456 3450/3515/3450 3451/3516/3451 3457/3522/3457
f 3460/3525/3460 3454/3519/3454 3450/3515/3450 3456/3521/3456
f 3461/3526/3461 3462/3527/3462 1899/1947/1899 1898/1946/1898
f 3463/3528/3463 3461/3526/3461 1898/1946/1898 1895/1943/1895
f 3460/3525/3460 3459/3524/3459 3462/3527/3462 3461/3526/3461
f 3454/3519/3454 3460/3525/3460 3461/3526/3461 3463/3528/3463
f 3464/3529/3464 3465/3530/3465 1893/1941/1893 1879/1927/1879
f 3453/3518/3453 3452/3517/3452 3465/3530/3465 3464/3529/3464
f 3465/3530/3465 3463/3528/3463 1895/1943/1895 1893/1941/1893
f 3452/3517/3452 3454/3519/3454 3463/3528/3463 3465/3530/3465
f 3466/3531/3466 3399/3456/3399 3402/3459/3402 3467/3532/3467
f 3468/3533/3468 3466/3531/3466 3467/3532/3467 3469/3534/3469
f 3470/3535/3470 3403/3460/3403 3399/3456/3399 3466/3531/3466
f 3471/3536/3471 3470/3535/3470 3466/3531/3466 3468/3533/3468
f 3447/3512/3447 3472/3537/3472 3473/3538/3473 3448/3513/3448
f 3453/3518/3453 3474/3539/3474 3472/3537/3472 3447/3512/3447
f 3472/3537/3472 3468/3533/3468 3469/3534/3469 3473/3538/3473
f 3474/3539/3474 3471/3536/3471 3468/3533/3468 3472/3537/3472
f 3475/3540/3475 3464/3529/3464 1879/1927/1879 1878/1926/1878
f 3476/3541/3476 3475/3540/3475 1878/1926/1878 1875/1923/1875
f 3474/3539/3474 3453/3518/3453 3464/3529/3464 3475/3540/3475
f 3471/3536/3471 3474/3539/3474 3475/3540/3475 3476/3541/3476
f 3406/3463/3406 3477/3542/3477 1873/1921/1873 1827/1875/1827
f 3403/3460/3403 3470/3535/3470 3477/3542/3477 3406/3463/3406
f 3477/3542/3477 3476/3541/3476 1875/1923/1875 1873/1921/1873
f 3470/3535/3470 3471/3536/3471 3476/3541/3476 3477/3542/3477
f 3478/3543/3478 3479/3544/3479 3448/3513/3448 3473/3538/3473
f 3480/3545/3480 3478/3543/3478 3473/3538/3473 3469/3534/3469
f 3481/3546/3481 3482/3547/3482 3479/3544/3479 3478/3543/3478
f 3483/3548/3483 3481/3546/3481 3478/3543/3478 3480/3545/3480
f 3435/3496/3435 3484/3549/3484 3467/3532/3467 3402/3459/3402
f 3438/3499/3438 3485/3550/3485 3484/3549/3484 3435/3496/3435
f 3484/3549/3484 3480/3545/3480 3469/3534/3469 3467/3532/3467
f 3485/3550/3485 3483/3548/3483 3480/3545/3480 3484/3549/3484
f 3486/3551/3486 3444/3507/3444 2632/2680/2632 2716/2764/2716
f 3487/3552/3487 3486/3551/3486 2716/2764/2716 2713/2761/2713
f 3485/3553/3485 3438/3509/3438 3444/3507/3444 3486/3551/3486
f 3483/3554/3483 3485/3553/3485 3486/3551/3486 3487/3552/3487
f 3488/3555/3488 3489/3556/3489 2711/2759/2711 2687/2735/2687
f 3482/3557/3482 3481/3558/3481 3489/3556/3489 3488/3555/3488
f 3489/3556/3489 3487/3552/3487 2713/2761/2713 2711/2759/2711
f 3481/3558/3481 3483/3554/3483 3487/3552/3487 3489/3556/3489
f 3490/3559/3490 3491/3560/3491 3458/3523/3458 3457/3522/3457
f 3492/3561/3492 3490/3559/3490 3457/3522/3457 3451/3516/3451
f 3493/3562/3493 3494/3563/3494 3491/3560/3491 3490/3559/3490
f 3495/3564/3495 3493/3562/3493 3490/3559/3490 3492/3561/3492
f 3479/3544/3479 3496/3565/3496 3449/3514/3449 3448/3513/3448
f 3482/3547/3482 3497/3566/3497 3496/3565/3496 3479/3544/3479
f 3496/3565/3496 3492/3561/3492 3451/3516/3451 3449/3514/3449
f 3497/3566/3497 3495/3564/3495 3492/3561/3492 3496/3565/3496
f 3498/3567/3498 3488/3555/3488 2687/2735/2687 2686/2734/2686
f 3499/3568/3499 3498/3567/3498 2686/2734/2686 2692/2740/2692
f 3497/3569/3497 3482/3557/3482 3488/3555/3488 3498/3567/3498
f 3495/3570/3495 3497/3569/3497 3498/3567/3498 3499/3568/3499
f 3500/3571/3500 3501/3572/3501 2701/2749/2701 2704/2752/2704
f 3494/3573/3494 3493/3574/3493 3501/3572/3501 3500/3571/3500
f 3501/3572/3501 3499/3568/3499 2692/2740/2692 2701/2749/2701
f 3493/3574/3493 3495/3570/3495 3499/3568/3499 3501/3572/3501
f 3502/3575/3502 3503/3576/3503 3504/3577/3504 3505/3578/3505
f 3506/3579/3506 3502/3575/3502 3505/3578/3505 3507/3580/3507
f 3508/3581/3508 3509/3582/3509 3503/3576/3503 3502/3575/3502
f 3510/3583/3510 3508/3581/3508 3502/3575/3502 3506/3579/3506
f 3511/3584/3511 3512/3585/3512 3513/3586/3513 3514/3587/3514
f 3515/3588/3515 3516/3589/3516 3512/3585/3512 3511/3584/3511
f 3512/3585/3512 3506/3579/3506 3507/3580/3507 3513/3586/3513
f 3516/3589/3516 3510/3583/3510 3506/3579/3506 3512/3585/3512
f 3517/3590/3517 3518/3591/3518 1976/2024/1976 1975/2023/1975
f 3519/3592/3519 3517/3590/3517 1975/2023/1975 1972/2020/1972
f 3516/3589/3516 3515/3588/3515 3518/3591/3518 3517/3590/3517
f 3510/3583/3510 3516/3589/3516 3517/3590/3517 3519/3592/3519
f 3520/3593/3520 3521/3594/3521 1970/2018/1970 1956/2004/1956
f 3509/3582/3509 3508/3581/3508 3521/3594/3521 3520/3593/3520
f 3521/3594/3521 3519/3592/3519 1972/2020/1972 1970/2018/1970
f 3508/3581/3508 3510/3583/3510 3519/3592/3519 3521/3594/3521
f 3522/3595/3522 3523/3596/3523 3524/3597/3524 3525/3598/3525
f 3526/3599/3526 3522/3595/3522 3525/3598/3525 3527/3600/3527
f 3528/3601/3528 3529/3602/3529 3523/3596/3523 3522/3595/3522
f 3530/3603/3530 3528/3601/3528 3522/3595/3522 3526/3599/3526
f 3503/3576/3503 3531/3604/3531 3532/3605/3532 3504/3577/3504
f 3509/3582/3509 3533/3606/3533 3531/3604/3531 3503/3576/3503
f 3531/3604/3531 3526/3599/3526 3527/3600/3527 3532/3605/3532
f 3533/3606/3533 3530/3603/3530 3526/3599/3526 3531/3604/3531
f 3534/3607/3534 3520/3593/3520 1956/2004/1956 1955/2003/1955
f 3535/3608/3535 3534/3607/3534 1955/2003/1955 1952/2000/1952
f 3533/3606/3533 3509/3582/3509 3520/3593/3520 3534/3607/3534
f 3530/3603/3530 3533/3606/3533 3534/3607/3534 3535/3608/3535
f 3536/3609/3536 3537/3610/3537 1950/1998/1950 1949/1997/1949
f 3529/3602/3529 3528/3601/3528 3537/3610/3537 3536/3609/3536
f 3537/3610/3537 3535/3608/3535 1952/2000/1952 1950/1998/1950
f 3528/3601/3528 3530/3603/3530 3535/3608/3535 3537/3610/3537
f 3538/3611/3538 3539/3612/3539 3504/3577/3504 3532/3605/3532
f 3540/3613/3540 3538/3611/3538 3532/3605/3532 3527/3600/3527
f 3541/3614/3541 3542/3615/3542 3539/3612/3539 3538/3611/3538
f 3543/3616/3543 3541/3614/3541 3538/3611/3538 3540/3613/3540
f 3544/3617/3544 3545/3618/3545 3525/3598/3525 3524/3597/3524
f 3546/3619/3546 3547/3620/3547 3545/3618/3545 3544/3617/3544
f 3545/3618/3545 3540/3613/3540 3527/3600/3527 3525/3598/3525
f 3547/3620/3547 3543/3616/3543 3540/3613/3540 3545/3618/3545
f 3548/3621/3548 3549/3622/3549 2789/2837/2789 2788/2836/2788
f 3550/3623/3550 3548/3621/3548 2788/2836/2788 2785/2833/2785
f 3547/3624/3547 3546/3625/3546 3549/3622/3549 3548/3621/3548
f 3543/3626/3543 3547/3624/3547 3548/3621/3548 3550/3623/3550
f 3551/3627/3551 3552/3628/3552 2783/2831/2783 2759/2807/2759
f 3542/3629/3542 3541/3630/3541 3552/3628/3552 3551/3627/3551
f 3552/3628/3552 3550/3623/3550 2785/2833/2785 2783/2831/2783
f 3541/3630/3541 3543/3626/3543 3550/3623/3550 3552/3628/3552
f 3553/3631/3553 3554/3632/3554 3514/3587/3514 3513/3586/3513
f 3555/3633/3555 3553/3631/3553 3513/3586/3513 3507/3580/3507
f 3556/3634/3556 3557/3635/3557 3554/3632/3554 3553/3631/3553
f 3558/3636/3558 3556/3634/3556 3553/3631/3553 3555/3633/3555
f 3539/3612/3539 3559/3637/3559 3505/3578/3505 3504/3577/3504
f 3542/3615/3542 3560/3638/3560 3559/3637/3559 3539/3612/3539
f 3559/3637/3559 3555/3633/3555 3507/3580/3507 3505/3578/3505
f 3560/3638/3560 3558/3636/3558 3555/3633/3555 3559/3637/3559
f 3561/3639/3561 3551/3627/3551 2759/2807/2759 2758/2806/2758
f 3562/3640/3562 3561/3639/3561 2758/2806/2758 2764/2812/2764
f 3560/3641/3560 3542/3629/3542 3551/3627/3551 3561/3639/3561
f 3558/3642/3558 3560/3641/3560 3561/3639/3561 3562/3640/3562
f 3563/3643/3563 3564/3644/3564 2773/2821/2773 2776/2824/2776
f 3557/3645/3557 3556/3646/3556 3564/3644/3564 3563/3643/3563
f 3564/3644/3564 3562/3640/3562 2764/2812/2764 2773/2821/2773
f 3556/3646/3556 3558/3642/3558 3562/3640/3562 3564/3644/3564
f 3565/3647/3565 3566/3648/3566 3567/3649/3567 3568/3650/3568
f 3569/3651/3569 3565/3647/3565 3568/3650/3568 3570/3652/3570
f 3571/3653/3571 3572/3654/3572 3566/3648/3566 3565/3647/3565
f 3573/3655/3573 3571/3653/3571 3565/3647/3565 3569/3651/3569
f 3574/3656/3574 3575/3657/3575 3576/3658/3576 3577/3659/3577
f 3578/3660/3578 3579/3661/3579 3575/3657/3575 3574/3656/3574
f 3575/3657/3575 3569/3651/3569 3570/3652/3570 3576/3658/3576
f 3579/3661/3579 3573/3655/3573 3569/3651/3569 3575/3657/3575
f 3580/3662/3580 3581/3663/3581 2052/2100/2052 2051/2099/2051
f 3582/3664/3582 3580/3662/3580 2051/2099/2051 2048/2096/2048
f 3579/3661/3579 3578/3660/3578 3581/3663/3581 3580/3662/3580
f 3573/3655/3573 3579/3661/3579 3580/3662/3580 3582/3664/3582
f 3583/3665/3583 3584/3666/3584 2046/2094/2046 2032/2080/2032
f 3572/3654/3572 3571/3653/3571 3584/3666/3584 3583/3665/3583
f 3584/3666/3584 3582/3664/3582 2048/2096/2048 2046/2094/2046
f 3571/3653/3571 3573/3655/3573 3582/3664/3582 3584/3666/3584
f 3585/3667/3585 3511/3584/3511 3514/3587/3514 3586/3668/3586
f 3587/3669/3587 3585/3667/3585 3586/3668/3586 3588/3670/3588
f 3589/3671/3589 3515/3588/3515 3511/3584/3511 3585/3667/3585
f 3590/3672/3590 3589/3671/3589 3585/3667/3585 3587/3669/3587
f 3566/3648/3566 3591/3673/3591 3592/3674/3592 3567/3649/3567
f 3572/3654/3572 3593/3675/3593 3591/3673/3591 3566/3648/3566
f 3591/3673/3591 3587/3669/3587 3588/3670/3588 3592/3674/3592
f 3593/3675/3593 3590/3672/3590 3587/3669/3587 3591/3673/3591
f 3594/3676/3594 3583/3665/3583 2032/2080/2032 2031/2079/2031
f 3595/3677/3595 3594/3676/3594 2031/2079/2031 2028/2076/2028
f 3593/3675/3593 3572/3654/3572 3583/3665/3583 3594/3676/3594
f 3590/3672/3590 3593/3675/3593 3594/3676/3594 3595/3677/3595
f 3518/3591/3518 3596/3678/3596 2026/2074/2026 1976/2024/1976
f 3515/3588/3515 3589/3671/3589 3596/3678/3596 3518/3591/3518
f 3596/3678/3596 3595/3677/3595 2028/2076/2028 2026/2074/2026
f 3589/3671/3589 3590/3672/3590 3595/3677/3595 3596/3678/3596
f 3597/3679/3597 3598/3680/3598 3567/3649/3567 3592/3674/3592
f 3599/3681/3599 3597/3679/3597 3592/3674/3592 3588/3670/3588
f 3600/3682/3600 3601/3683/3601 3598/3680/3598 3597/3679/3597
f 3602/3684/3602 3600/3682/3600 3597/3679/3597 3599/3681/3599
f 3554/3632/3554 3603/3685/3603 3586/3668/3586 3514/3587/3514
f 3557/3635/3557 3604/3686/3604 3603/3685/3603 3554/3632/3554
f 3603/3685/3603 3599/3681/3599 3588/3670/3588 3586/3668/3586
f 3604/3686/3604 3602/3684/3602 3599/3681/3599 3603/3685/3603
f 3605/3687/3605 3563/3643/3563 2776/2824/2776 2869/2917/2869
f 3606/3688/3606 3605/3687/3605 2869/2917/2869 2866/2914/2866
f 3604/3689/3604 3557/3645/3557 3563/3643/3563 3605/3687/3605
f 3602/3690/3602 3604/3689/3604 3605/3687/3605 3606/3688/3606
f 3607/3691/3607 3608/3692/3608 2864/2912/2864 2840/2888/2840
f 3601/3693/3601 3600/3694/3600 3608/3692/3608 3607/3691/3607
f 3608/3692/3608 3606/3688/3606 2866/2914/2866 2864/2912/2864
f 3600/3694/3600 3602/3690/3602 3606/3688/3606 3608/3692/3608
f 3609/3695/3609 3610/3696/3610 3577/3659/3577 3576/3658/3576
f 3611/3697/3611 3609/3695/3609 3576/3658/3576 3570/3652/3570
f 3612/3698/3612 3613/3699/3613 3610/3696/3610 3609/3695/3609
f 3614/3700/3614 3612/3698/3612 3609/3695/3609 3611/3697/3611
f 3598/3680/3598 3615/3701/3615 3568/3650/3568 3567/3649/3567
f 3601/3683/3601 3616/3702/3616 3615/3701/3615 3598/3680/3598
f 3615/3701/3615 3611/3697/3611 3570/3652/3570 3568/3650/3568
f 3616/3702/3616 3614/3700/3614 3611/3697/3611 3615/3701/3615
f 3617/3703/3617 3607/3691/3607 2840/2888/2840 2839/2887/2839
f 3618/3704/3618 3617/3703/3617 2839/2887/2839 2845/2893/2845
f 3616/3705/3616 3601/3693/3601 3607/3691/3607 3617/3703/3617
f 3614/3706/3614 3616/3705/3616 3617/3703/3617 3618/3704/3618
f 3619/3707/3619 3620/3708/3620 2854/2902/2854 2857/2905/2857
f 3613/3709/3613 3612/3710/3612 3620/3708/3620 3619/3707/3619
f 3620/3708/3620 3618/3704/3618 2845/2893/2845 2854/2902/2854
f 3612/3710/3612 3614/3706/3614 3618/3704/3618 3620/3708/3620
f 3621/3711/3621 3622/3712/3622 3623/3713/3623 3624/3714/3624
f 3625/3715/3625 3621/3711/3621 3624/3714/3624 3626/3716/3626
f 3627/3717/3627 3628/3718/3628 3622/3712/3622 3621/3711/3621
f 3629/3719/3629 3627/3717/3627 3621/3711/3621 3625/3715/3625
f 3630/3720/3630 3631/3721/3631 3632/3722/3632 3633/3723/3633
f 3634/3724/3634 3635/3725/3635 3631/3721/3631 3630/3720/3630
f 3631/3721/3631 3625/3715/3625 3626/3716/3626 3632/3722/3632
f 3635/3725/3635 3629/3719/3629 3625/3715/3625 3631/3721/3631
f 3636/3726/3636 3637/3727/3637 2124/2172/2124 2123/2171/2123
f 3638/3728/3638 3636/3726/3636 2123/2171/2123 2120/2168/2120
f 3635/3725/3635 3634/3724/3634 3637/3727/3637 3636/3726/3636
f 3629/3719/3629 3635/3725/3635 3636/3726/3636 3638/3728/3638
f 3639/3729/3639 3640/3730/3640 2118/2166/2118 2104/2152/2104
f 3628/3718/3628 3627/3717/3627 3640/3730/3640 3639/3729/3639
f 3640/3730/3640 3638/3728/3638 2120/2168/2120 2118/2166/2118
f 3627/3717/3627 3629/3719/3629 3638/3728/3638 3640/3730/3640
f 3641/3731/3641 3574/3656/3574 3577/3659/3577 3642/3732/3642
f 3643/3733/3643 3641/3731/3641 3642/3732/3642 3644/3734/3644
f 3645/3735/3645 3578/3660/3578 3574/3656/3574 3641/3731/3641
f 3646/3736/3646 3645/3735/3645 3641/3731/3641 3643/3733/3643
f 3622/3712/3622 3647/3737/3647 3648/3738/3648 3623/3713/3623
f 3628/3718/3628 3649/3739/3649 3647/3737/3647 3622/3712/3622
f 3647/3737/3647 3643/3733/3643 3644/3734/3644 3648/3738/3648
f 3649/3739/3649 3646/3736/3646 3643/3733/3643 3647/3737/3647
f 3650/3740/3650 3639/3729/3639 2104/2152/2104 2103/2151/2103
f 3651/3741/3651 3650/3740/3650 2103/2151/2103 2100/2148/2100
f 3649/3739/3649 3628/3718/3628 3639/3729/3639 3650/3740/3650
f 3646/3736/3646 3649/3739/3649 3650/3740/3650 3651/3741/3651
f 3581/3663/3581 3652/3742/3652 2098/2146/2098 2052/2100/2052
f 3578/3660/3578 3645/3735/3645 3652/3742/3652 3581/3663/3581
f 3652/3742/3652 3651/3741/3651 2100/2148/2100 2098/2146/2098
f 3645/3735/3645 3646/3736/3646 3651/3741/3651 3652/3742/3652
f 3653/3743/3653 3654/3744/3654 3623/3713/3623 3648/3738/3648
f 3655/3745/3655 3653/3743/3653 3648/3738/3648 3644/3734/3644
f 3656/3746/3656 3657/3747/3657 3654/3744/3654 3653/3743/3653
f 3658/3748/3658 3656/3746/3656 3653/3743/3653 3655/3745/3655
f 3610/3696/3610 3659/3749/3659 3642/3732/3642 3577/3659/3577
f 3613/3699/3613 3660/3750/3660 3659/3749/3659 3610/3696/3610
f 3659/3749/3659 3655/3745/3655 3644/3734/3644 3642/3732/3642
f 3660/3750/3660 3658/3748/3658 3655/3745/3655 3659/3749/3659
f 3661/3751/3661 3619/3707/3619 2857/2905/2857 2941/2989/2941
f 3662/3752/3662 3661/3751/3661 2941/2989/2941 2938/2986/2938
f 3660/3753/3660 3613/3709/3613 3619/3707/3619 3661/3751/3661
f 3658/3754/3658 3660/3753/3660 3661/3751/3661 3662/3752/3662
f 3663/3755/3663 3664/3756/3664 2936/2984/2936 2912/2960/2912
f 3657/3757/3657 3656/3758/3656 3664/3756/3664 3663/3755/3663
f 3664/3756/3664 3662/3752/3662 2938/2986/2938 2936/2984/2936
f 3656/3758/3656 3658/3754/3658 3662/3752/3662 3664/3756/3664
f 3665/3759/3665 3666/3760/3666 3633/3723/3633 3632/3722/3632
f 3667/3761/3667 3665/3759/3665 3632/3722/3632 3626/3716/3626
f 3668/3762/3668 3669/3763/3669 3666/3760/3666 3665/3759/3665
f 3670/3764/3670 3668/3762/3668 3665/3759/3665 3667/3761/3667
f 3654/3744/3654 3671/3765/3671 3624/3714/3624 3623/3713/3623
f 3657/3747/3657 3672/3766/3672 3671/3765/3671 3654/3744/3654
f 3671/3765/3671 3667/3761/3667 3626/3716/3626 3624/3714/3624
f 3672/3766/3672 3670/3764/3670 3667/3761/3667 3671/3765/3671
f 3673/3767/3673 3663/3755/3663 2912/2960/2912 2911/2959/2911
f 3674/3768/3674 3673/3767/3673 2911/2959/2911 2917/2965/2917
f 3672/3769/3672 3657/3757/3657 3663/3755/3663 3673/3767/3673
f 3670/3770/3670 3672/3769/3672 3673/3767/3673 3674/3768/3674
f 3675/3771/3675 3676/3772/3676 2926/2974/2926 2929/2977/2929
f 3669/3773/3669 3668/3774/3668 3676/3772/3676 3675/3771/3675
f 3676/3772/3676 3674/3768/3674 2917/2965/2917 2926/2974/2926
f 3668/3774/3668 3670/3770/3670 3674/3768/3674 3676/3772/3676
f 3677/3775/3677 3678/3776/3678 3679/3777/3679 3680/3778/3680
f 3681/3779/3681 3677/3775/3677 3680/3778/3680 3682/3780/3682
f 3683/3781/3683 3684/3782/3684 3678/3776/3678 3677/3775/3677
f 3685/3783/3685 3683/3781/3683 3677/3775/3677 3681/3779/3681
f 3348/3396/3348 3686/3784/3686 3687/3785/3687 3349/3397/3349
f 3354/3402/3354 3688/3786/3688 3686/3784/3686 3348/3396/3348
f 3686/3784/3686 3681/3779/3681 3682/3780/3682 3687/3785/3687
f 3688/3786/3688 3685/3783/3685 3681/3779/3681 3686/3784/3686
f 3689/3787/3689 3361/3409/3361 1782/1830/1782 2195/2243/2195
f 3690/3788/3690 3689/3787/3689 2195/2243/2195 2192/2240/2192
f 3688/3786/3688 3354/3402/3354 3361/3409/3361 3689/3787/3689
f 3685/3783/3685 3688/3786/3688 3689/3787/3689 3690/3788/3690
f 3691/3789/3691 3692/3790/3692 2190/2238/2190 2176/2224/2176
f 3684/3782/3684 3683/3781/3683 3692/3790/3692 3691/3789/3691
f 3692/3790/3692 3690/3788/3690 2192/2240/2192 2190/2238/2190
f 3683/3781/3683 3685/3783/3685 3690/3788/3690 3692/3790/3692
f 3693/3791/3693 3630/3720/3630 3633/3723/3633 3694/3792/3694
f 3695/3793/3695 3693/3791/3693 3694/3792/3694 3696/3794/3696
f 3697/3795/3697 3634/3724/3634 3630/3720/3630 3693/3791/3693
f 3698/3796/3698 3697/3795/3697 3693/3791/3693 3695/3793/3695
f 3678/3776/3678 3699/3797/3699 3700/3798/3700 3679/3777/3679
f 3684/3782/3684 3701/3799/3701 3699/3797/3699 3678/3776/3678
f 3699/3797/3699 3695/3793/3695 3696/3794/3696 3700/3798/3700
f 3701/3799/3701 3698/3796/3698 3695/3793/3695 3699/3797/3699
f 3702/3800/3702 3691/3789/3691 2176/2224/2176 2175/2223/2175
f 3703/3801/3703 3702/3800/3702 2175/2223/2175 2172/2220/2172
f 3701/3799/3701 3684/3782/3684 3691/3789/3691 3702/3800/3702
f 3698/3796/3698 3701/3799/3701 3702/3800/3702 3703/3801/3703
f 3637/3727/3637 3704/3802/3704 2170/2218/2170 2124/2172/2124
f 3634/3724/3634 3697/3795/3697 3704/3802/3704 3637/3727/3637
f 3704/3802/3704 3703/3801/3703 2172/2220/2172 2170/2218/2170
f 3697/3795/3697 3698/3796/3698 3703/3801/3703 3704/3802/3704
f 3705/3803/3705 3706/3804/3706 3679/3777/3679 3700/3798/3700
f 3707/3805/3707 3705/3803/3705 3700/3798/3700 3696/3794/3696
f 3708/3806/3708 3709/3807/3709 3706/3804/3706 3705/3803/3705
f 3710/3808/3710 3708/3806/3708 3705/3803/3705 3707/3805/3707
f 3666/3760/3666 3711/3809/3711 3694/3792/3694 3633/3723/3633
f 3669/3763/3669 3712/3810/3712 3711/3809/3711 3666/3760/3666
f 3711/3809/3711 3707/3805/3707 3696/3794/3696 3694/3792/3694
f 3712/3810/3712 3710/3808/3710 3707/3805/3707 3711/3809/3711
f 3713/3811/3713 3675/3771/3675 2929/2977/2929 3012/3060/3012
f 3714/3812/3714 3713/3811/3713 3012/3060/3012 3009/3057/3009
f 3712/3813/3712 3669/3773/3669 3675/3771/3675 3713/3811/3713
f 3710/3814/3710 3712/3813/3712 3713/3811/3713 3714/3812/3714
f 3715/3815/3715 3716/3816/3716 3007/3055/3007 2984/3032/2984
f 3709/3817/3709 3708/3818/3708 3716/3816/3716 3715/3815/3715
f 3716/3816/3716 3714/3812/3714 3009/3057/3009 3007/3055/3007
f 3708/3818/3708 3710/3814/3710 3714/3812/3714 3716/3816/3716
f 3717/3819/3717 3369/3417/3369 3349/3397/3349 3687/3785/3687
f 3718/3820/3718 3717/3819/3717 3687/3785/3687 3682/3780/3682
f 3719/3821/3719 3371/3419/3371 3369/3417/3369 3717/3819/3717
f 3720/3822/3720 3719/3821/3719 3717/3819/3717 3718/3820/3718
f 3706/3804/3706 3721/3823/3721 3680/3778/3680 3679/3777/3679
f 3709/3807/3709 3722/3824/3722 3721/3823/3721 3706/3804/3706
f 3721/3823/3721 3718/3820/3718 3682/3780/3682 3680/3778/3680
f 3722/3824/3722 3720/3822/3720 3718/3820/3718 3721/3823/3721
f 3723/3825/3723 3715/3815/3715 2984/3032/2984 2983/3031/2983
f 3724/3826/3724 3723/3825/3723 2983/3031/2983 2989/3037/2989
f 3722/3827/3722 3709/3817/3709 3715/3815/3715 3723/3825/3723
f 3720/3828/3720 3722/3827/3722 3723/3825/3723 3724/3826/3724
f 3374/3422/3374 3725/3829/3725 2998/3046/2998 2544/2592/2544
f 3371/3425/3371 3719/3830/3719 3725/3829/3725 3374/3422/3374
f 3725/3829/3725 3724/3826/3724 2989/3037/2989 2998/3046/2998
f 3719/3830/3719 3720/3828/3720 3724/3826/3724 3725/3829/3725
f 3726/3831/3726 3727/3832/3727 3728/3833/3728 3729/3834/3729
f 3730/3835/3730 3726/3831/3726 3729/3834/3729 3731/3836/3731
f 3732/3837/3732 3733/3838/3733 3727/3832/3727 3726/3831/3726
f 3734/3839/3734 3732/3837/3732 3726/3831/3726 3730/3835/3730
f 3523/3596/3523 3735/3840/3735 3736/3841/3736 3524/3597/3524
f 3529/3602/3529 3737/3842/3737 3735/3840/3735 3523/3596/3523
f 3735/3840/3735 3730/3835/3730 3731/3836/3731 3736/3841/3736
f 3737/3842/3737 3734/3839/3734 3730/3835/3730 3735/3840/3735
f 3738/3843/3738 3536/3609/3536 1949/1997/1949 2499/2547/2499
f 3739/3844/3739 3738/3843/3738 2499/2547/2499 2496/2544/2496
f 3737/3842/3737 3529/3602/3529 3536/3609/3536 3738/3843/3738
f 3734/3839/3734 3737/3842/3737 3738/3843/3738 3739/3844/3739
f 3740/3845/3740 3741/3846/3741 2492/2540/2492 2495/2543/2495
f 3733/3838/3733 3732/3837/3732 3741/3846/3741 3740/3845/3740
f 3741/3846/3741 3739/3844/3739 2496/2544/2496 2492/2540/2492
f 3732/3837/3732 3734/3839/3734 3739/3844/3739 3741/3846/3741
f 3742/3847/3742 3455/3520/3455 3458/3523/3458 3743/3848/3743
f 3744/3849/3744 3742/3847/3742 3743/3848/3743 3745/3850/3745
f 3746/3851/3746 3459/3524/3459 3455/3520/3455 3742/3847/3742
f 3747/3852/3747 3746/3851/3746 3742/3847/3742 3744/3849/3744
f 3727/3832/3727 3748/3853/3748 3749/3854/3749 3728/3833/3728
f 3733/3838/3733 3750/3855/3750 3748/3853/3748 3727/3832/3727
f 3748/3853/3748 3744/3849/3744 3745/3850/3745 3749/3854/3749
f 3750/3855/3750 3747/3852/3747 3744/3849/3744 3748/3853/3748
f 3751/3856/3751 3740/3845/3740 2495/2543/2495 2526/2574/2526
f 3752/3857/3752 3751/3856/3751 2526/2574/2526 2524/2572/2524
f 3750/3855/3750 3733/3838/3733 3740/3845/3740 3751/3856/3751
f 3747/3852/3747 3750/3855/3750 3751/3856/3751 3752/3857/3752
f 3462/3527/3462 3753/3858/3753 2522/2570/2522 1899/1947/1899
f 3459/3524/3459 3746/3851/3746 3753/3858/3753 3462/3527/3462
f 3753/3858/3753 3752/3857/3752 2524/2572/2524 2522/2570/2522
f 3746/3851/3746 3747/3852/3747 3752/3857/3752 3753/3858/3753
f 3754/3859/3754 3755/3860/3755 3728/3833/3728 3749/3854/3749
f 3756/3861/3756 3754/3859/3754 3749/3854/3749 3745/3850/3745
f 3757/3862/3757 3758/3863/3758 3755/3860/3755 3754/3859/3754
f 3759/3864/3759 3757/3862/3757 3754/3859/3754 3756/3861/3756
f 3491/3560/3491 3760/3865/3760 3743/3848/3743 3458/3523/3458
f 3494/3563/3494 3761/3866/3761 3760/3865/3760 3491/3560/3491
f 3760/3865/3760 3756/3861/3756 3745/3850/3745 3743/3848/3743
f 3761/3866/3761 3759/3864/3759 3756/3861/3756 3760/3865/3760
f 3762/3867/3762 3500/3571/3500 2704/2752/2704 3299/3347/3299
f 3763/3868/3763 3762/3867/3762 3299/3347/3299 3296/3344/3296
f 3761/3869/3761 3494/3573/3494 3500/3571/3500 3762/3867/3762
f 3759/3870/3759 3761/3869/3761 3762/3867/3762 3763/3868/3763
f 3764/3871/3764 3765/3872/3765 3292/3340/3292 3295/3343/3295
f 3758/3873/3758 3757/3874/3757 3765/3872/3765 3764/3871/3764
f 3765/3872/3765 3763/3868/3763 3296/3344/3296 3292/3340/3292
f 3757/3874/3757 3759/3870/3759 3763/3868/3763 3765/3872/3765
f 3766/3875/3766 3544/3617/3544 3524/3597/3524 3736/3841/3736
f 3767/3876/3767 3766/3875/3766 3736/3841/3736 3731/3836/3731
f 3768/3877/3768 3546/3619/3546 3544/3617/3544 3766/3875/3766
f 3769/3878/3769 3768/3877/3768 3766/3875/3766 3767/3876/3767
f 3755/3860/3755 3770/3879/3770 3729/3834/3729 3728/3833/3728
f 3758/3863/3758 3771/3880/3771 3770/3879/3770 3755/3860/3755
f 3770/3879/3770 3767/3876/3767 3731/3836/3731 3729/3834/3729
f 3771/3880/3771 3769/3878/3769 3767/3876/3767 3770/3879/3770
f 3772/3881/3772 3764/3871/3764 3295/3343/3295 3326/3374/3326
f 3773/3882/3773 3772/3881/3772 3326/3374/3326 3324/3372/3324
f 3771/3883/3771 3758/3873/3758 3764/3871/3764 3772/3881/3772
f 3769/3884/3769 3771/3883/3771 3772/3881/3772 3773/3882/3773
f 3549/3622/3549 3774/3885/3774 3322/3370/3322 2789/2837/2789
f 3546/3625/3546 3768/3886/3768 3774/3885/3774 3549/3622/3549
f 3774/3885/3774 3773/3882/3773 3324/3372/3324 3322/3370/3322
f 3768/3886/3768 3769/3884/3769 3773/3882/3773 3774/3885/3774
f 3775/3887/3775 3776/3888/3776 2272/2320/2272 2355/2403/2355
f 3777/3889/3777 3775/3887/3775 2355/2403/2355 2353/2401/2353
f 3778/3890/3778 3779/3891/3779 3776/3888/3776 3775/3887/3775
f 3780/3892/3780 3778/3890/3778 3775/3887/3775 3777/3889/3777
f 2342/2390/2342 3781/3893/3781 2351/2399/2351 2343/2391/2343
f 2339/2387/2339 3782/3894/3782 3781/3893/3781 2342/2390/2342
f 3781/3893/3781 3777/3889/3777 2353/2401/2353 2351/2399/2351
f 3782/3894/3782 3780/3892/3780 3777/3889/3777 3781/3893/3781
f 3783/3895/3783 2337/2385/2337 2336/2384/2336 3784/3896/3784
f 3785/3897/3785 3783/3895/3783 3784/3896/3784 3786/3898/3786
f 3782/3894/3782 2339/2387/2339 2337/2385/2337 3783/3895/3783
f 3780/3892/3780 3782/3894/3782 3783/3895/3783 3785/3897/3785
f 3787/3899/3787 3788/3900/3788 3789/3901/3789 3790/3902/3790
f 3779/3891/3779 3778/3890/3778 3788/3900/3788 3787/3899/3787
f 3788/3900/3788 3785/3897/3785 3786/3898/3786 3789/3901/3789
f 3778/3890/3778 3780/3892/3780 3785/3897/3785 3788/3900/3788
f 3791/3903/3791 3792/3904/3792 3790/3902/3790 3789/3901/3789
f 3793/3905/3793 3791/3903/3791 3789/3901/3789 3786/3898/3786
f 3794/3906/3794 3795/3907/3795 3792/3904/3792 3791/3903/3791
f 3796/3908/3796 3794/3906/3794 3791/3903/3791 3793/3905/3793
f 2419/2467/2419 3797/3909/3797 3784/3896/3784 2336/2384/2336
f 2417/2465/2417 3798/3910/3798 3797/3909/3797 2419/2467/2419
f 3797/3909/3797 3793/3905/3793 3786/3898/3786 3784/3896/3784
f 3798/3910/3798 3796/3908/3796 3793/3905/3793 3797/3909/3797
f 3799/3911/3799 2415/2463/2415 2407/2455/2407 2406/2454/2406
f 3800/3912/3800 3799/3911/3799 2406/2454/2406 2403/2451/2403
f 3798/3910/3798 2417/2465/2417 2415/2463/2415 3799/3911/3799
f 3796/3908/3796 3798/3910/3798 3799/3911/3799 3800/3912/3800
f 3801/3913/3801 3802/3914/3802 2401/2449/2401 2400/2448/2400
f 3795/3907/3795 3794/3906/3794 3802/3914/3802 3801/3913/3801
f 3802/3914/3802 3800/3912/3800 2403/2451/2403 2401/2449/2401
f 3794/3906/3794 3796/3908/3796 3800/3912/3800 3802/3914/3802
f 3803/3915/3803 3804/3916/3804 2279/2327/2279 2278/2326/2278
f 3805/3917/3805 3803/3915/3803 2278/2326/2278 2275/2323/2275
f 3806/3918/3806 3807/3919/3807 3804/3916/3804 3803/3915/3803
f 3808/3920/3808 3806/3918/3806 3803/3915/3803 3805/3917/3805
f 3776/3888/3776 3809/3921/3809 2273/2321/2273 2272/2320/2272
f 3779/3891/3779 3810/3922/3810 3809/3921/3809 3776/3888/3776
f 3809/3921/3809 3805/3917/3805 2275/2323/2275 2273/2321/2273
f 3810/3922/3810 3808/3920/3808 3805/3917/3805 3809/3921/3809
f 3811/3923/3811 3787/3899/3787 3790/3902/3790 3812/3924/3812
f 3813/3925/3813 3811/3923/3811 3812/3924/3812 3814/3926/3814
f 3810/3922/3810 3779/3891/3779 3787/3899/3787 3811/3923/3811
f 3808/3920/3808 3810/3922/3810 3811/3923/3811 3813/3925/3813
f 3815/3927/3815 3816/3928/3816 3817/3929/3817 3818/3930/3818
f 3807/3919/3807 3806/3918/3806 3816/3928/3816 3815/3927/3815
f 3816/3928/3816 3813/3925/3813 3814/3926/3814 3817/3929/3817
f 3806/3918/3806 3808/3920/3808 3813/3925/3813 3816/3928/3816
f 3819/3931/3819 3820/3932/3820 3818/3930/3818 3817/3929/3817
f 3821/3933/3821 3819/3931/3819 3817/3929/3817 3814/3926/3814
f 3822/3934/3822 3823/3935/3823 3820/3932/3820 3819/3931/3819
f 3824/3936/3824 3822/3934/3822 3819/3931/3819 3821/3933/3821
f 3792/3904/3792 3825/3937/3825 3812/3924/3812 3790/3902/3790
f 3795/3907/3795 3826/3938/3826 3825/3937/3825 3792/3904/3792
f 3825/3937/3825 3821/3933/3821 3814/3926/3814 3812/3924/3812
f 3826/3938/3826 3824/3936/3824 3821/3933/3821 3825/3937/3825
f 3827/3939/3827 3801/3913/3801 2400/2448/2400 2482/2530/2482
f 3828/3940/3828 3827/3939/3827 2482/2530/2482 2480/2528/2480
f 3826/3938/3826 3795/3907/3795 3801/3913/3801 3827/3939/3827
f 3824/3936/3824 3826/3938/3826 3827/3939/3827 3828/3940/3828
f 3829/3941/3829 3830/3942/3830 2478/2526/2478 2470/2518/2470
f 3823/3935/3823 3822/3934/3822 3830/3942/3830 3829/3941/3829
f 3830/3942/3830 3828/3940/3828 2480/2528/2480 2478/2526/2478
f 3822/3934/3822 3824/3936/3824 3828/3940/3828 3830/3942/3830
f 3831/3943/3831 3832/3944/3832 2208/2256/2208 2291/2339/2291
f 3833/3945/3833 3831/3943/3831 2291/2339/2291 2289/2337/2289
f 3834/3946/3834 3835/3947/3835 3832/3944/3832 3831/3943/3831
f 3836/3948/3836 3834/3946/3834 3831/3943/3831 3833/3945/3833
f 3804/3916/3804 3837/3949/3837 2287/2335/2287 2279/2327/2279
f 3807/3919/3807 3838/3950/3838 3837/3949/3837 3804/3916/3804
f 3837/3949/3837 3833/3945/3833 2289/2337/2289 2287/2335/2287
f 3838/3950/3838 3836/3948/3836 3833/3945/3833 3837/3949/3837
f 3839/3951/3839 3815/3927/3815 3818/3930/3818 3840/3952/3840
f 3841/3953/3841 3839/3951/3839 3840/3952/3840 3842/3954/3842
f 3838/3950/3838 3807/3919/3807 3815/3927/3815 3839/3951/3839
f 3836/3948/3836 3838/3950/3838 3839/3951/3839 3841/3953/3841
f 3843/3955/3843 3844/3956/3844 3845/3957/3845 3846/3958/3846
f 3835/3947/3835 3834/3946/3834 3844/3956/3844 3843/3955/3843
f 3844/3956/3844 3841/3953/3841 3842/3954/3842 3845/3957/3845
f 3834/3946/3834 3836/3948/3836 3841/3953/3841 3844/3956/3844
f 3847/3959/3847 3848/3960/3848 3846/3958/3846 3845/3957/3845
f 3849/3961/3849 3847/3959/3847 3845/3957/3845 3842/3954/3842
f 3850/3962/3850 3851/3963/3851 3848/3960/3848 3847/3959/3847
f 3852/3964/3852 3850/3962/3850 3847/3959/3847 3849/3961/3849
f 3820/3932/3820 3853/3965/3853 3840/3952/3840 3818/3930/3818
f 3823/3935/3823 3854/3966/3854 3853/3965/3853 3820/3932/3820
f 3853/3965/3853 3849/3961/3849 3842/3954/3842 3840/3952/3840
f 3854/3966/3854 3852/3964/3852 3849/3961/3849 3853/3965/3853
f 3855/3967/3855 3829/3941/3829 2470/2518/2470 2469/2517/2469
f 3856/3968/3856 3855/3967/3855 2469/2517/2469 2466/2514/2466
f 3854/3966/3854 3823/3935/3823 3829/3941/3829 3855/3967/3855
f 3852/3964/3852 3854/3966/3854 3855/3967/3855 3856/3968/3856
f 3857/3969/3857 3858/3970/3858 2464/2512/2464 2012/2060/2012
f 3851/3963/3851 3850/3962/3850 3858/3970/3858 3857/3969/3857
f 3858/3970/3858 3856/3968/3856 2466/2514/2466 2464/2512/2464
f 3850/3962/3850 3852/3964/3852 3856/3968/3856 3858/3970/3858
f 3859/3971/3859 3860/3972/3860 2215/2263/2215 2214/2262/2214
f 3861/3973/3861 3859/3971/3859 2214/2262/2214 2211/2259/2211
f 3862/3974/3862 3863/3975/3863 3860/3972/3860 3859/3971/3859
f 3864/3976/3864 3862/3974/3862 3859/3971/3859 3861/3973/3861
f 3832/3944/3832 3865/3977/3865 2209/2257/2209 2208/2256/2208
f 3835/3947/3835 3866/3978/3866 3865/3977/3865 3832/3944/3832
f 3865/3977/3865 3861/3973/3861 2211/2259/2211 2209/2257/2209
f 3866/3978/3866 3864/3976/3864 3861/3973/3861 3865/3977/3865
f 3867/3979/3867 3843/3955/3843 3846/3958/3846 3868/3980/3868
f 3869/3981/3869 3867/3979/3867 3868/3980/3868 3870/3982/3870
f 3866/3978/3866 3835/3947/3835 3843/3955/3843 3867/3979/3867
f 3864/3976/3864 3866/3978/3866 3867/3979/3867 3869/3981/3869
f 3871/3983/3871 3872/3984/3872 3873/3985/3873 3874/3986/3874
f 3863/3975/3863 3862/3974/3862 3872/3984/3872 3871/3983/3871
f 3872/3984/3872 3869/3981/3869 3870/3982/3870 3873/3985/3873
f 3862/3974/3862 3864/3976/3864 3869/3981/3869 3872/3984/3872
f 3875/3987/3875 3876/3988/3876 3874/3986/3874 3873/3985/3873
f 3877/3989/3877 3875/3987/3875 3873/3985/3873 3870/3982/3870
f 3878/3990/3878 3879/3991/3879 3876/3988/3876 3875/3987/3875
f 3880/3992/3880 3878/3990/3878 3875/3987/3875 3877/3989/3877
f 3848/3960/3848 3881/3993/3881 3868/3980/3868 3846/3958/3846
f 3851/3963/3851 3882/3994/3882 3881/3993/3881 3848/3960/3848
f 3881/3993/3881 3877/3989/3877 3870/3982/3870 3868/3980/3868
f 3882/3994/3882 3880/3992/3880 3877/3989/3877 3881/3993/3881
f 3883/3995/3883 3857/3969/3857 2012/2060/2012 2011/2059/2011
f 3884/3996/3884 3883/3995/3883 2011/2059/2011 2008/2056/2008
f 3882/3994/3882 3851/3963/3851 3857/3969/3857 3883/3995/3883
f 3880/3992/3880 3882/3994/3882 3883/3995/3883 3884/3996/3884
f 3885/3997/3885 3886/3998/3886 2006/2054/2006 1996/2044/1996
f 3879/3991/3879 3878/3990/3878 3886/3998/3886 3885/3997/3885
f 3886/3998/3886 3884/3996/3884 2008/2056/2008 2006/2054/2006
f 3878/3990/3878 3880/3992/3880 3884/3996/3884 3886/3998/3886
f 3887/3999/3887 3888/4000/3888 2137/2185/2137 2227/2275/2227
f 3889/4001/3889 3887/3999/3887 2227/2275/2227 2225/2273/2225
f 3890/4002/3890 3891/4003/3891 3888/4000/3888 3887/3999/3887
f 3892/4004/3892 3890/4002/3890 3887/3999/3887 3889/4001/3889
f 3860/3972/3860 3893/4005/3893 2223/2271/2223 2215/2263/2215
f 3863/3975/3863 3894/4006/3894 3893/4005/3893 3860/3972/3860
f 3893/4005/3893 3889/4001/3889 2225/2273/2225 2223/2271/2223
f 3894/4006/3894 3892/4004/3892 3889/4001/3889 3893/4005/3893
f 3895/4007/3895 3871/3983/3871 3874/3986/3874 3896/4008/3896
f 3897/4009/3897 3895/4007/3895 3896/4008/3896 3898/4010/3898
f 3894/4006/3894 3863/3975/3863 3871/3983/3871 3895/4007/3895
f 3892/4004/3892 3894/4006/3894 3895/4007/3895 3897/4009/3897
f 3899/4011/3899 3900/4012/3900 3901/4013/3901 3902/4014/3902
f 3891/4003/3891 3890/4002/3890 3900/4012/3900 3899/4011/3899
f 3900/4012/3900 3897/4009/3897 3898/4010/3898 3901/4013/3901
f 3890/4002/3890 3892/4004/3892 3897/4009/3897 3900/4012/3900
f 3903/4015/3903 3904/4016/3904 3902/4014/3902 3901/4013/3901
f 3905/4017/3905 3903/4015/3903 3901/4013/3901 3898/4010/3898
f 3906/4018/3906 3907/4019/3907 3904/4016/3904 3903/4015/3903
f 3908/4020/3908 3906/4018/3906 3903/4015/3903 3905/4017/3905
f 3876/3988/3876 3909/4021/3909 3896/4008/3896 3874/3986/3874
f 3879/3991/3879 3910/4022/3910 3909/4021/3909 3876/3988/3876
f 3909/4021/3909 3905/4017/3905 3898/4010/3898 3896/4008/3896
f 3910/4022/3910 3908/4020/3908 3905/4017/3905 3909/4021/3909
f 3911/4023/3911 3885/3997/3885 1996/2044/1996 1995/2043/1995
f 3912/4024/3912 3911/4023/3911 1995/2043/1995 1992/2040/1992
f 3910/4022/3910 3879/3991/3879 3885/3997/3885 3911/4023/3911
f 3908/4020/3908 3910/4022/3910 3911/4023/3911 3912/4024/3912
f 3913/4025/3913 3914/4026/3914 1990/2038/1990 1989/2037/1989
f 3907/4019/3907 3906/4018/3906 3914/4026/3914 3913/4025/3913
f 3914/4026/3914 3912/4024/3912 1992/2040/1992 1990/2038/1990
f 3906/4018/3906 3908/4020/3908 3912/4024/3912 3914/4026/3914
f 3915/4027/3915 3899/4011/3899 3902/4014/3902 3916/4028/3916
f 3917/4029/3917 3915/4027/3915 3916/4028/3916 3918/4030/3918
f 3919/4031/3919 3891/4003/3891 3899/4011/3899 3915/4027/3915
f 3920/4032/3920 3919/4031/3919 3915/4027/3915 3917/4029/3917
f 2156/2204/2156 3921/4033/3921 3922/4034/3922 2065/2113/2065
f 2154/2202/2154 3923/4035/3923 3921/4033/3921 2156/2204/2156
f 3921/4033/3921 3917/4029/3917 3918/4030/3918 3922/4034/3922
f 3923/4035/3923 3920/4032/3920 3917/4029/3917 3921/4033/3921
f 3924/4036/3924 2152/2200/2152 2144/2192/2144 2143/2191/2143
f 3925/4037/3925 3924/4036/3924 2143/2191/2143 2140/2188/2140
f 3923/4035/3923 2154/2202/2154 2152/2200/2152 3924/4036/3924
f 3920/4032/3920 3923/4035/3923 3924/4036/3924 3925/4037/3925
f 3888/4000/3888 3926/4038/3926 2138/2186/2138 2137/2185/2137
f 3891/4003/3891 3919/4031/3919 3926/4038/3926 3888/4000/3888
f 3926/4038/3926 3925/4037/3925 2140/2188/2140 2138/2186/2138
f 3919/4031/3919 3920/4032/3920 3925/4037/3925 3926/4038/3926
f 3927/4039/3927 3913/4025/3913 1989/2037/1989 2084/2132/2084
f 3928/4040/3928 3927/4039/3927 2084/2132/2084 2082/2130/2082
f 3929/4041/3929 3907/4019/3907 3913/4025/3913 3927/4039/3927
f 3930/4042/3930 3929/4041/3929 3927/4039/3927 3928/4040/3928
f 2071/2119/2071 3931/4043/3931 2080/2128/2080 2072/2120/2072
f 2068/2116/2068 3932/4044/3932 3931/4043/3931 2071/2119/2071
f 3931/4043/3931 3928/4040/3928 2082/2130/2082 2080/2128/2080
f 3932/4044/3932 3930/4042/3930 3928/4040/3928 3931/4043/3931
f 3933/4045/3933 2066/2114/2066 2065/2113/2065 3922/4034/3922
f 3934/4046/3934 3933/4045/3933 3922/4034/3922 3918/4030/3918
f 3932/4044/3932 2068/2116/2068 2066/2114/2066 3933/4045/3933
f 3930/4042/3930 3932/4044/3932 3933/4045/3933 3934/4046/3934
f 3904/4016/3904 3935/4047/3935 3916/4028/3916 3902/4014/3902
f 3907/4019/3907 3929/4041/3929 3935/4047/3935 3904/4016/3904
f 3935/4047/3935 3934/4046/3934 3918/4030/3918 3916/4028/3916
f 3929/4041/3929 3930/4042/3930 3934/4046/3934 3935/4047/3935
f 3936/4048/3936 3937/4049/3937 3938/4050/3938 3939/4051/3939
f 3940/4052/3940 3936/4048/3936 3939/4051/3939 3941/4053/3941
f 3942/4054/3942 3943/4055/3943 3937/4049/3937 3936/4048/3936
f 3944/4056/3944 3942/4054/3942 3936/4048/3936 3940/4052/3940
f 3108/3156/3108 3945/4057/3945 3946/4058/2852 3109/3157/3109
f 3105/3153/3105 3947/4059/3946 3945/4057/3945 3108/3156/3108
f 3945/4057/3945 3940/4052/3940 3941/4053/3941 3946/4058/2852
f 3947/4059/3946 3944/4056/3944 3940/4052/3940 3945/4057/3945
f 3948/4060/3947 3101/3149/3101 3104/3152/3104 3145/3193/3145
f 3949/4061/3948 3948/4060/3947 3145/3193/3145 3148/3196/3148
f 3947/4059/3946 3105/3153/3105 3101/3149/3101 3948/4060/3947
f 3944/4056/3944 3947/4059/3946 3948/4060/3947 3949/4061/3948
f 3950/4062/3949 3951/4063/3950 3154/3202/3154 3045/3093/3045
f 3943/4055/3943 3942/4054/3942 3951/4063/3950 3950/4062/3949
f 3951/4063/3950 3949/4061/3948 3148/3196/3148 3154/3202/3154
f 3942/4054/3942 3944/4056/3944 3949/4061/3948 3951/4063/3950
f 3952/4064/3951 3953/4065/3952 3173/3221/3173 3172/3220/3172
f 3954/4066/3953 3952/4064/3951 3172/3220/3172 3169/3217/3169
f 3955/4067/3954 3956/4068/3955 3953/4065/3952 3952/4064/3951
f 3957/4069/3956 3955/4067/3954 3952/4064/3951 3954/4066/3953
f 3209/3257/3209 3958/4070/3957 3165/3213/3165 3168/3216/3168
f 3212/3260/3212 3959/4071/3958 3958/4070/3957 3209/3257/3209
f 3958/4070/3957 3954/4066/3953 3169/3217/3169 3165/3213/3165
f 3959/4071/3958 3957/4069/3956 3954/4066/3953 3958/4070/3957
f 3960/4072/3959 3218/3266/3218 3109/3157/3109 3946/4058/2852
f 3961/4073/3960 3960/4072/3959 3946/4058/2852 3941/4053/3941
f 3959/4071/3958 3212/3260/3212 3218/3266/3218 3960/4072/3959
f 3957/4069/3956 3959/4071/3958 3960/4072/3959 3961/4073/3960
f 3962/4074/3961 3963/4075/3962 3939/4051/3939 3938/4050/3938
f 3956/4068/3955 3955/4067/3954 3963/4075/3962 3962/4074/3961
f 3963/4075/3962 3961/4073/3960 3941/4053/3941 3939/4051/3939
f 3955/4067/3954 3957/4069/3956 3961/4073/3960 3963/4075/3962
f 3964/4076/3963 3965/4077/3964 3966/4078/3965 3967/4079/3966
f 3968/4080/3967 3964/4076/3963 3967/4079/3966 3969/4081/3968
f 3970/4082/3969 3971/4083/3970 3965/4077/3964 3964/4076/3963
f 3972/4084/3971 3970/4082/3969 3964/4076/3963 3968/4080/3967
f 3937/4049/3937 3973/4085/3972 3974/4086/3973 3938/4050/3938
f 3943/4055/3943 3975/4087/3974 3973/4085/3972 3937/4049/3937
f 3973/4085/3972 3968/4080/3967 3969/4081/3968 3974/4086/3973
f 3975/4087/3974 3972/4084/3971 3968/4080/3967 3973/4085/3972
f 3976/4088/3975 3950/4062/3949 3045/3093/3045 3044/3092/3044
f 3977/4089/3976 3976/4088/3975 3044/3092/3044 3041/3089/3041
f 3975/4087/3974 3943/4055/3943 3950/4062/3949 3976/4088/3975
f 3972/4084/3971 3975/4087/3974 3976/4088/3975 3977/4089/3976
f 3978/4090/3977 3979/4091/3978 3037/3085/3037 3040/3088/3040
f 3971/4083/3970 3970/4082/3969 3979/4091/3978 3978/4090/3977
f 3979/4091/3978 3977/4089/3976 3041/3089/3041 3037/3085/3037
f 3970/4082/3969 3972/4084/3971 3977/4089/3976 3979/4091/3978
f 3980/4092/3979 3981/4093/3980 3232/3280/3232 3272/3320/3272
f 3982/4094/3981 3980/4092/3979 3272/3320/3272 3275/3323/3275
f 3983/4095/3982 3984/4096/3983 3981/4093/3980 3980/4092/3979
f 3985/4097/3984 3983/4095/3982 3980/4092/3979 3982/4094/3981
f 3953/4065/3952 3986/4098/3985 3281/3329/3281 3173/3221/3173
f 3956/4068/3955 3987/4099/3986 3986/4098/3985 3953/4065/3952
f 3986/4098/3985 3982/4094/3981 3275/3323/3275 3281/3329/3281
f 3987/4099/3986 3985/4097/3984 3982/4094/3981 3986/4098/3985
f 3988/4100/3987 3962/4074/3961 3938/4050/3938 3974/4086/3973
f 3989/4101/3988 3988/4100/3987 3974/4086/3973 3969/4081/3968
f 3987/4099/3986 3956/4068/3955 3962/4074/3961 3988/4100/3987
f 3985/4097/3984 3987/4099/3986 3988/4100/3987 3989/4101/3988
f 3990/4102/3989 3991/4103/3990 3967/4079/3966 3966/4078/3965
f 3984/4096/3983 3983/4095/3982 3991/4103/3990 3990/4102/3989
f 3991/4103/3990 3989/4101/3988 3969/4081/3968 3967/4079/3966
f 3983/4095/3982 3985/4097/3984 3989/4101/3988 3991/4103/3990
f 3992/4104/3991 3993/4105/3992 3994/4106/3993 3995/4107/3994
f 3996/4108/3995 3992/4104/3991 3995/4107/3994 3997/4109/3996
f 3998/4110/3997 3999/4111/3998 3993/4105/3992 3992/4104/3991
f 4000/4112/3999 3998/4110/3997 3992/4104/3991 3996/4108/3995
f 3965/4077/3964 4001/4113/4000 4002/4114/4001 3966/4078/3965
f 3971/4083/3970 4003/4115/4002 4001/4113/4000 3965/4077/3964
f 4001/4113/4000 3996/4108/3995 3997/4109/3996 4002/4114/4001
f 4003/4115/4002 4000/4112/3999 3996/4108/3995 4001/4113/4000
f 4004/4116/4003 3978/4090/3977 3040/3088/3040 3081/3129/3081
f 4005/4117/4004 4004/4116/4003 3081/3129/3081 3084/3132/3084
f 4003/4115/4002 3971/4083/3970 3978/4090/3977 4004/4116/4003
f 4000/4112/3999 4003/4115/4002 4004/4116/4003 4005/4117/4004
f 4006/4118/4005 4007/4119/4006 3090/3138/3090 2974/3022/2974
f 3999/4111/3998 3998/4110/3997 4007/4119/4006 4006/4118/4005
f 4007/4119/4006 4005/4117/4004 3084/3132/3084 3090/3138/3090
f 3998/4110/3997 4000/4112/3999 4005/4117/4004 4007/4119/4006
f 4008/4120/4007 4009/4121/4008 2812/2860/2812 3236/3284/3236
f 4010/4122/4009 4008/4120/4007 3236/3284/3236 3233/3281/3233
f 4011/4123/4010 4012/4124/4011 4009/4121/4008 4008/4120/4007
f 4013/4125/4012 4011/4123/4010 4008/4120/4007 4010/4122/4009
f 3981/4093/3980 4014/4126/4013 3229/3277/3229 3232/3280/3232
f 3984/4096/3983 4015/4127/4014 4014/4126/4013 3981/4093/3980
f 4014/4126/4013 4010/4122/4009 3233/3281/3233 3229/3277/3229
f 4015/4127/4014 4013/4125/4012 4010/4122/4009 4014/4126/4013
f 4016/4128/4015 3990/4102/3989 3966/4078/3965 4002/4114/4001
f 4017/4129/4016 4016/4128/4015 4002/4114/4001 3997/4109/3996
f 4015/4127/4014 3984/4096/3983 3990/4102/3989 4016/4128/4015
f 4013/4125/4012 4015/4127/4014 4016/4128/4015 4017/4129/4016
f 4018/4130/4017 4019/4131/4018 3995/4107/3994 3994/4106/3993
f 4012/4124/4011 4011/4123/4010 4019/4131/4018 4018/4130/4017
f 4019/4131/4018 4017/4129/4016 3997/4109/3996 3995/4107/3994
f 4011/4123/4010 4013/4125/4012 4017/4129/4016 4019/4131/4018
f 4020/4132/4019 4021/4133/4020 4022/4134/4021 4023/4135/4022
f 4024/4136/4023 4020/4132/4019 4023/4135/4022 4025/4137/4024
f 4026/4138/4025 4027/4139/4026 4021/4133/4020 4020/4132/4019
f 4028/4140/4027 4026/4138/4025 4020/4132/4019 4024/4136/4023
f 3993/4105/3992 4029/4141/4028 4030/4142/4029 3994/4106/3993
f 3999/4111/3998 4031/4143/4030 4029/4141/4028 3993/4105/3992
f 4029/4141/4028 4024/4136/4023 4025/4137/4024 4030/4142/4029
f 4031/4143/4030 4028/4140/4027 4024/4136/4023 4029/4141/4028
f 4032/4144/4031 4006/4118/4005 2974/3022/2974 2973/3021/2973
f 4033/4145/4032 4032/4144/4031 2973/3021/2973 2970/3018/2970
f 4031/4143/4030 3999/4111/3998 4006/4118/4005 4032/4144/4031
f 4028/4140/4027 4031/4143/4030 4032/4144/4031 4033/4145/4032
f 4034/4146/4033 4035/4147/4034 2966/3014/2966 2969/3017/2969
f 4027/4139/4026 4026/4138/4025 4035/4147/4034 4034/4146/4033
f 4035/4147/4034 4033/4145/4032 2970/3018/2970 2966/3014/2966
f 4026/4138/4025 4028/4140/4027 4033/4145/4032 4035/4147/4034
f 4036/4148/4035 4037/4149/4036 2744/2792/2744 2798/2846/2798
f 4038/4150/4037 4036/4148/4035 2798/2846/2798 2801/2849/2801
f 4039/4151/4038 4040/4152/4039 4037/4149/4036 4036/4148/4035
f 4041/4153/4040 4039/4151/4038 4036/4148/4035 4038/4150/4037
f 4009/4121/4008 4042/4154/4041 2809/2857/2809 2812/2860/2812
f 4012/4124/4011 4043/4155/4042 4042/4154/4041 4009/4121/4008
f 4042/4154/4041 4038/4150/4037 2801/2849/2801 2809/2857/2809
f 4043/4155/4042 4041/4153/4040 4038/4150/4037 4042/4154/4041
f 4044/4156/4043 4018/4130/4017 3994/4106/3993 4030/4142/4029
f 4045/4157/4044 4044/4156/4043 4030/4142/4029 4025/4137/4024
f 4043/4155/4042 4012/4124/4011 4018/4130/4017 4044/4156/4043
f 4041/4153/4040 4043/4155/4042 4044/4156/4043 4045/4157/4044
f 4046/4158/4045 4047/4159/4046 4023/4135/4022 4022/4134/4021
f 4040/4152/4039 4039/4151/4038 4047/4159/4046 4046/4158/4045
f 4047/4159/4046 4045/4157/4044 4025/4137/4024 4023/4135/4022
f 4039/4151/4038 4041/4153/4040 4045/4157/4044 4047/4159/4046
f 4048/4160/4047 4049/4161/4048 4050/4162/4049 4051/4163/4050
f 4052/4164/4051 4048/4160/4047 4051/4163/4050 4053/4165/4052
f 4054/4166/4053 4055/4167/4054 4049/4161/4048 4048/4160/4047
f 4056/4168/4055 4054/4166/4053 4048/4160/4047 4052/4164/4051
f 4021/4133/4020 4057/4169/4056 4058/4170/4057 4022/4134/4021
f 4027/4139/4026 4059/4171/4058 4057/4169/4056 4021/4133/4020
f 4057/4169/4056 4052/4164/4051 4053/4165/4052 4058/4170/4057
f 4059/4171/4058 4056/4168/4055 4052/4164/4051 4057/4169/4056
f 4060/4172/4059 4034/4146/4033 2969/3017/2969 3017/3065/3017
f 4061/4173/4060 4060/4172/4059 3017/3065/3017 3020/3068/3020
f 4059/4171/4058 4027/4139/4026 4034/4146/4033 4060/4172/4059
f 4056/4168/4055 4059/4171/4058 4060/4172/4059 4061/4173/4060
f 4062/4174/4061 4063/4175/4062 3026/3074/3026 2902/2950/2902
f 4055/4167/4054 4054/4166/4053 4063/4175/4062 4062/4174/4061
f 4063/4175/4062 4061/4173/4060 3020/3068/3020 3026/3074/3026
f 4054/4166/4053 4056/4168/4055 4061/4173/4060 4063/4175/4062
f 4064/4176/4063 4065/4177/4064 2749/2797/2749 2748/2796/2748
f 4066/4178/4065 4064/4176/4063 2748/2796/2748 2745/2793/2745
f 4067/4179/4066 4068/4180/4067 4065/4177/4064 4064/4176/4063
f 4069/4181/4068 4067/4179/4066 4064/4176/4063 4066/4178/4065
f 4037/4149/4036 4070/4182/4069 2741/2789/2741 2744/2792/2744
f 4040/4152/4039 4071/4183/4070 4070/4182/4069 4037/4149/4036
f 4070/4182/4069 4066/4178/4065 2745/2793/2745 2741/2789/2741
f 4071/4183/4070 4069/4181/4068 4066/4178/4065 4070/4182/4069
f 4072/4184/4071 4046/4158/4045 4022/4134/4021 4058/4170/4057
f 4073/4185/4072 4072/4184/4071 4058/4170/4057 4053/4165/4052
f 4071/4183/4070 4040/4152/4039 4046/4158/4045 4072/4184/4071
f 4069/4181/4068 4071/4183/4070 4072/4184/4071 4073/4185/4072
f 4074/4186/4073 4075/4187/4074 4051/4163/4050 4050/4162/4049
f 4068/4180/4067 4067/4179/4066 4075/4187/4074 4074/4186/4073
f 4075/4187/4074 4073/4185/4072 4053/4165/4052 4051/4163/4050
f 4067/4179/4066 4069/4181/4068 4073/4185/4072 4075/4187/4074
f 4076/4188/4075 4062/4174/4061 2902/2950/2902 2901/2949/2901
f 4077/4189/4076 4076/4188/4075 2901/2949/2901 2898/2946/2898
f 4078/4190/4077 4055/4167/4054 4062/4174/4061 4076/4188/4075
f 4079/4191/4078 4078/4190/4077 4076/4188/4075 4077/4189/4076
f 2946/2994/2946 4080/4192/4079 2894/2942/2894 2897/2945/2897
f 2949/2997/2949 4081/4193/4080 4080/4192/4079 2946/2994/2946
f 4080/4192/4079 4077/4189/4076 2898/2946/2898 2894/2942/2894
f 4081/4193/4080 4079/4191/4078 4077/4189/4076 4080/4192/4079
f 4082/4194/4081 2955/3003/2955 2830/2878/2830 4083/4195/4082
f 4084/4196/4083 4082/4194/4081 4083/4195/4082 4085/4197/4084
f 4081/4193/4080 2949/2997/2949 2955/3003/2955 4082/4194/4081
f 4079/4191/4078 4081/4193/4080 4082/4194/4081 4084/4196/4083
f 4049/4161/4048 4086/4198/4085 4087/4199/4086 4050/4162/4049
f 4055/4167/4054 4078/4190/4077 4086/4198/4085 4049/4161/4048
f 4086/4198/4085 4084/4196/4083 4085/4197/4084 4087/4199/4086
f 4078/4190/4077 4079/4191/4078 4084/4196/4083 4086/4198/4085
f 4088/4200/4087 4074/4186/4073 4050/4162/4049 4087/4199/4086
f 4089/4201/4088 4088/4200/4087 4087/4199/4086 4085/4197/4084
f 4090/4202/4089 4068/4180/4067 4074/4186/4073 4088/4200/4087
f 4091/4203/4090 4090/4202/4089 4088/4200/4087 4089/4201/4088
f 2829/2877/2829 4092/4204/4091 4083/4195/4082 2830/2878/2830
f 2826/2874/2826 4093/4205/4092 4092/4204/4091 2829/2877/2829
f 4092/4204/4091 4089/4201/4088 4085/4197/4084 4083/4195/4082
f 4093/4205/4092 4091/4203/4090 4089/4201/4088 4092/4204/4091
f 4094/4206/4093 2822/2870/2822 2825/2873/2825 2874/2922/2874
f 4095/4207/4094 4094/4206/4093 2874/2922/2874 2877/2925/2877
f 4093/4205/4092 2826/2874/2826 2822/2870/2822 4094/4206/4093
f 4091/4203/4090 4093/4205/4092 4094/4206/4093 4095/4207/4094
f 4065/4177/4064 4096/4208/4095 2883/2931/2883 2749/2797/2749
f 4068/4180/4067 4090/4202/4089 4096/4208/4095 4065/4177/4064
f 4096/4208/4095 4095/4207/4094 2877/2925/2877 2883/2931/2883
f 4090/4202/4089 4091/4203/4090 4095/4207/4094 4096/4208/4095
